[{"stream_name":"stderr","time":1.188552988,"data":"Cloning into '/kaggle/working/repo'...\n"}
,{"stream_name":"stdout","time":3.085136236,"data":"VRAM 0 MiB, 4 CPUs, tracks ['qwen3_8b']\n"}
,{"stream_name":"stdout","time":3.085192959,"data":"$ git -C /kaggle/working/repo log -1 --format='repo at %h %s'\n"}
,{"stream_name":"stdout","time":3.09066338,"data":"repo at af4cbd4 v3 head-to-head: white-box writer wb2 (held-out 19.5 g median / 15.5 g p25)\n"}
,{"stream_name":"stdout","time":3.09140287,"data":"$ pip -q install gymnasium\n"}
,{"stream_name":"stdout","time":11.844415244,"data":"$ apt-get -qq update \u003e/dev/null 2\u003e\u00261; apt-get -qq install -y zstd \u003e/dev/null 2\u003e\u00261\n"}
,{"stream_name":"stdout","time":30.884382682000002,"data":"$ curl -fsSL https://ollama.com/install.sh | sh\n"}
,{"stream_name":"stderr","time":32.029583389,"data":"\u003e\u003e\u003e Installing ollama to /usr/local\n"}
,{"stream_name":"stderr","time":32.494698389,"data":"\u003e\u003e\u003e Downloading ollama-linux-amd64.tar.zst\n"}
,{"stream_name":"stderr","time":43.769836457,"data":"#=#=#                                                                         \r##O#-#                                                                        \r##O=#  #                                                                      \r#=#=-#  #                                                                     \r\r                                                                           0.1%\r                                                                           0.6%\r#                                                                          1.7%\r##                                                                         3.2%\r###                                                                        4.8%\r####                                                                       6.3%\r#####                                                                      7.5%\r######                                                                     9.0%\r#######                                                                   10.4%\r########                                                                  12.0%\r#########                                                                 13.4%\r##########                                                                14.6%\r###########                                                               15.6%\r############                                                              16.7%\r############                                                              17.9%\r#############                                                             19.0%\r##############                                                            20.2%\r###############                                                           21.4%\r################                                                          22.9%\r#################                                                         24.2%\r##################                                                        25.3%\r##################                                                        25.9%\r###################                                                       26.6%\r###################                                                       27.2%\r####################                                                      28.0%\r####################                                                      28.7%\r####################                                                      29.0%\r#####################                                                     29.6%\r#####################                                                     30.3%\r#####################                                                     30.4%\r######################                                                    30.6%\r######################                                                    30.8%\r######################                                                    31.4%\r######################                                                    31.7%\r#######################                                                   32.1%\r#######################                                                   32.5%\r#######################                                                   32.8%\r########################                                                  33.6%\r########################                                                  34.3%\r#########################                                                 35.0%\r#########################                                                 36.0%\r##########################                                                37.0%\r###########################                                               37.7%\r############################                                              38.9%\r############################                                              39.5%\r############################                                              40.0%\r#############################                                             40.6%\r#############################                                             41.1%\r##############################                                            41.7%\r##############################                                            42.1%\r##############################                                            42.5%\r##############################                                            42.9%\r###############################                                           44.3%\r################################                                          45.7%\r#################################                                         47.0%\r##################################                                        48.4%\r###################################                                       49.8%\r####################################                                      51.0%\r#####################################                                     51.4%\r#####################################                                     51.9%\r######################################                                    52.8%\r#######################################                                   54.6%\r########################################                                  56.4%\r#########################################                                 58.3%\r##########################################                                58.5%\r##########################################                                58.8%\r##########################################                                59.2%\r###########################################                               59.7%\r###########################################                               60.2%\r###########################################                               60.7%\r############################################                              61.4%\r#############################################                             63.4%\r##############################################                            65.1%\r################################################                          67.0%\r#################################################                         68.9%\r##################################################                        70.7%\r###################################################                       72.2%\r####################################################                      73.4%\r#####################################################                     74.5%\r######################################################                    75.7%\r######################################################                    76.0%\r#######################################################                   76.6%\r########################################################                  78.0%\r#########################################################                 79.5%\r##########################################################                80.8%\r###########################################################               82.1%\r############################################################              83.4%\r#############################################################             85.0%\r#############################################################             86.1%\r##############################################################            87.5%\r###############################################################           88.7%\r################################################################          89.9%\r#################################################################         91.2%\r##################################################################        92.7%\r###################################################################       94.1%\r####################################################################      95.6%\r#####################################################################     97.1%\r#######################################################################   98.8%\r#######################################################################   99.4%\r#######################################################################   99.8%\r######################################################################## 100.0%\n"}
,{"stream_name":"stderr","time":43.78112069,"data":"\u003e\u003e\u003e Creating ollama user...\n"}
,{"stream_name":"stderr","time":43.990958056,"data":"\u003e\u003e\u003e Adding ollama user to video group...\n"}
,{"stream_name":"stderr","time":44.044700467,"data":"\u003e\u003e\u003e Adding current user to ollama group...\n"}
,{"stream_name":"stderr","time":44.111852151,"data":"\u003e\u003e\u003e Creating ollama systemd service...\n"}
,{"stream_name":"stdout","time":44.149957757,"data":"WARNING: systemd is not running\n"}
,{"stream_name":"stderr","time":44.150180545,"data":"\u003e\u003e\u003e The Ollama API is now available at 127.0.0.1:11434.\n"}
,{"stream_name":"stderr","time":44.150196775,"data":"\u003e\u003e\u003e Install complete. Run \"ollama\" from the command line.\n"}
,{"stream_name":"stdout","time":44.150199083,"data":"WARNING: Unable to detect NVIDIA/AMD GPU. Install lspci or lshw to automatically detect and install GPU dependencies.\n"}
,{"stream_name":"stdout","time":46.16037361,"data":"$ ollama pull qwen3:8b\n"}
,{"stream_name":"stderr","time":47.384738168,"data":"\u001b[?2026h\u001b[?25l\u001b[1Gpulling manifest ⠋ \u001b[K\u001b[?25h\u001b[?2026l\u001b[?2026h\u001b[?25l\u001b[1Gpulling manifest ⠙ \u001b[K\u001b[?25h\u001b[?2026l\u001b[?2026h\u001b[?25l\u001b[1Gpulling manifest ⠹ \u001b[K\u001b[?25h\u001b[?2026l\u001b[?2026h\u001b[?25l\u001b[1Gpulling manifest ⠸ \u001b[K\u001b[?25h\u001b[?2026l\u001b[?2026h\u001b[?25l\u001b[1Gpulling manifest ⠼ \u001b[K\u001b[?25h\u001b[?2026l\u001b[?2026h\u001b[?25l\u001b[1Gpulling manifest ⠴ \u001b[K\u001b[?25h\u001b[?2026l\u001b[?2026h\u001b[?25l\u001b[1Gpulling manifest ⠦ \u001b[K\u001b[?25h\u001b[?2026l\u001b[?2026h\u001b[?25l\u001b[1Gpulling manifest ⠧ \u001b[K\u001b[?25h\u001b[?2026l\u001b[?2026h\u001b[?25l\u001b[1Gpulling manifest ⠇ \u001b[K\u001b[?25h\u001b[?2026l\u001b[?2026h\u001b[?25l\u001b[1Gpulling manifest ⠏ \u001b[K\u001b[?25h\u001b[?2026l\u001b[?2026h\u001b[?25l\u001b[1Gpulling manifest ⠋ \u001b[K\u001b[?25h\u001b[?2026l\u001b[?2026h\u001b[?25l\u001b[1Gpulling manifest \u001b[K\n"}
,{"stream_name":"stderr","time":47.484274172,"data":"pulling a3de86cd1c13:   0% ▕                  ▏  18 MB/5.2 GB                  \u001b[K\u001b[?25h\u001b[?2026l\u001b[?2026h\u001b[?25l\u001b[A\u001b[1Gpulling manifest \u001b[K\n"}
,{"stream_name":"stderr","time":47.584691556,"data":"pulling a3de86cd1c13:   1% ▕                  ▏  75 MB/5.2 GB                  \u001b[K\u001b[?25h\u001b[?2026l\u001b[?2026h\u001b[?25l\u001b[A\u001b[1Gpulling manifest \u001b[K\n"}
,{"stream_name":"stderr","time":47.68445465,"data":"pulling a3de86cd1c13:   3% ▕                  ▏ 139 MB/5.2 GB                  \u001b[K\u001b[?25h\u001b[?2026l\u001b[?2026h\u001b[?25l\u001b[A\u001b[1Gpulling manifest \u001b[K\n"}
,{"stream_name":"stderr","time":47.785695445,"data":"pulling a3de86cd1c13:   4% ▕                  ▏ 210 MB/5.2 GB                  \u001b[K\u001b[?25h\u001b[?2026l\u001b[?2026h\u001b[?25l\u001b[A\u001b[1Gpulling manifest \u001b[K\n"}
,{"stream_name":"stderr","time":47.885153005,"data":"pulling a3de86cd1c13:   5% ▕                  ▏ 244 MB/5.2 GB                  \u001b[K\u001b[?25h\u001b[?2026l\u001b[?2026h\u001b[?25l\u001b[A\u001b[1Gpulling manifest \u001b[K\n"}
,{"stream_name":"stderr","time":47.984723089,"data":"pulling a3de86cd1c13:   6% ▕█                 ▏ 306 MB/5.2 GB                  \u001b[K\u001b[?25h\u001b[?2026l\u001b[?2026h\u001b[?25l\u001b[A\u001b[1Gpulling manifest \u001b[K\n"}
,{"stream_name":"stderr","time":48.085219756,"data":"pulling a3de86cd1c13:   7% ▕█                 ▏ 344 MB/5.2 GB                  \u001b[K\u001b[?25h\u001b[?2026l\u001b[?2026h\u001b[?25l\u001b[A\u001b[1Gpulling manifest \u001b[K\n"}
,{"stream_name":"stderr","time":48.187633668,"data":"pulling a3de86cd1c13:   8% ▕█                 ▏ 410 MB/5.2 GB                  \u001b[K\u001b[?25h\u001b[?2026l\u001b[?2026h\u001b[?25l\u001b[A\u001b[1Gpulling manifest \u001b[K\n"}
,{"stream_name":"stderr","time":48.284602977,"data":"pulling a3de86cd1c13:   9% ▕█                 ▏ 467 MB/5.2 GB                  \u001b[K\u001b[?25h\u001b[?2026l\u001b[?2026h\u001b[?25l\u001b[A\u001b[1Gpulling manifest \u001b[K\n"}
,{"stream_name":"stderr","time":48.385054416,"data":"pulling a3de86cd1c13:  10% ▕█                 ▏ 523 MB/5.2 GB                  \u001b[K\u001b[?25h\u001b[?2026l\u001b[?2026h\u001b[?25l\u001b[A\u001b[1Gpulling manifest \u001b[K\n"}
,{"stream_name":"stderr","time":48.486833487,"data":"pulling a3de86cd1c13:  11% ▕█                 ▏ 553 MB/5.2 GB  534 MB/s      8s\u001b[K\u001b[?25h\u001b[?2026l\u001b[?2026h\u001b[?25l\u001b[A\u001b[1Gpulling manifest \u001b[K\n"}
,{"stream_name":"stderr","time":48.584800974,"data":"pulling a3de86cd1c13:  12% ▕██                ▏ 612 MB/5.2 GB  534 MB/s      8s\u001b[K\u001b[?25h\u001b[?2026l\u001b[?2026h\u001b[?25l\u001b[A\u001b[1Gpulling manifest \u001b[K\n"}
,{"stream_name":"stderr","time":48.684330704,"data":"pulling a3de86cd1c13:  13% ▕██                ▏ 669 MB/5.2 GB  534 MB/s      8s\u001b[K\u001b[?25h\u001b[?2026l\u001b[?2026h\u001b[?25l\u001b[A\u001b[1Gpulling manifest \u001b[K\n"}
,{"stream_name":"stderr","time":48.784138103,"data":"pulling a3de86cd1c13:  13% ▕██                ▏ 701 MB/5.2 GB  534 MB/s      8s\u001b[K\u001b[?25h\u001b[?2026l\u001b[?2026h\u001b[?25l\u001b[A\u001b[1Gpulling manifest \u001b[K\n"}
,{"stream_name":"stderr","time":48.884996187,"data":"pulling a3de86cd1c13:  15% ▕██                ▏ 765 MB/5.2 GB  534 MB/s      8s\u001b[K\u001b[?25h\u001b[?2026l\u001b[?2026h\u001b[?25l\u001b[A\u001b[1Gpulling manifest \u001b[K\n"}
,{"stream_name":"stderr","time":48.985107267,"data":"pulling a3de86cd1c13:  16% ▕██                ▏ 823 MB/5.2 GB  534 MB/s      8s\u001b[K\u001b[?25h\u001b[?2026l\u001b[?2026h\u001b[?25l\u001b[A\u001b[1Gpulling manifest \u001b[K\n"}
,{"stream_name":"stderr","time":49.08685351,"data":"pulling a3de86cd1c13:  16% ▕██                ▏ 858 MB/5.2 GB  534 MB/s      8s\u001b[K\u001b[?25h\u001b[?2026l\u001b[?2026h\u001b[?25l\u001b[A\u001b[1Gpulling manifest \u001b[K\n"}
,{"stream_name":"stderr","time":49.18507461,"data":"pulling a3de86cd1c13:  18% ▕███               ▏ 918 MB/5.2 GB  534 MB/s      8s\u001b[K\u001b[?25h\u001b[?2026l\u001b[?2026h\u001b[?25l\u001b[A\u001b[1Gpulling manifest \u001b[K\n"}
,{"stream_name":"stderr","time":49.28662336,"data":"pulling a3de86cd1c13:  18% ▕███               ▏ 945 MB/5.2 GB  534 MB/s      8s\u001b[K\u001b[?25h\u001b[?2026l\u001b[?2026h\u001b[?25l\u001b[A\u001b[1Gpulling manifest \u001b[K\n"}
,{"stream_name":"stderr","time":49.384045564,"data":"pulling a3de86cd1c13:  19% ▕███               ▏ 1.0 GB/5.2 GB  534 MB/s      7s\u001b[K\u001b[?25h\u001b[?2026l\u001b[?2026h\u001b[?25l\u001b[A\u001b[1Gpulling manifest \u001b[K\n"}
,{"stream_name":"stderr","time":53.464048297,"data":"pulling a3de86cd1c13:  20% ▕███               ▏ 1.0 GB/5.2 GB  515 MB/s      8s\u001b[K\u001b[?25h\u001b[?2026l\u001b[?2026h\u001b[?25l\u001b[A\u001b[1Gpulling manifest \u001b[K\n"}
,{"stream_name":"stderr","time":53.464075227,"data":"pulling a3de86cd1c13:  20% ▕███               ▏ 1.0 GB/5.2 GB  515 MB/s      8s\u001b[K\u001b[?25h\u001b[?2026l\u001b[?2026h\u001b[?25l\u001b[A\u001b[1Gpulling manifest \u001b[K\n"}
,{"stream_name":"stderr","time":53.464082217,"data":"pulling a3de86cd1c13:  20% ▕███               ▏ 1.0 GB/5.2 GB  515 MB/s      8s\u001b[K\u001b[?25h\u001b[?2026l\u001b[?2026h\u001b[?25l\u001b[A\u001b[1Gpulling manifest \u001b[K\n"}
,{"stream_name":"stderr","time":53.464088292,"data":"pulling a3de86cd1c13:  20% ▕███               ▏ 1.0 GB/5.2 GB  515 MB/s      8s\u001b[K\u001b[?25h\u001b[?2026l\u001b[?2026h\u001b[?25l\u001b[A\u001b[1Gpulling manifest \u001b[K\n"}
,{"stream_name":"stderr","time":53.464094119,"data":"pulling a3de86cd1c13:  20% ▕███               ▏ 1.0 GB/5.2 GB  515 MB/s      8s\u001b[K\u001b[?25h\u001b[?2026l\u001b[?2026h\u001b[?25l\u001b[A\u001b[1Gpulling manifest \u001b[K\n"}
,{"stream_name":"stderr","time":53.464100254,"data":"pulling a3de86cd1c13:  20% ▕███               ▏ 1.0 GB/5.2 GB  515 MB/s      8s\u001b[K\u001b[?25h\u001b[?2026l\u001b[?2026h\u001b[?25l\u001b[A\u001b[1Gpulling manifest \u001b[K\n"}
,{"stream_name":"stderr","time":53.464106437,"data":"pulling a3de86cd1c13:  20% ▕███               ▏ 1.0 GB/5.2 GB  515 MB/s      8s\u001b[K\u001b[?25h\u001b[?2026l\u001b[?2026h\u001b[?25l\u001b[A\u001b[1Gpulling manifest \u001b[K\n"}
,{"stream_name":"stderr","time":53.464112664,"data":"pulling a3de86cd1c13:  20% ▕███               ▏ 1.0 GB/5.2 GB  515 MB/s      8s\u001b[K\u001b[?25h\u001b[?2026l\u001b[?2026h\u001b[?25l\u001b[A\u001b[1Gpulling manifest \u001b[K\n"}
,{"stream_name":"stderr","time":53.464118581,"data":"pulling a3de86cd1c13:  20% ▕███               ▏ 1.0 GB/5.2 GB  515 MB/s      8s\u001b[K\u001b[?25h\u001b[?2026l\u001b[?2026h\u001b[?25l\u001b[A\u001b[1Gpulling manifest \u001b[K\n"}
,{"stream_name":"stderr","time":53.464124196,"data":"pulling a3de86cd1c13:  20% ▕███               ▏ 1.0 GB/5.2 GB  515 MB/s      8s\u001b[K\u001b[?25h\u001b[?2026l\u001b[?2026h\u001b[?25l\u001b[A\u001b[1Gpulling manifest \u001b[K\n"}
,{"stream_name":"stderr","time":53.464185726,"data":"pulling a3de86cd1c13:  20% ▕███               ▏ 1.0 GB/5.2 GB  515 MB/s      8s\u001b[K\u001b[?25h\u001b[?2026l\u001b[?2026h\u001b[?25l\u001b[A\u001b[1Gpulling manifest \u001b[K\n"}
,{"stream_name":"stderr","time":53.464192452,"data":"pulling a3de86cd1c13:  20% ▕███               ▏ 1.0 GB/5.2 GB  343 MB/s     12s\u001b[K\u001b[?25h\u001b[?2026l\u001b[?2026h\u001b[?25l\u001b[A\u001b[1Gpulling manifest \u001b[K\n"}
,{"stream_name":"stderr","time":53.464198104,"data":"pulling a3de86cd1c13:  20% ▕███               ▏ 1.0 GB/5.2 GB  343 MB/s     12s\u001b[K\u001b[?25h\u001b[?2026l\u001b[?2026h\u001b[?25l\u001b[A\u001b[1Gpulling manifest \u001b[K\n"}
,{"stream_name":"stderr","time":53.464202856,"data":"pulling a3de86cd1c13:  20% ▕███               ▏ 1.0 GB/5.2 GB  343 MB/s     12s\u001b[K\u001b[?25h\u001b[?2026l\u001b[?2026h\u001b[?25l\u001b[A\u001b[1Gpulling manifest \u001b[K\n"}
,{"stream_name":"stderr","time":53.464226379,"data":"pulling a3de86cd1c13:  20% ▕███               ▏ 1.0 GB/5.2 GB  343 MB/s     12s\u001b[K\u001b[?25h\u001b[?2026l\u001b[?2026h\u001b[?25l\u001b[A\u001b[1Gpulling manifest \u001b[K\n"}
,{"stream_name":"stderr","time":53.464233417,"data":"pulling a3de86cd1c13:  20% ▕███               ▏ 1.0 GB/5.2 GB  343 MB/s     12s\u001b[K\u001b[?25h\u001b[?2026l\u001b[?2026h\u001b[?25l\u001b[A\u001b[1Gpulling manifest \u001b[K\n"}
,{"stream_name":"stderr","time":53.464238684,"data":"pulling a3de86cd1c13:  20% ▕███               ▏ 1.0 GB/5.2 GB  343 MB/s     12s\u001b[K\u001b[?25h\u001b[?2026l\u001b[?2026h\u001b[?25l\u001b[A\u001b[1Gpulling manifest \u001b[K\n"}
,{"stream_name":"stderr","time":53.464243159,"data":"pulling a3de86cd1c13:  20% ▕███               ▏ 1.0 GB/5.2 GB  343 MB/s     12s\u001b[K\u001b[?25h\u001b[?2026l\u001b[?2026h\u001b[?25l\u001b[A\u001b[1Gpulling manifest \u001b[K\n"}
,{"stream_name":"stderr","time":53.464247766,"data":"pulling a3de86cd1c13:  20% ▕███               ▏ 1.0 GB/5.2 GB  343 MB/s     12s\u001b[K\u001b[?25h\u001b[?2026l\u001b[?2026h\u001b[?25l\u001b[A\u001b[1Gpulling manifest \u001b[K\n"}
,{"stream_name":"stderr","time":53.464252787,"data":"pulling a3de86cd1c13:  20% ▕███               ▏ 1.0 GB/5.2 GB  343 MB/s     12s\u001b[K\u001b[?25h\u001b[?2026l\u001b[?2026h\u001b[?25l\u001b[A\u001b[1Gpulling manifest \u001b[K\n"}
,{"stream_name":"stderr","time":53.464257614,"data":"pulling a3de86cd1c13:  20% ▕███               ▏ 1.0 GB/5.2 GB  343 MB/s     12s\u001b[K\u001b[?25h\u001b[?2026l\u001b[?2026h\u001b[?25l\u001b[A\u001b[1Gpulling manifest \u001b[K\n"}
,{"stream_name":"stderr","time":53.464262456,"data":"pulling a3de86cd1c13:  20% ▕███               ▏ 1.0 GB/5.2 GB  257 MB/s     16s\u001b[K\u001b[?25h\u001b[?2026l\u001b[?2026h\u001b[?25l\u001b[A\u001b[1Gpulling manifest \u001b[K\n"}
,{"stream_name":"stderr","time":53.464268199,"data":"pulling a3de86cd1c13:  20% ▕███               ▏ 1.0 GB/5.2 GB  257 MB/s     16s\u001b[K\u001b[?25h\u001b[?2026l\u001b[?2026h\u001b[?25l\u001b[A\u001b[1Gpulling manifest \u001b[K\n"}
,{"stream_name":"stderr","time":53.464273526,"data":"pulling a3de86cd1c13:  20% ▕███               ▏ 1.0 GB/5.2 GB  257 MB/s     16s\u001b[K\u001b[?25h\u001b[?2026l\u001b[?2026h\u001b[?25l\u001b[A\u001b[1Gpulling manifest \u001b[K\n"}
,{"stream_name":"stderr","time":53.464278474,"data":"pulling a3de86cd1c13:  20% ▕███               ▏ 1.0 GB/5.2 GB  257 MB/s     16s\u001b[K\u001b[?25h\u001b[?2026l\u001b[?2026h\u001b[?25l\u001b[A\u001b[1Gpulling manifest \u001b[K\n"}
,{"stream_name":"stderr","time":53.464284004,"data":"pulling a3de86cd1c13:  20% ▕███               ▏ 1.0 GB/5.2 GB  257 MB/s     16s\u001b[K\u001b[?25h\u001b[?2026l\u001b[?2026h\u001b[?25l\u001b[A\u001b[1Gpulling manifest \u001b[K\n"}
,{"stream_name":"stderr","time":53.464289698,"data":"pulling a3de86cd1c13:  20% ▕███               ▏ 1.0 GB/5.2 GB  257 MB/s     16s\u001b[K\u001b[?25h\u001b[?2026l\u001b[?2026h\u001b[?25l\u001b[A\u001b[1Gpulling manifest \u001b[K\n"}
,{"stream_name":"stderr","time":53.464302014,"data":"pulling a3de86cd1c13:  20% ▕███               ▏ 1.0 GB/5.2 GB  257 MB/s     16s\u001b[K\u001b[?25h\u001b[?2026l\u001b[?2026h\u001b[?25l\u001b[A\u001b[1Gpulling manifest \u001b[K\n"}
,{"stream_name":"stderr","time":53.464314624,"data":"pulling a3de86cd1c13:  20% ▕███               ▏ 1.0 GB/5.2 GB  257 MB/s     16s\u001b[K\u001b[?25h\u001b[?2026l\u001b[?2026h\u001b[?25l\u001b[A\u001b[1Gpulling manifest \u001b[K\n"}
,{"stream_name":"stderr","time":53.464326217,"data":"pulling a3de86cd1c13:  20% ▕███               ▏ 1.0 GB/5.2 GB  257 MB/s     16s\u001b[K\u001b[?25h\u001b[?2026l\u001b[?2026h\u001b[?25l\u001b[A\u001b[1Gpulling manifest \u001b[K\n"}
,{"stream_name":"stderr","time":53.464336126,"data":"pulling a3de86cd1c13:  20% ▕███               ▏ 1.0 GB/5.2 GB  257 MB/s     16s\u001b[K\u001b[?25h\u001b[?2026l\u001b[?2026h\u001b[?25l\u001b[A\u001b[1Gpulling manifest \u001b[K\n"}
,{"stream_name":"stderr","time":53.464342457,"data":"pulling a3de86cd1c13:  20% ▕███               ▏ 1.0 GB/5.2 GB  206 MB/s     20s\u001b[K\u001b[?25h\u001b[?2026l\u001b[?2026h\u001b[?25l\u001b[A\u001b[1Gpulling manifest \u001b[K\n"}
,{"stream_name":"stderr","time":53.464347874,"data":"pulling a3de86cd1c13:  20% ▕███               ▏ 1.0 GB/5.2 GB  206 MB/s     20s\u001b[K\u001b[?25h\u001b[?2026l\u001b[?2026h\u001b[?25l\u001b[A\u001b[1Gpulling manifest \u001b[K\n"}
,{"stream_name":"stderr","time":53.464354242,"data":"pulling a3de86cd1c13:  20% ▕███               ▏ 1.0 GB/5.2 GB  206 MB/s     20s\u001b[K\u001b[?25h\u001b[?2026l\u001b[?2026h\u001b[?25l\u001b[A\u001b[1Gpulling manifest \u001b[K\n"}
,{"stream_name":"stderr","time":53.464359606,"data":"pulling a3de86cd1c13:  20% ▕███               ▏ 1.0 GB/5.2 GB  206 MB/s     20s\u001b[K\u001b[?25h\u001b[?2026l\u001b[?2026h\u001b[?25l\u001b[A\u001b[1Gpulling manifest \u001b[K\n"}
,{"stream_name":"stderr","time":53.464365447,"data":"pulling a3de86cd1c13:  20% ▕███               ▏ 1.0 GB/5.2 GB  206 MB/s     20s\u001b[K\u001b[?25h\u001b[?2026l\u001b[?2026h\u001b[?25l\u001b[A\u001b[1Gpulling manifest \u001b[K\n"}
,{"stream_name":"stderr","time":53.464370935,"data":"pulling a3de86cd1c13:  20% ▕███               ▏ 1.0 GB/5.2 GB  206 MB/s     20s\u001b[K\u001b[?25h\u001b[?2026l\u001b[?2026h\u001b[?25l\u001b[A\u001b[1Gpulling manifest \u001b[K\n"}
,{"stream_name":"stderr","time":53.464376592,"data":"pulling a3de86cd1c13:  20% ▕███               ▏ 1.0 GB/5.2 GB  206 MB/s     20s\u001b[K\u001b[?25h\u001b[?2026l\u001b[?2026h\u001b[?25l\u001b[A\u001b[1Gpulling manifest \u001b[K\n"}
,{"stream_name":"stderr","time":53.464382436,"data":"pulling a3de86cd1c13:  20% ▕███               ▏ 1.0 GB/5.2 GB  206 MB/s     20s\u001b[K\u001b[?25h\u001b[?2026l\u001b[?2026h\u001b[?25l\u001b[A\u001b[1Gpulling manifest \u001b[K\n"}
,{"stream_name":"stderr","time":53.464387824,"data":"pulling a3de86cd1c13:  20% ▕███               ▏ 1.0 GB/5.2 GB  206 MB/s     20s\u001b[K\u001b[?25h\u001b[?2026l\u001b[?2026h\u001b[?25l\u001b[A\u001b[1Gpulling manifest \u001b[K\n"}
,{"stream_name":"stderr","time":53.48482551,"data":"pulling a3de86cd1c13:  20% ▕███               ▏ 1.0 GB/5.2 GB  206 MB/s     20s\u001b[K\u001b[?25h\u001b[?2026l\u001b[?2026h\u001b[?25l\u001b[A\u001b[1Gpulling manifest \u001b[K\n"}
,{"stream_name":"stderr","time":53.585318249,"data":"pulling a3de86cd1c13:  20% ▕███               ▏ 1.0 GB/5.2 GB  171 MB/s     24s\u001b[K\u001b[?25h\u001b[?2026l\u001b[?2026h\u001b[?25l\u001b[A\u001b[1Gpulling manifest \u001b[K\n"}
,{"stream_name":"stderr","time":53.68594694,"data":"pulling a3de86cd1c13:  21% ▕███               ▏ 1.1 GB/5.2 GB  171 MB/s     24s\u001b[K\u001b[?25h\u001b[?2026l\u001b[?2026h\u001b[?25l\u001b[A\u001b[1Gpulling manifest \u001b[K\n"}
,{"stream_name":"stderr","time":53.784213508,"data":"pulling a3de86cd1c13:  21% ▕███               ▏ 1.1 GB/5.2 GB  171 MB/s     23s\u001b[K\u001b[?25h\u001b[?2026l\u001b[?2026h\u001b[?25l\u001b[A\u001b[1Gpulling manifest \u001b[K\n"}
,{"stream_name":"stderr","time":53.885118908,"data":"pulling a3de86cd1c13:  23% ▕████              ▏ 1.2 GB/5.2 GB  171 MB/s     23s\u001b[K\u001b[?25h\u001b[?2026l\u001b[?2026h\u001b[?25l\u001b[A\u001b[1Gpulling manifest \u001b[K\n"}
,{"stream_name":"stderr","time":53.984419557,"data":"pulling a3de86cd1c13:  24% ▕████              ▏ 1.2 GB/5.2 GB  171 MB/s     23s\u001b[K\u001b[?25h\u001b[?2026l\u001b[?2026h\u001b[?25l\u001b[A\u001b[1Gpulling manifest \u001b[K\n"}
,{"stream_name":"stderr","time":54.085159682,"data":"pulling a3de86cd1c13:  25% ▕████              ▏ 1.3 GB/5.2 GB  171 MB/s     22s\u001b[K\u001b[?25h\u001b[?2026l\u001b[?2026h\u001b[?25l\u001b[A\u001b[1Gpulling manifest \u001b[K\n"}
,{"stream_name":"stderr","time":54.184188804,"data":"pulling a3de86cd1c13:  25% ▕████              ▏ 1.3 GB/5.2 GB  171 MB/s     22s\u001b[K\u001b[?25h\u001b[?2026l\u001b[?2026h\u001b[?25l\u001b[A\u001b[1Gpulling manifest \u001b[K\n"}
,{"stream_name":"stderr","time":54.284470893,"data":"pulling a3de86cd1c13:  26% ▕████              ▏ 1.4 GB/5.2 GB  171 MB/s     22s\u001b[K\u001b[?25h\u001b[?2026l\u001b[?2026h\u001b[?25l\u001b[A\u001b[1Gpulling manifest \u001b[K\n"}
,{"stream_name":"stderr","time":54.384996129,"data":"pulling a3de86cd1c13:  26% ▕████              ▏ 1.4 GB/5.2 GB  171 MB/s     22s\u001b[K\u001b[?25h\u001b[?2026l\u001b[?2026h\u001b[?25l\u001b[A\u001b[1Gpulling manifest \u001b[K\n"}
,{"stream_name":"stderr","time":54.486605973,"data":"pulling a3de86cd1c13:  27% ▕████              ▏ 1.4 GB/5.2 GB  171 MB/s     22s\u001b[K\u001b[?25h\u001b[?2026l\u001b[?2026h\u001b[?25l\u001b[A\u001b[1Gpulling manifest \u001b[K\n"}
,{"stream_name":"stderr","time":54.58695143,"data":"pulling a3de86cd1c13:  28% ▕█████             ▏ 1.5 GB/5.2 GB  208 MB/s     17s\u001b[K\u001b[?25h\u001b[?2026l\u001b[?2026h\u001b[?25l\u001b[A\u001b[1Gpulling manifest \u001b[K\n"}
,{"stream_name":"stderr","time":54.685161522,"data":"pulling a3de86cd1c13:  29% ▕█████             ▏ 1.5 GB/5.2 GB  208 MB/s     17s\u001b[K\u001b[?25h\u001b[?2026l\u001b[?2026h\u001b[?25l\u001b[A\u001b[1Gpulling manifest \u001b[K\n"}
,{"stream_name":"stderr","time":54.785596777,"data":"pulling a3de86cd1c13:  30% ▕█████             ▏ 1.6 GB/5.2 GB  208 MB/s     17s\u001b[K\u001b[?25h\u001b[?2026l\u001b[?2026h\u001b[?25l\u001b[A\u001b[1Gpulling manifest \u001b[K\n"}
,{"stream_name":"stderr","time":54.884191665,"data":"pulling a3de86cd1c13:  31% ▕█████             ▏ 1.6 GB/5.2 GB  208 MB/s     17s\u001b[K\u001b[?25h\u001b[?2026l\u001b[?2026h\u001b[?25l\u001b[A\u001b[1Gpulling manifest \u001b[K\n"}
,{"stream_name":"stderr","time":54.984311963,"data":"pulling a3de86cd1c13:  32% ▕█████             ▏ 1.7 GB/5.2 GB  208 MB/s     17s\u001b[K\u001b[?25h\u001b[?2026l\u001b[?2026h\u001b[?25l\u001b[A\u001b[1Gpulling manifest \u001b[K\n"}
,{"stream_name":"stderr","time":55.084807668,"data":"pulling a3de86cd1c13:  33% ▕█████             ▏ 1.7 GB/5.2 GB  208 MB/s     16s\u001b[K\u001b[?25h\u001b[?2026l\u001b[?2026h\u001b[?25l\u001b[A\u001b[1Gpulling manifest \u001b[K\n"}
,{"stream_name":"stderr","time":55.188136615,"data":"pulling a3de86cd1c13:  35% ▕██████            ▏ 1.8 GB/5.2 GB  208 MB/s     16s\u001b[K\u001b[?25h\u001b[?2026l\u001b[?2026h\u001b[?25l\u001b[A\u001b[1Gpulling manifest \u001b[K\n"}
,{"stream_name":"stderr","time":55.284490818,"data":"pulling a3de86cd1c13:  36% ▕██████            ▏ 1.9 GB/5.2 GB  208 MB/s     16s\u001b[K\u001b[?25h\u001b[?2026l\u001b[?2026h\u001b[?25l\u001b[A\u001b[1Gpulling manifest \u001b[K\n"}
,{"stream_name":"stderr","time":55.386890186,"data":"pulling a3de86cd1c13:  37% ▕██████            ▏ 1.9 GB/5.2 GB  208 MB/s     15s\u001b[K\u001b[?25h\u001b[?2026l\u001b[?2026h\u001b[?25l\u001b[A\u001b[1Gpulling manifest \u001b[K\n"}
,{"stream_name":"stderr","time":55.486837857,"data":"pulling a3de86cd1c13:  38% ▕██████            ▏ 2.0 GB/5.2 GB  208 MB/s     15s\u001b[K\u001b[?25h\u001b[?2026l\u001b[?2026h\u001b[?25l\u001b[A\u001b[1Gpulling manifest \u001b[K\n"}
,{"stream_name":"stderr","time":55.587869767,"data":"pulling a3de86cd1c13:  39% ▕███████           ▏ 2.0 GB/5.2 GB  253 MB/s     12s\u001b[K\u001b[?25h\u001b[?2026l\u001b[?2026h\u001b[?25l\u001b[A\u001b[1Gpulling manifest \u001b[K\n"}
,{"stream_name":"stderr","time":55.685193827,"data":"pulling a3de86cd1c13:  40% ▕███████           ▏ 2.1 GB/5.2 GB  253 MB/s     12s\u001b[K\u001b[?25h\u001b[?2026l\u001b[?2026h\u001b[?25l\u001b[A\u001b[1Gpulling manifest \u001b[K\n"}
,{"stream_name":"stderr","time":55.785828227,"data":"pulling a3de86cd1c13:  41% ▕███████           ▏ 2.2 GB/5.2 GB  253 MB/s     12s\u001b[K\u001b[?25h\u001b[?2026l\u001b[?2026h\u001b[?25l\u001b[A\u001b[1Gpulling manifest \u001b[K\n"}
,{"stream_name":"stderr","time":55.884661231,"data":"pulling a3de86cd1c13:  42% ▕███████           ▏ 2.2 GB/5.2 GB  253 MB/s     11s\u001b[K\u001b[?25h\u001b[?2026l\u001b[?2026h\u001b[?25l\u001b[A\u001b[1Gpulling manifest \u001b[K\n"}
,{"stream_name":"stderr","time":55.984145686,"data":"pulling a3de86cd1c13:  43% ▕███████           ▏ 2.3 GB/5.2 GB  253 MB/s     11s\u001b[K\u001b[?25h\u001b[?2026l\u001b[?2026h\u001b[?25l\u001b[A\u001b[1Gpulling manifest \u001b[K\n"}
,{"stream_name":"stderr","time":56.08434987,"data":"pulling a3de86cd1c13:  45% ▕████████          ▏ 2.3 GB/5.2 GB  253 MB/s     11s\u001b[K\u001b[?25h\u001b[?2026l\u001b[?2026h\u001b[?25l\u001b[A\u001b[1Gpulling manifest \u001b[K\n"}
,{"stream_name":"stderr","time":56.184877784,"data":"pulling a3de86cd1c13:  45% ▕████████          ▏ 2.4 GB/5.2 GB  253 MB/s     11s\u001b[K\u001b[?25h\u001b[?2026l\u001b[?2026h\u001b[?25l\u001b[A\u001b[1Gpulling manifest \u001b[K\n"}
,{"stream_name":"stderr","time":56.284806343,"data":"pulling a3de86cd1c13:  47% ▕████████          ▏ 2.4 GB/5.2 GB  253 MB/s     11s\u001b[K\u001b[?25h\u001b[?2026l\u001b[?2026h\u001b[?25l\u001b[A\u001b[1Gpulling manifest \u001b[K\n"}
,{"stream_name":"stderr","time":56.38705038,"data":"pulling a3de86cd1c13:  48% ▕████████          ▏ 2.5 GB/5.2 GB  253 MB/s     10s\u001b[K\u001b[?25h\u001b[?2026l\u001b[?2026h\u001b[?25l\u001b[A\u001b[1Gpulling manifest \u001b[K\n"}
,{"stream_name":"stderr","time":56.4842617,"data":"pulling a3de86cd1c13:  49% ▕████████          ▏ 2.5 GB/5.2 GB  253 MB/s     10s\u001b[K\u001b[?25h\u001b[?2026l\u001b[?2026h\u001b[?25l\u001b[A\u001b[1Gpulling manifest \u001b[K\n"}
,{"stream_name":"stderr","time":56.584390715,"data":"pulling a3de86cd1c13:  50% ▕████████          ▏ 2.6 GB/5.2 GB  253 MB/s     10s\u001b[K\u001b[?25h\u001b[?2026l\u001b[?2026h\u001b[?25l\u001b[A\u001b[1Gpulling manifest \u001b[K\n"}
,{"stream_name":"stderr","time":56.687903517,"data":"pulling a3de86cd1c13:  51% ▕█████████         ▏ 2.7 GB/5.2 GB  290 MB/s      8s\u001b[K\u001b[?25h\u001b[?2026l\u001b[?2026h\u001b[?25l\u001b[A\u001b[1Gpulling manifest \u001b[K\n"}
,{"stream_name":"stderr","time":56.786786502,"data":"pulling a3de86cd1c13:  52% ▕█████████         ▏ 2.7 GB/5.2 GB  290 MB/s      8s\u001b[K\u001b[?25h\u001b[?2026l\u001b[?2026h\u001b[?25l\u001b[A\u001b[1Gpulling manifest \u001b[K\n"}
,{"stream_name":"stderr","time":56.888049122,"data":"pulling a3de86cd1c13:  53% ▕█████████         ▏ 2.8 GB/5.2 GB  290 MB/s      8s\u001b[K\u001b[?25h\u001b[?2026l\u001b[?2026h\u001b[?25l\u001b[A\u001b[1Gpulling manifest \u001b[K\n"}
,{"stream_name":"stderr","time":56.985026945,"data":"pulling a3de86cd1c13:  54% ▕█████████         ▏ 2.8 GB/5.2 GB  290 MB/s      8s\u001b[K\u001b[?25h\u001b[?2026l\u001b[?2026h\u001b[?25l\u001b[A\u001b[1Gpulling manifest \u001b[K\n"}
,{"stream_name":"stderr","time":57.086598249,"data":"pulling a3de86cd1c13:  55% ▕█████████         ▏ 2.9 GB/5.2 GB  290 MB/s      8s\u001b[K\u001b[?25h\u001b[?2026l\u001b[?2026h\u001b[?25l\u001b[A\u001b[1Gpulling manifest \u001b[K\n"}
,{"stream_name":"stderr","time":57.184387051,"data":"pulling a3de86cd1c13:  56% ▕██████████        ▏ 2.9 GB/5.2 GB  290 MB/s      7s\u001b[K\u001b[?25h\u001b[?2026l\u001b[?2026h\u001b[?25l\u001b[A\u001b[1Gpulling manifest \u001b[K\n"}
,{"stream_name":"stderr","time":57.284297416,"data":"pulling a3de86cd1c13:  57% ▕██████████        ▏ 3.0 GB/5.2 GB  290 MB/s      7s\u001b[K\u001b[?25h\u001b[?2026l\u001b[?2026h\u001b[?25l\u001b[A\u001b[1Gpulling manifest \u001b[K\n"}
,{"stream_name":"stderr","time":57.384175767,"data":"pulling a3de86cd1c13:  57% ▕██████████        ▏ 3.0 GB/5.2 GB  290 MB/s      7s\u001b[K\u001b[?25h\u001b[?2026l\u001b[?2026h\u001b[?25l\u001b[A\u001b[1Gpulling manifest \u001b[K\n"}
,{"stream_name":"stderr","time":57.484711287,"data":"pulling a3de86cd1c13:  58% ▕██████████        ▏ 3.0 GB/5.2 GB  290 MB/s      7s\u001b[K\u001b[?25h\u001b[?2026l\u001b[?2026h\u001b[?25l\u001b[A\u001b[1Gpulling manifest \u001b[K\n"}
,{"stream_name":"stderr","time":57.584740836,"data":"pulling a3de86cd1c13:  59% ▕██████████        ▏ 3.1 GB/5.2 GB  290 MB/s      7s\u001b[K\u001b[?25h\u001b[?2026l\u001b[?2026h\u001b[?25l\u001b[A\u001b[1Gpulling manifest \u001b[K\n"}
,{"stream_name":"stderr","time":57.684201069,"data":"pulling a3de86cd1c13:  60% ▕██████████        ▏ 3.1 GB/5.2 GB  287 MB/s      7s\u001b[K\u001b[?25h\u001b[?2026l\u001b[?2026h\u001b[?25l\u001b[A\u001b[1Gpulling manifest \u001b[K\n"}
,{"stream_name":"stderr","time":57.784394222,"data":"pulling a3de86cd1c13:  61% ▕███████████       ▏ 3.2 GB/5.2 GB  287 MB/s      7s\u001b[K\u001b[?25h\u001b[?2026l\u001b[?2026h\u001b[?25l\u001b[A\u001b[1Gpulling manifest \u001b[K\n"}
,{"stream_name":"stderr","time":57.887059052,"data":"pulling a3de86cd1c13:  63% ▕███████████       ▏ 3.3 GB/5.2 GB  287 MB/s      6s\u001b[K\u001b[?25h\u001b[?2026l\u001b[?2026h\u001b[?25l\u001b[A\u001b[1Gpulling manifest \u001b[K\n"}
,{"stream_name":"stderr","time":57.984273492,"data":"pulling a3de86cd1c13:  64% ▕███████████       ▏ 3.3 GB/5.2 GB  287 MB/s      6s\u001b[K\u001b[?25h\u001b[?2026l\u001b[?2026h\u001b[?25l\u001b[A\u001b[1Gpulling manifest \u001b[K\n"}
,{"stream_name":"stderr","time":58.084980732,"data":"pulling a3de86cd1c13:  64% ▕███████████       ▏ 3.3 GB/5.2 GB  287 MB/s      6s\u001b[K\u001b[?25h\u001b[?2026l\u001b[?2026h\u001b[?25l\u001b[A\u001b[1Gpulling manifest \u001b[K\n"}
,{"stream_name":"stderr","time":58.184965749,"data":"pulling a3de86cd1c13:  65% ▕███████████       ▏ 3.4 GB/5.2 GB  287 MB/s      6s\u001b[K\u001b[?25h\u001b[?2026l\u001b[?2026h\u001b[?25l\u001b[A\u001b[1Gpulling manifest \u001b[K\n"}
,{"stream_name":"stderr","time":58.286922262,"data":"pulling a3de86cd1c13:  65% ▕███████████       ▏ 3.4 GB/5.2 GB  287 MB/s      6s\u001b[K\u001b[?25h\u001b[?2026l\u001b[?2026h\u001b[?25l\u001b[A\u001b[1Gpulling manifest \u001b[K\n"}
,{"stream_name":"stderr","time":58.384829554,"data":"pulling a3de86cd1c13:  67% ▕███████████       ▏ 3.5 GB/5.2 GB  287 MB/s      6s\u001b[K\u001b[?25h\u001b[?2026l\u001b[?2026h\u001b[?25l\u001b[A\u001b[1Gpulling manifest \u001b[K\n"}
,{"stream_name":"stderr","time":58.484785311,"data":"pulling a3de86cd1c13:  67% ▕████████████      ▏ 3.5 GB/5.2 GB  287 MB/s      5s\u001b[K\u001b[?25h\u001b[?2026l\u001b[?2026h\u001b[?25l\u001b[A\u001b[1Gpulling manifest \u001b[K\n"}
,{"stream_name":"stderr","time":58.585936186,"data":"pulling a3de86cd1c13:  68% ▕████████████      ▏ 3.6 GB/5.2 GB  287 MB/s      5s\u001b[K\u001b[?25h\u001b[?2026l\u001b[?2026h\u001b[?25l\u001b[A\u001b[1Gpulling manifest \u001b[K\n"}
,{"stream_name":"stderr","time":58.684845891,"data":"pulling a3de86cd1c13:  69% ▕████████████      ▏ 3.6 GB/5.2 GB  283 MB/s      5s\u001b[K\u001b[?25h\u001b[?2026l\u001b[?2026h\u001b[?25l\u001b[A\u001b[1Gpulling manifest \u001b[K\n"}
,{"stream_name":"stderr","time":58.785897217,"data":"pulling a3de86cd1c13:  70% ▕████████████      ▏ 3.7 GB/5.2 GB  283 MB/s      5s\u001b[K\u001b[?25h\u001b[?2026l\u001b[?2026h\u001b[?25l\u001b[A\u001b[1Gpulling manifest \u001b[K\n"}
,{"stream_name":"stderr","time":58.884326344,"data":"pulling a3de86cd1c13:  71% ▕████████████      ▏ 3.7 GB/5.2 GB  283 MB/s      5s\u001b[K\u001b[?25h\u001b[?2026l\u001b[?2026h\u001b[?25l\u001b[A\u001b[1Gpulling manifest \u001b[K\n"}
,{"stream_name":"stderr","time":58.984575824,"data":"pulling a3de86cd1c13:  72% ▕█████████████     ▏ 3.8 GB/5.2 GB  283 MB/s      5s\u001b[K\u001b[?25h\u001b[?2026l\u001b[?2026h\u001b[?25l\u001b[A\u001b[1Gpulling manifest \u001b[K\n"}
,{"stream_name":"stderr","time":59.084164619,"data":"pulling a3de86cd1c13:  74% ▕█████████████     ▏ 3.9 GB/5.2 GB  283 MB/s      4s\u001b[K\u001b[?25h\u001b[?2026l\u001b[?2026h\u001b[?25l\u001b[A\u001b[1Gpulling manifest \u001b[K\n"}
,{"stream_name":"stderr","time":59.185956172,"data":"pulling a3de86cd1c13:  75% ▕█████████████     ▏ 3.9 GB/5.2 GB  283 MB/s      4s\u001b[K\u001b[?25h\u001b[?2026l\u001b[?2026h\u001b[?25l\u001b[A\u001b[1Gpulling manifest \u001b[K\n"}
,{"stream_name":"stderr","time":59.284657425,"data":"pulling a3de86cd1c13:  76% ▕█████████████     ▏ 4.0 GB/5.2 GB  283 MB/s      4s\u001b[K\u001b[?25h\u001b[?2026l\u001b[?2026h\u001b[?25l\u001b[A\u001b[1Gpulling manifest \u001b[K\n"}
,{"stream_name":"stderr","time":59.385952124,"data":"pulling a3de86cd1c13:  77% ▕█████████████     ▏ 4.0 GB/5.2 GB  283 MB/s      4s\u001b[K\u001b[?25h\u001b[?2026l\u001b[?2026h\u001b[?25l\u001b[A\u001b[1Gpulling manifest \u001b[K\n"}
,{"stream_name":"stderr","time":59.486368542,"data":"pulling a3de86cd1c13:  79% ▕██████████████    ▏ 4.1 GB/5.2 GB  283 MB/s      3s\u001b[K\u001b[?25h\u001b[?2026l\u001b[?2026h\u001b[?25l\u001b[A\u001b[1Gpulling manifest \u001b[K\n"}
,{"stream_name":"stderr","time":59.584058985,"data":"pulling a3de86cd1c13:  79% ▕██████████████    ▏ 4.1 GB/5.2 GB  283 MB/s      3s\u001b[K\u001b[?25h\u001b[?2026l\u001b[?2026h\u001b[?25l\u001b[A\u001b[1Gpulling manifest \u001b[K\n"}
,{"stream_name":"stderr","time":59.684652782,"data":"pulling a3de86cd1c13:  80% ▕██████████████    ▏ 4.2 GB/5.2 GB  349 MB/s      2s\u001b[K\u001b[?25h\u001b[?2026l\u001b[?2026h\u001b[?25l\u001b[A\u001b[1Gpulling manifest \u001b[K\n"}
,{"stream_name":"stderr","time":59.784309875,"data":"pulling a3de86cd1c13:  81% ▕██████████████    ▏ 4.2 GB/5.2 GB  349 MB/s      2s\u001b[K\u001b[?25h\u001b[?2026l\u001b[?2026h\u001b[?25l\u001b[A\u001b[1Gpulling manifest \u001b[K\n"}
,{"stream_name":"stderr","time":59.884335205,"data":"pulling a3de86cd1c13:  82% ▕██████████████    ▏ 4.3 GB/5.2 GB  349 MB/s      2s\u001b[K\u001b[?25h\u001b[?2026l\u001b[?2026h\u001b[?25l\u001b[A\u001b[1Gpulling manifest \u001b[K\n"}
,{"stream_name":"stderr","time":59.984387192,"data":"pulling a3de86cd1c13:  84% ▕███████████████   ▏ 4.4 GB/5.2 GB  349 MB/s      2s\u001b[K\u001b[?25h\u001b[?2026l\u001b[?2026h\u001b[?25l\u001b[A\u001b[1Gpulling manifest \u001b[K\n"}
,{"stream_name":"stderr","time":60.08428633,"data":"pulling a3de86cd1c13:  84% ▕███████████████   ▏ 4.4 GB/5.2 GB  349 MB/s      2s\u001b[K\u001b[?25h\u001b[?2026l\u001b[?2026h\u001b[?25l\u001b[A\u001b[1Gpulling manifest \u001b[K\n"}
,{"stream_name":"stderr","time":60.185199605,"data":"pulling a3de86cd1c13:  86% ▕███████████████   ▏ 4.5 GB/5.2 GB  349 MB/s      2s\u001b[K\u001b[?25h\u001b[?2026l\u001b[?2026h\u001b[?25l\u001b[A\u001b[1Gpulling manifest \u001b[K\n"}
,{"stream_name":"stderr","time":60.284404338,"data":"pulling a3de86cd1c13:  87% ▕███████████████   ▏ 4.5 GB/5.2 GB  349 MB/s      1s\u001b[K\u001b[?25h\u001b[?2026l\u001b[?2026h\u001b[?25l\u001b[A\u001b[1Gpulling manifest \u001b[K\n"}
,{"stream_name":"stderr","time":60.384539794,"data":"pulling a3de86cd1c13:  87% ▕███████████████   ▏ 4.6 GB/5.2 GB  349 MB/s      1s\u001b[K\u001b[?25h\u001b[?2026l\u001b[?2026h\u001b[?25l\u001b[A\u001b[1Gpulling manifest \u001b[K\n"}
,{"stream_name":"stderr","time":60.485908613,"data":"pulling a3de86cd1c13:  89% ▕███████████████   ▏ 4.6 GB/5.2 GB  349 MB/s      1s\u001b[K\u001b[?25h\u001b[?2026l\u001b[?2026h\u001b[?25l\u001b[A\u001b[1Gpulling manifest \u001b[K\n"}
,{"stream_name":"stderr","time":60.584815643,"data":"pulling a3de86cd1c13:  90% ▕████████████████  ▏ 4.7 GB/5.2 GB  349 MB/s      1s\u001b[K\u001b[?25h\u001b[?2026l\u001b[?2026h\u001b[?25l\u001b[A\u001b[1Gpulling manifest \u001b[K\n"}
,{"stream_name":"stderr","time":60.685098236,"data":"pulling a3de86cd1c13:  90% ▕████████████████  ▏ 4.7 GB/5.2 GB  349 MB/s      1s\u001b[K\u001b[?25h\u001b[?2026l\u001b[?2026h\u001b[?25l\u001b[A\u001b[1Gpulling manifest \u001b[K\n"}
,{"stream_name":"stderr","time":68.470439497,"data":"pulling a3de86cd1c13:  91% ▕████████████████  ▏ 4.8 GB/5.2 GB  411 MB/s      1s\u001b[K\u001b[?25h\u001b[?2026l\u001b[?2026h\u001b[?25l\u001b[A\u001b[1Gpulling manifest \u001b[K\n"}
,{"stream_name":"stderr","time":68.470466421,"data":"pulling a3de86cd1c13:  91% ▕████████████████  ▏ 4.8 GB/5.2 GB  411 MB/s      1s\u001b[K\u001b[?25h\u001b[?2026l\u001b[?2026h\u001b[?25l\u001b[A\u001b[1Gpulling manifest \u001b[K\n"}
,{"stream_name":"stderr","time":68.470474391,"data":"pulling a3de86cd1c13:  91% ▕████████████████  ▏ 4.8 GB/5.2 GB  411 MB/s      1s\u001b[K\u001b[?25h\u001b[?2026l\u001b[?2026h\u001b[?25l\u001b[A\u001b[1Gpulling manifest \u001b[K\n"}
,{"stream_name":"stderr","time":68.470478974,"data":"pulling a3de86cd1c13:  91% ▕████████████████  ▏ 4.8 GB/5.2 GB  411 MB/s      1s\u001b[K\u001b[?25h\u001b[?2026l\u001b[?2026h\u001b[?25l\u001b[A\u001b[1Gpulling manifest \u001b[K\n"}
,{"stream_name":"stderr","time":68.470483222,"data":"pulling a3de86cd1c13:  91% ▕████████████████  ▏ 4.8 GB/5.2 GB  411 MB/s      1s\u001b[K\u001b[?25h\u001b[?2026l\u001b[?2026h\u001b[?25l\u001b[A\u001b[1Gpulling manifest \u001b[K\n"}
,{"stream_name":"stderr","time":68.470487854,"data":"pulling a3de86cd1c13:  91% ▕████████████████  ▏ 4.8 GB/5.2 GB  411 MB/s      1s\u001b[K\u001b[?25h\u001b[?2026l\u001b[?2026h\u001b[?25l\u001b[A\u001b[1Gpulling manifest \u001b[K\n"}
,{"stream_name":"stderr","time":68.47049208,"data":"pulling a3de86cd1c13:  91% ▕████████████████  ▏ 4.8 GB/5.2 GB  411 MB/s      1s\u001b[K\u001b[?25h\u001b[?2026l\u001b[?2026h\u001b[?25l\u001b[A\u001b[1Gpulling manifest \u001b[K\n"}
,{"stream_name":"stderr","time":68.470496287,"data":"pulling a3de86cd1c13:  91% ▕████████████████  ▏ 4.8 GB/5.2 GB  411 MB/s      1s\u001b[K\u001b[?25h\u001b[?2026l\u001b[?2026h\u001b[?25l\u001b[A\u001b[1Gpulling manifest \u001b[K\n"}
,{"stream_name":"stderr","time":68.470543376,"data":"pulling a3de86cd1c13:  91% ▕████████████████  ▏ 4.8 GB/5.2 GB  411 MB/s      1s\u001b[K\u001b[?25h\u001b[?2026l\u001b[?2026h\u001b[?25l\u001b[A\u001b[1Gpulling manifest \u001b[K\n"}
,{"stream_name":"stderr","time":68.470577203,"data":"pulling a3de86cd1c13:  91% ▕████████████████  ▏ 4.8 GB/5.2 GB  411 MB/s      1s\u001b[K\u001b[?25h\u001b[?2026l\u001b[?2026h\u001b[?25l\u001b[A\u001b[1Gpulling manifest \u001b[K\n"}
,{"stream_name":"stderr","time":68.470583341,"data":"pulling a3de86cd1c13:  91% ▕████████████████  ▏ 4.8 GB/5.2 GB  411 MB/s      1s\u001b[K\u001b[?25h\u001b[?2026l\u001b[?2026h\u001b[?25l\u001b[A\u001b[1Gpulling manifest \u001b[K\n"}
,{"stream_name":"stderr","time":68.470589253,"data":"pulling a3de86cd1c13:  91% ▕████████████████  ▏ 4.8 GB/5.2 GB  411 MB/s      1s\u001b[K\u001b[?25h\u001b[?2026l\u001b[?2026h\u001b[?25l\u001b[A\u001b[1Gpulling manifest \u001b[K\n"}
,{"stream_name":"stderr","time":68.470600017,"data":"pulling a3de86cd1c13:  91% ▕████████████████  ▏ 4.8 GB/5.2 GB  411 MB/s      1s\u001b[K\u001b[?25h\u001b[?2026l\u001b[?2026h\u001b[?25l\u001b[A\u001b[1Gpulling manifest \u001b[K\n"}
,{"stream_name":"stderr","time":68.470606057,"data":"pulling a3de86cd1c13:  91% ▕████████████████  ▏ 4.8 GB/5.2 GB  411 MB/s      1s\u001b[K\u001b[?25h\u001b[?2026l\u001b[?2026h\u001b[?25l\u001b[A\u001b[1Gpulling manifest \u001b[K\n"}
,{"stream_name":"stderr","time":68.470612465,"data":"pulling a3de86cd1c13:  91% ▕████████████████  ▏ 4.8 GB/5.2 GB  411 MB/s      1s\u001b[K\u001b[?25h\u001b[?2026l\u001b[?2026h\u001b[?25l\u001b[A\u001b[1Gpulling manifest \u001b[K\n"}
,{"stream_name":"stderr","time":68.470616676,"data":"pulling a3de86cd1c13:  91% ▕████████████████  ▏ 4.8 GB/5.2 GB  411 MB/s      1s\u001b[K\u001b[?25h\u001b[?2026l\u001b[?2026h\u001b[?25l\u001b[A\u001b[1Gpulling manifest \u001b[K\n"}
,{"stream_name":"stderr","time":68.470620259,"data":"pulling a3de86cd1c13:  91% ▕████████████████  ▏ 4.8 GB/5.2 GB  411 MB/s      1s\u001b[K\u001b[?25h\u001b[?2026l\u001b[?2026h\u001b[?25l\u001b[A\u001b[1Gpulling manifest \u001b[K\n"}
,{"stream_name":"stderr","time":68.470623982,"data":"pulling a3de86cd1c13:  91% ▕████████████████  ▏ 4.8 GB/5.2 GB  411 MB/s      1s\u001b[K\u001b[?25h\u001b[?2026l\u001b[?2026h\u001b[?25l\u001b[A\u001b[1Gpulling manifest \u001b[K\n"}
,{"stream_name":"stderr","time":68.47062753,"data":"pulling a3de86cd1c13:  91% ▕████████████████  ▏ 4.8 GB/5.2 GB  411 MB/s      1s\u001b[K\u001b[?25h\u001b[?2026l\u001b[?2026h\u001b[?25l\u001b[A\u001b[1Gpulling manifest \u001b[K\n"}
,{"stream_name":"stderr","time":68.470631152,"data":"pulling a3de86cd1c13:  91% ▕████████████████  ▏ 4.8 GB/5.2 GB  411 MB/s      1s\u001b[K\u001b[?25h\u001b[?2026l\u001b[?2026h\u001b[?25l\u001b[A\u001b[1Gpulling manifest \u001b[K\n"}
,{"stream_name":"stderr","time":68.470634764,"data":"pulling a3de86cd1c13:  91% ▕████████████████  ▏ 4.8 GB/5.2 GB  411 MB/s      1s\u001b[K\u001b[?25h\u001b[?2026l\u001b[?2026h\u001b[?25l\u001b[A\u001b[1Gpulling manifest \u001b[K\n"}
,{"stream_name":"stderr","time":68.470640504,"data":"pulling a3de86cd1c13:  91% ▕████████████████  ▏ 4.8 GB/5.2 GB  411 MB/s      1s\u001b[K\u001b[?25h\u001b[?2026l\u001b[?2026h\u001b[?25l\u001b[A\u001b[1Gpulling manifest \u001b[K\n"}
,{"stream_name":"stderr","time":68.470651044,"data":"pulling a3de86cd1c13:  91% ▕████████████████  ▏ 4.8 GB/5.2 GB  411 MB/s      1s\u001b[K\u001b[?25h\u001b[?2026l\u001b[?2026h\u001b[?25l\u001b[A\u001b[1Gpulling manifest \u001b[K\n"}
,{"stream_name":"stderr","time":68.470656866,"data":"pulling a3de86cd1c13:  91% ▕████████████████  ▏ 4.8 GB/5.2 GB  411 MB/s      1s\u001b[K\u001b[?25h\u001b[?2026l\u001b[?2026h\u001b[?25l\u001b[A\u001b[1Gpulling manifest \u001b[K\n"}
,{"stream_name":"stderr","time":68.470663204,"data":"pulling a3de86cd1c13:  91% ▕████████████████  ▏ 4.8 GB/5.2 GB  411 MB/s      1s\u001b[K\u001b[?25h\u001b[?2026l\u001b[?2026h\u001b[?25l\u001b[A\u001b[1Gpulling manifest \u001b[K\n"}
,{"stream_name":"stderr","time":68.47066852,"data":"pulling a3de86cd1c13:  91% ▕████████████████  ▏ 4.8 GB/5.2 GB  411 MB/s      1s\u001b[K\u001b[?25h\u001b[?2026l\u001b[?2026h\u001b[?25l\u001b[A\u001b[1Gpulling manifest \u001b[K\n"}
,{"stream_name":"stderr","time":68.470674159,"data":"pulling a3de86cd1c13:  91% ▕████████████████  ▏ 4.8 GB/5.2 GB  411 MB/s      1s\u001b[K\u001b[?25h\u001b[?2026l\u001b[?2026h\u001b[?25l\u001b[A\u001b[1Gpulling manifest \u001b[K\n"}
,{"stream_name":"stderr","time":68.470807554,"data":"pulling a3de86cd1c13:  91% ▕████████████████  ▏ 4.8 GB/5.2 GB  411 MB/s      1s\u001b[K\u001b[?25h\u001b[?2026l\u001b[?2026h\u001b[?25l\u001b[A\u001b[1Gpulling manifest \u001b[K\n"}
,{"stream_name":"stderr","time":68.470823362,"data":"pulling a3de86cd1c13:  91% ▕████████████████  ▏ 4.8 GB/5.2 GB  411 MB/s      1s\u001b[K\u001b[?25h\u001b[?2026l\u001b[?2026h\u001b[?25l\u001b[A\u001b[1Gpulling manifest \u001b[K\n"}
,{"stream_name":"stderr","time":68.470829949,"data":"pulling a3de86cd1c13:  91% ▕████████████████  ▏ 4.8 GB/5.2 GB  411 MB/s      1s\u001b[K\u001b[?25h\u001b[?2026l\u001b[?2026h\u001b[?25l\u001b[A\u001b[1Gpulling manifest \u001b[K\n"}
,{"stream_name":"stderr","time":68.470836012,"data":"pulling a3de86cd1c13:  91% ▕████████████████  ▏ 4.8 GB/5.2 GB  363 MB/s      1s\u001b[K\u001b[?25h\u001b[?2026l\u001b[?2026h\u001b[?25l\u001b[A\u001b[1Gpulling manifest \u001b[K\n"}
,{"stream_name":"stderr","time":68.470841429,"data":"pulling a3de86cd1c13:  91% ▕████████████████  ▏ 4.8 GB/5.2 GB  363 MB/s      1s\u001b[K\u001b[?25h\u001b[?2026l\u001b[?2026h\u001b[?25l\u001b[A\u001b[1Gpulling manifest \u001b[K\n"}
,{"stream_name":"stderr","time":68.470846765,"data":"pulling a3de86cd1c13:  91% ▕████████████████  ▏ 4.8 GB/5.2 GB  363 MB/s      1s\u001b[K\u001b[?25h\u001b[?2026l\u001b[?2026h\u001b[?25l\u001b[A\u001b[1Gpulling manifest \u001b[K\n"}
,{"stream_name":"stderr","time":68.470852269,"data":"pulling a3de86cd1c13:  91% ▕████████████████  ▏ 4.8 GB/5.2 GB  363 MB/s      1s\u001b[K\u001b[?25h\u001b[?2026l\u001b[?2026h\u001b[?25l\u001b[A\u001b[1Gpulling manifest \u001b[K\n"}
,{"stream_name":"stderr","time":68.470858134,"data":"pulling a3de86cd1c13:  91% ▕████████████████  ▏ 4.8 GB/5.2 GB  363 MB/s      1s\u001b[K\u001b[?25h\u001b[?2026l\u001b[?2026h\u001b[?25l\u001b[A\u001b[1Gpulling manifest \u001b[K\n"}
,{"stream_name":"stderr","time":68.470864036,"data":"pulling a3de86cd1c13:  91% ▕████████████████  ▏ 4.8 GB/5.2 GB  363 MB/s      1s\u001b[K\u001b[?25h\u001b[?2026l\u001b[?2026h\u001b[?25l\u001b[A\u001b[1Gpulling manifest \u001b[K\n"}
,{"stream_name":"stderr","time":68.470875109,"data":"pulling a3de86cd1c13:  91% ▕████████████████  ▏ 4.8 GB/5.2 GB  363 MB/s      1s\u001b[K\u001b[?25h\u001b[?2026l\u001b[?2026h\u001b[?25l\u001b[A\u001b[1Gpulling manifest \u001b[K\n"}
,{"stream_name":"stderr","time":68.470893676,"data":"pulling a3de86cd1c13:  91% ▕████████████████  ▏ 4.8 GB/5.2 GB  363 MB/s      1s\u001b[K\u001b[?25h\u001b[?2026l\u001b[?2026h\u001b[?25l\u001b[A\u001b[1Gpulling manifest \u001b[K\n"}
,{"stream_name":"stderr","time":68.4708998,"data":"pulling a3de86cd1c13:  91% ▕████████████████  ▏ 4.8 GB/5.2 GB  363 MB/s      1s\u001b[K\u001b[?25h\u001b[?2026l\u001b[?2026h\u001b[?25l\u001b[A\u001b[1Gpulling manifest \u001b[K\n"}
,{"stream_name":"stderr","time":68.470905872,"data":"pulling a3de86cd1c13:  91% ▕████████████████  ▏ 4.8 GB/5.2 GB  363 MB/s      1s\u001b[K\u001b[?25h\u001b[?2026l\u001b[?2026h\u001b[?25l\u001b[A\u001b[1Gpulling manifest \u001b[K\n"}
,{"stream_name":"stderr","time":68.470923702,"data":"pulling a3de86cd1c13:  91% ▕████████████████  ▏ 4.8 GB/5.2 GB  301 MB/s      1s\u001b[K\u001b[?25h\u001b[?2026l\u001b[?2026h\u001b[?25l\u001b[A\u001b[1Gpulling manifest \u001b[K\n"}
,{"stream_name":"stderr","time":68.470929609,"data":"pulling a3de86cd1c13:  91% ▕████████████████  ▏ 4.8 GB/5.2 GB  301 MB/s      1s\u001b[K\u001b[?25h\u001b[?2026l\u001b[?2026h\u001b[?25l\u001b[A\u001b[1Gpulling manifest \u001b[K\n"}
,{"stream_name":"stderr","time":68.470935667,"data":"pulling a3de86cd1c13:  91% ▕████████████████  ▏ 4.8 GB/5.2 GB  301 MB/s      1s\u001b[K\u001b[?25h\u001b[?2026l\u001b[?2026h\u001b[?25l\u001b[A\u001b[1Gpulling manifest \u001b[K\n"}
,{"stream_name":"stderr","time":68.470941442,"data":"pulling a3de86cd1c13:  91% ▕████████████████  ▏ 4.8 GB/5.2 GB  301 MB/s      1s\u001b[K\u001b[?25h\u001b[?2026l\u001b[?2026h\u001b[?25l\u001b[A\u001b[1Gpulling manifest \u001b[K\n"}
,{"stream_name":"stderr","time":68.470947213,"data":"pulling a3de86cd1c13:  91% ▕████████████████  ▏ 4.8 GB/5.2 GB  301 MB/s      1s\u001b[K\u001b[?25h\u001b[?2026l\u001b[?2026h\u001b[?25l\u001b[A\u001b[1Gpulling manifest \u001b[K\n"}
,{"stream_name":"stderr","time":68.4709532,"data":"pulling a3de86cd1c13:  91% ▕████████████████  ▏ 4.8 GB/5.2 GB  301 MB/s      1s\u001b[K\u001b[?25h\u001b[?2026l\u001b[?2026h\u001b[?25l\u001b[A\u001b[1Gpulling manifest \u001b[K\n"}
,{"stream_name":"stderr","time":68.470958969,"data":"pulling a3de86cd1c13:  91% ▕████████████████  ▏ 4.8 GB/5.2 GB  301 MB/s      1s\u001b[K\u001b[?25h\u001b[?2026l\u001b[?2026h\u001b[?25l\u001b[A\u001b[1Gpulling manifest \u001b[K\n"}
,{"stream_name":"stderr","time":68.470965506,"data":"pulling a3de86cd1c13:  91% ▕████████████████  ▏ 4.8 GB/5.2 GB  301 MB/s      1s\u001b[K\u001b[?25h\u001b[?2026l\u001b[?2026h\u001b[?25l\u001b[A\u001b[1Gpulling manifest \u001b[K\n"}
,{"stream_name":"stderr","time":68.470971454,"data":"pulling a3de86cd1c13:  91% ▕████████████████  ▏ 4.8 GB/5.2 GB  301 MB/s      1s\u001b[K\u001b[?25h\u001b[?2026l\u001b[?2026h\u001b[?25l\u001b[A\u001b[1Gpulling manifest \u001b[K\n"}
,{"stream_name":"stderr","time":68.470977254,"data":"pulling a3de86cd1c13:  91% ▕████████████████  ▏ 4.8 GB/5.2 GB  301 MB/s      1s\u001b[K\u001b[?25h\u001b[?2026l\u001b[?2026h\u001b[?25l\u001b[A\u001b[1Gpulling manifest \u001b[K\n"}
,{"stream_name":"stderr","time":68.470983172,"data":"pulling a3de86cd1c13:  91% ▕████████████████  ▏ 4.8 GB/5.2 GB  301 MB/s      1s\u001b[K\u001b[?25h\u001b[?2026l\u001b[?2026h\u001b[?25l\u001b[A\u001b[1Gpulling manifest \u001b[K\n"}
,{"stream_name":"stderr","time":68.470992945,"data":"pulling a3de86cd1c13:  91% ▕████████████████  ▏ 4.8 GB/5.2 GB  235 MB/s      1s\u001b[K\u001b[?25h\u001b[?2026l\u001b[?2026h\u001b[?25l\u001b[A\u001b[1Gpulling manifest \u001b[K\n"}
,{"stream_name":"stderr","time":68.470998974,"data":"pulling a3de86cd1c13:  91% ▕████████████████  ▏ 4.8 GB/5.2 GB  235 MB/s      1s\u001b[K\u001b[?25h\u001b[?2026l\u001b[?2026h\u001b[?25l\u001b[A\u001b[1Gpulling manifest \u001b[K\n"}
,{"stream_name":"stderr","time":68.471004957,"data":"pulling a3de86cd1c13:  91% ▕████████████████  ▏ 4.8 GB/5.2 GB  235 MB/s      1s\u001b[K\u001b[?25h\u001b[?2026l\u001b[?2026h\u001b[?25l\u001b[A\u001b[1Gpulling manifest \u001b[K\n"}
,{"stream_name":"stderr","time":68.471010609,"data":"pulling a3de86cd1c13:  91% ▕████████████████  ▏ 4.8 GB/5.2 GB  235 MB/s      1s\u001b[K\u001b[?25h\u001b[?2026l\u001b[?2026h\u001b[?25l\u001b[A\u001b[1Gpulling manifest \u001b[K\n"}
,{"stream_name":"stderr","time":68.471016929,"data":"pulling a3de86cd1c13:  91% ▕████████████████  ▏ 4.8 GB/5.2 GB  235 MB/s      1s\u001b[K\u001b[?25h\u001b[?2026l\u001b[?2026h\u001b[?25l\u001b[A\u001b[1Gpulling manifest \u001b[K\n"}
,{"stream_name":"stderr","time":68.471022809,"data":"pulling a3de86cd1c13:  91% ▕████████████████  ▏ 4.8 GB/5.2 GB  235 MB/s      1s\u001b[K\u001b[?25h\u001b[?2026l\u001b[?2026h\u001b[?25l\u001b[A\u001b[1Gpulling manifest \u001b[K\n"}
,{"stream_name":"stderr","time":68.471028754,"data":"pulling a3de86cd1c13:  91% ▕████████████████  ▏ 4.8 GB/5.2 GB  235 MB/s      1s\u001b[K\u001b[?25h\u001b[?2026l\u001b[?2026h\u001b[?25l\u001b[A\u001b[1Gpulling manifest \u001b[K\n"}
,{"stream_name":"stderr","time":68.471034646,"data":"pulling a3de86cd1c13:  91% ▕████████████████  ▏ 4.8 GB/5.2 GB  235 MB/s      1s\u001b[K\u001b[?25h\u001b[?2026l\u001b[?2026h\u001b[?25l\u001b[A\u001b[1Gpulling manifest \u001b[K\n"}
,{"stream_name":"stderr","time":68.471041064,"data":"pulling a3de86cd1c13:  91% ▕████████████████  ▏ 4.8 GB/5.2 GB  235 MB/s      1s\u001b[K\u001b[?25h\u001b[?2026l\u001b[?2026h\u001b[?25l\u001b[A\u001b[1Gpulling manifest \u001b[K\n"}
,{"stream_name":"stderr","time":68.471046715,"data":"pulling a3de86cd1c13:  91% ▕████████████████  ▏ 4.8 GB/5.2 GB  235 MB/s      1s\u001b[K\u001b[?25h\u001b[?2026l\u001b[?2026h\u001b[?25l\u001b[A\u001b[1Gpulling manifest \u001b[K\n"}
,{"stream_name":"stderr","time":68.471052802,"data":"pulling a3de86cd1c13:  91% ▕████████████████  ▏ 4.8 GB/5.2 GB  179 MB/s      2s\u001b[K\u001b[?25h\u001b[?2026l\u001b[?2026h\u001b[?25l\u001b[A\u001b[1Gpulling manifest \u001b[K\n"}
,{"stream_name":"stderr","time":68.471058612,"data":"pulling a3de86cd1c13:  91% ▕████████████████  ▏ 4.8 GB/5.2 GB  179 MB/s      2s\u001b[K\u001b[?25h\u001b[?2026l\u001b[?2026h\u001b[?25l\u001b[A\u001b[1Gpulling manifest \u001b[K\n"}
,{"stream_name":"stderr","time":68.47106465,"data":"pulling a3de86cd1c13:  91% ▕████████████████  ▏ 4.8 GB/5.2 GB  179 MB/s      2s\u001b[K\u001b[?25h\u001b[?2026l\u001b[?2026h\u001b[?25l\u001b[A\u001b[1Gpulling manifest \u001b[K\n"}
,{"stream_name":"stderr","time":68.471070524,"data":"pulling a3de86cd1c13:  91% ▕████████████████  ▏ 4.8 GB/5.2 GB  179 MB/s      2s\u001b[K\u001b[?25h\u001b[?2026l\u001b[?2026h\u001b[?25l\u001b[A\u001b[1Gpulling manifest \u001b[K\n"}
,{"stream_name":"stderr","time":68.471080222,"data":"pulling a3de86cd1c13:  91% ▕████████████████  ▏ 4.8 GB/5.2 GB  179 MB/s      2s\u001b[K\u001b[?25h\u001b[?2026l\u001b[?2026h\u001b[?25l\u001b[A\u001b[1Gpulling manifest \u001b[K\n"}
,{"stream_name":"stderr","time":68.471086477,"data":"pulling a3de86cd1c13:  91% ▕████████████████  ▏ 4.8 GB/5.2 GB  179 MB/s      2s\u001b[K\u001b[?25h\u001b[?2026l\u001b[?2026h\u001b[?25l\u001b[A\u001b[1Gpulling manifest \u001b[K\n"}
,{"stream_name":"stderr","time":68.471092381,"data":"pulling a3de86cd1c13:  91% ▕████████████████  ▏ 4.8 GB/5.2 GB  179 MB/s      2s\u001b[K\u001b[?25h\u001b[?2026l\u001b[?2026h\u001b[?25l\u001b[A\u001b[1Gpulling manifest \u001b[K\n"}
,{"stream_name":"stderr","time":68.47109816,"data":"pulling a3de86cd1c13:  91% ▕████████████████  ▏ 4.8 GB/5.2 GB  179 MB/s      2s\u001b[K\u001b[?25h\u001b[?2026l\u001b[?2026h\u001b[?25l\u001b[A\u001b[1Gpulling manifest \u001b[K\n"}
,{"stream_name":"stderr","time":68.471110994,"data":"pulling a3de86cd1c13:  91% ▕████████████████  ▏ 4.8 GB/5.2 GB  179 MB/s      2s\u001b[K\u001b[?25h\u001b[?2026l\u001b[?2026h\u001b[?25l\u001b[A\u001b[1Gpulling manifest \u001b[K\n"}
,{"stream_name":"stderr","time":68.471117581,"data":"pulling a3de86cd1c13:  91% ▕████████████████  ▏ 4.8 GB/5.2 GB  179 MB/s      2s\u001b[K\u001b[?25h\u001b[?2026l\u001b[?2026h\u001b[?25l\u001b[A\u001b[1Gpulling manifest \u001b[K\n"}
,{"stream_name":"stderr","time":68.471125324,"data":"pulling a3de86cd1c13:  91% ▕████████████████  ▏ 4.8 GB/5.2 GB  128 MB/s      3s\u001b[K\u001b[?25h\u001b[?2026l\u001b[?2026h\u001b[?25l\u001b[A\u001b[1Gpulling manifest \u001b[K\n"}
,{"stream_name":"stderr","time":68.471131659,"data":"pulling a3de86cd1c13:  91% ▕████████████████  ▏ 4.8 GB/5.2 GB  128 MB/s      3s\u001b[K\u001b[?25h\u001b[?2026l\u001b[?2026h\u001b[?25l\u001b[A\u001b[1Gpulling manifest \u001b[K\n"}
,{"stream_name":"stderr","time":68.471137151,"data":"pulling a3de86cd1c13:  91% ▕████████████████  ▏ 4.8 GB/5.2 GB  128 MB/s      3s\u001b[K\u001b[?25h\u001b[?2026l\u001b[?2026h\u001b[?25l\u001b[A\u001b[1Gpulling manifest \u001b[K\n"}
,{"stream_name":"stderr","time":68.471142936,"data":"pulling a3de86cd1c13:  91% ▕████████████████  ▏ 4.8 GB/5.2 GB  128 MB/s      3s\u001b[K\u001b[?25h\u001b[?2026l\u001b[?2026h\u001b[?25l\u001b[A\u001b[1Gpulling manifest \u001b[K\n"}
,{"stream_name":"stderr","time":68.471148726,"data":"pulling a3de86cd1c13:  91% ▕████████████████  ▏ 4.8 GB/5.2 GB  128 MB/s      3s\u001b[K\u001b[?25h\u001b[?2026l\u001b[?2026h\u001b[?25l\u001b[A\u001b[1Gpulling manifest \u001b[K\n"}
,{"stream_name":"stderr","time":68.471154754,"data":"pulling a3de86cd1c13:  91% ▕████████████████  ▏ 4.8 GB/5.2 GB  128 MB/s      3s\u001b[K\u001b[?25h\u001b[?2026l\u001b[?2026h\u001b[?25l\u001b[A\u001b[1Gpulling manifest \u001b[K\n"}
,{"stream_name":"stderr","time":68.484714741,"data":"pulling a3de86cd1c13:  91% ▕████████████████  ▏ 4.8 GB/5.2 GB  128 MB/s      3s\u001b[K\u001b[?25h\u001b[?2026l\u001b[?2026h\u001b[?25l\u001b[A\u001b[1Gpulling manifest \u001b[K\n"}
,{"stream_name":"stderr","time":68.586632794,"data":"pulling a3de86cd1c13:  91% ▕████████████████  ▏ 4.8 GB/5.2 GB  128 MB/s      3s\u001b[K\u001b[?25h\u001b[?2026l\u001b[?2026h\u001b[?25l\u001b[A\u001b[1Gpulling manifest \u001b[K\n"}
,{"stream_name":"stderr","time":68.685770268,"data":"pulling a3de86cd1c13:  92% ▕████████████████  ▏ 4.8 GB/5.2 GB  128 MB/s      3s\u001b[K\u001b[?25h\u001b[?2026l\u001b[?2026h\u001b[?25l\u001b[A\u001b[1Gpulling manifest \u001b[K\n"}
,{"stream_name":"stderr","time":68.784908715,"data":"pulling a3de86cd1c13:  92% ▕████████████████  ▏ 4.8 GB/5.2 GB  128 MB/s      3s\u001b[K\u001b[?25h\u001b[?2026l\u001b[?2026h\u001b[?25l\u001b[A\u001b[1Gpulling manifest \u001b[K\n"}
,{"stream_name":"stderr","time":68.884090675,"data":"pulling a3de86cd1c13:  93% ▕████████████████  ▏ 4.9 GB/5.2 GB   74 MB/s      4s\u001b[K\u001b[?25h\u001b[?2026l\u001b[?2026h\u001b[?25l\u001b[A\u001b[1Gpulling manifest \u001b[K\n"}
,{"stream_name":"stderr","time":68.984842507,"data":"pulling a3de86cd1c13:  94% ▕████████████████  ▏ 4.9 GB/5.2 GB   74 MB/s      4s\u001b[K\u001b[?25h\u001b[?2026l\u001b[?2026h\u001b[?25l\u001b[A\u001b[1Gpulling manifest \u001b[K\n"}
,{"stream_name":"stderr","time":69.085372081,"data":"pulling a3de86cd1c13:  95% ▕█████████████████ ▏ 4.9 GB/5.2 GB   74 MB/s      3s\u001b[K\u001b[?25h\u001b[?2026l\u001b[?2026h\u001b[?25l\u001b[A\u001b[1Gpulling manifest \u001b[K\n"}
,{"stream_name":"stderr","time":69.184975083,"data":"pulling a3de86cd1c13:  96% ▕█████████████████ ▏ 5.0 GB/5.2 GB   74 MB/s      3s\u001b[K\u001b[?25h\u001b[?2026l\u001b[?2026h\u001b[?25l\u001b[A\u001b[1Gpulling manifest \u001b[K\n"}
,{"stream_name":"stderr","time":69.284152311,"data":"pulling a3de86cd1c13:  97% ▕█████████████████ ▏ 5.1 GB/5.2 GB   74 MB/s      2s\u001b[K\u001b[?25h\u001b[?2026l\u001b[?2026h\u001b[?25l\u001b[A\u001b[1Gpulling manifest \u001b[K\n"}
,{"stream_name":"stderr","time":69.384739628,"data":"pulling a3de86cd1c13:  97% ▕█████████████████ ▏ 5.1 GB/5.2 GB   74 MB/s      2s\u001b[K\u001b[?25h\u001b[?2026l\u001b[?2026h\u001b[?25l\u001b[A\u001b[1Gpulling manifest \u001b[K\n"}
,{"stream_name":"stderr","time":69.484651545,"data":"pulling a3de86cd1c13:  98% ▕█████████████████ ▏ 5.1 GB/5.2 GB   74 MB/s      1s\u001b[K\u001b[?25h\u001b[?2026l\u001b[?2026h\u001b[?25l\u001b[A\u001b[1Gpulling manifest \u001b[K\n"}
,{"stream_name":"stderr","time":69.585180924,"data":"pulling a3de86cd1c13:  98% ▕█████████████████ ▏ 5.1 GB/5.2 GB   74 MB/s      1s\u001b[K\u001b[?25h\u001b[?2026l\u001b[?2026h\u001b[?25l\u001b[A\u001b[1Gpulling manifest \u001b[K\n"}
,{"stream_name":"stderr","time":69.684747681,"data":"pulling a3de86cd1c13:  98% ▕█████████████████ ▏ 5.1 GB/5.2 GB   74 MB/s      1s\u001b[K\u001b[?25h\u001b[?2026l\u001b[?2026h\u001b[?25l\u001b[A\u001b[1Gpulling manifest \u001b[K\n"}
,{"stream_name":"stderr","time":69.784265663,"data":"pulling a3de86cd1c13:  99% ▕█████████████████ ▏ 5.1 GB/5.2 GB   74 MB/s      1s\u001b[K\u001b[?25h\u001b[?2026l\u001b[?2026h\u001b[?25l\u001b[A\u001b[1Gpulling manifest \u001b[K\n"}
,{"stream_name":"stderr","time":69.8845639,"data":"pulling a3de86cd1c13:  99% ▕█████████████████ ▏ 5.2 GB/5.2 GB   45 MB/s      1s\u001b[K\u001b[?25h\u001b[?2026l\u001b[?2026h\u001b[?25l\u001b[A\u001b[1Gpulling manifest \u001b[K\n"}
,{"stream_name":"stderr","time":69.984380967,"data":"pulling a3de86cd1c13:  99% ▕█████████████████ ▏ 5.2 GB/5.2 GB   45 MB/s      1s\u001b[K\u001b[?25h\u001b[?2026l\u001b[?2026h\u001b[?25l\u001b[A\u001b[1Gpulling manifest \u001b[K\n"}
,{"stream_name":"stderr","time":70.085038678,"data":"pulling a3de86cd1c13:  99% ▕█████████████████ ▏ 5.2 GB/5.2 GB   45 MB/s      1s\u001b[K\u001b[?25h\u001b[?2026l\u001b[?2026h\u001b[?25l\u001b[A\u001b[1Gpulling manifest \u001b[K\n"}
,{"stream_name":"stderr","time":70.184396129,"data":"pulling a3de86cd1c13:  99% ▕█████████████████ ▏ 5.2 GB/5.2 GB   45 MB/s      1s\u001b[K\u001b[?25h\u001b[?2026l\u001b[?2026h\u001b[?25l\u001b[A\u001b[1Gpulling manifest \u001b[K\n"}
,{"stream_name":"stderr","time":70.284920724,"data":"pulling a3de86cd1c13:  99% ▕█████████████████ ▏ 5.2 GB/5.2 GB   45 MB/s      1s\u001b[K\u001b[?25h\u001b[?2026l\u001b[?2026h\u001b[?25l\u001b[A\u001b[1Gpulling manifest \u001b[K\n"}
,{"stream_name":"stderr","time":70.384949054,"data":"pulling a3de86cd1c13:  99% ▕█████████████████ ▏ 5.2 GB/5.2 GB   45 MB/s      1s\u001b[K\u001b[?25h\u001b[?2026l\u001b[?2026h\u001b[?25l\u001b[A\u001b[1Gpulling manifest \u001b[K\n"}
,{"stream_name":"stderr","time":70.484367933,"data":"pulling a3de86cd1c13:  99% ▕█████████████████ ▏ 5.2 GB/5.2 GB   45 MB/s      1s\u001b[K\u001b[?25h\u001b[?2026l\u001b[?2026h\u001b[?25l\u001b[A\u001b[1Gpulling manifest \u001b[K\n"}
,{"stream_name":"stderr","time":70.584348632,"data":"pulling a3de86cd1c13:  99% ▕█████████████████ ▏ 5.2 GB/5.2 GB   45 MB/s      1s\u001b[K\u001b[?25h\u001b[?2026l\u001b[?2026h\u001b[?25l\u001b[A\u001b[1Gpulling manifest \u001b[K\n"}
,{"stream_name":"stderr","time":70.68481045,"data":"pulling a3de86cd1c13:  99% ▕█████████████████ ▏ 5.2 GB/5.2 GB   45 MB/s      0s\u001b[K\u001b[?25h\u001b[?2026l\u001b[?2026h\u001b[?25l\u001b[A\u001b[1Gpulling manifest \u001b[K\n"}
,{"stream_name":"stderr","time":70.784083424,"data":"pulling a3de86cd1c13:  99% ▕█████████████████ ▏ 5.2 GB/5.2 GB   45 MB/s      0s\u001b[K\u001b[?25h\u001b[?2026l\u001b[?2026h\u001b[?25l\u001b[A\u001b[1Gpulling manifest \u001b[K\n"}
,{"stream_name":"stderr","time":70.88447348,"data":"pulling a3de86cd1c13:  99% ▕█████████████████ ▏ 5.2 GB/5.2 GB   45 MB/s      0s\u001b[K\u001b[?25h\u001b[?2026l\u001b[?2026h\u001b[?25l\u001b[A\u001b[1Gpulling manifest \u001b[K\n"}
,{"stream_name":"stderr","time":70.984761695,"data":"pulling a3de86cd1c13:  99% ▕█████████████████ ▏ 5.2 GB/5.2 GB   48 MB/s      0s\u001b[K\u001b[?25h\u001b[?2026l\u001b[?2026h\u001b[?25l\u001b[A\u001b[1Gpulling manifest \u001b[K\n"}
,{"stream_name":"stderr","time":71.08428671,"data":"pulling a3de86cd1c13:  99% ▕█████████████████ ▏ 5.2 GB/5.2 GB   48 MB/s      0s\u001b[K\u001b[?25h\u001b[?2026l\u001b[?2026h\u001b[?25l\u001b[A\u001b[1Gpulling manifest \u001b[K\n"}
,{"stream_name":"stderr","time":71.184028291,"data":"pulling a3de86cd1c13:  99% ▕█████████████████ ▏ 5.2 GB/5.2 GB   48 MB/s      0s\u001b[K\u001b[?25h\u001b[?2026l\u001b[?2026h\u001b[?25l\u001b[A\u001b[1Gpulling manifest \u001b[K\n"}
,{"stream_name":"stderr","time":71.284375186,"data":"pulling a3de86cd1c13:  99% ▕█████████████████ ▏ 5.2 GB/5.2 GB   48 MB/s      0s\u001b[K\u001b[?25h\u001b[?2026l\u001b[?2026h\u001b[?25l\u001b[A\u001b[1Gpulling manifest \u001b[K\n"}
,{"stream_name":"stderr","time":71.385180299,"data":"pulling a3de86cd1c13: 100% ▕█████████████████ ▏ 5.2 GB/5.2 GB   48 MB/s      0s\u001b[K\u001b[?25h\u001b[?2026l\u001b[?2026h\u001b[?25l\u001b[A\u001b[1Gpulling manifest \u001b[K\n"}
,{"stream_name":"stderr","time":71.484387719,"data":"pulling a3de86cd1c13: 100% ▕█████████████████ ▏ 5.2 GB/5.2 GB   48 MB/s      0s\u001b[K\u001b[?25h\u001b[?2026l\u001b[?2026h\u001b[?25l\u001b[A\u001b[1Gpulling manifest \u001b[K\n"}
,{"stream_name":"stderr","time":71.584880774,"data":"pulling a3de86cd1c13: 100% ▕█████████████████ ▏ 5.2 GB/5.2 GB   48 MB/s      0s\u001b[K\u001b[?25h\u001b[?2026l\u001b[?2026h\u001b[?25l\u001b[A\u001b[1Gpulling manifest \u001b[K\n"}
,{"stream_name":"stderr","time":71.684691096,"data":"pulling a3de86cd1c13: 100% ▕█████████████████ ▏ 5.2 GB/5.2 GB   48 MB/s      0s\u001b[K\u001b[?25h\u001b[?2026l\u001b[?2026h\u001b[?25l\u001b[A\u001b[1Gpulling manifest \u001b[K\n"}
,{"stream_name":"stderr","time":71.785066076,"data":"pulling a3de86cd1c13: 100% ▕█████████████████ ▏ 5.2 GB/5.2 GB   48 MB/s      0s\u001b[K\u001b[?25h\u001b[?2026l\u001b[?2026h\u001b[?25l\u001b[A\u001b[1Gpulling manifest \u001b[K\n"}
,{"stream_name":"stderr","time":71.884141893,"data":"pulling a3de86cd1c13: 100% ▕█████████████████ ▏ 5.2 GB/5.2 GB   48 MB/s      0s\u001b[K\u001b[?25h\u001b[?2026l\u001b[?2026h\u001b[?25l\u001b[A\u001b[1Gpulling manifest \u001b[K\n"}
,{"stream_name":"stderr","time":71.984217577,"data":"pulling a3de86cd1c13: 100% ▕█████████████████ ▏ 5.2 GB/5.2 GB   51 MB/s      0s\u001b[K\u001b[?25h\u001b[?2026l\u001b[?2026h\u001b[?25l\u001b[A\u001b[1Gpulling manifest \u001b[K\n"}
,{"stream_name":"stderr","time":72.084765096,"data":"pulling a3de86cd1c13: 100% ▕█████████████████ ▏ 5.2 GB/5.2 GB   51 MB/s      0s\u001b[K\u001b[?25h\u001b[?2026l\u001b[?2026h\u001b[?25l\u001b[A\u001b[1Gpulling manifest \u001b[K\n"}
,{"stream_name":"stderr","time":72.184709705,"data":"pulling a3de86cd1c13: 100% ▕█████████████████ ▏ 5.2 GB/5.2 GB   51 MB/s      0s\u001b[K\u001b[?25h\u001b[?2026l\u001b[?2026h\u001b[?25l\u001b[A\u001b[1Gpulling manifest \u001b[K\n"}
,{"stream_name":"stderr","time":72.284848651,"data":"pulling a3de86cd1c13: 100% ▕█████████████████ ▏ 5.2 GB/5.2 GB   51 MB/s      0s\u001b[K\u001b[?25h\u001b[?2026l\u001b[?2026h\u001b[?25l\u001b[A\u001b[1Gpulling manifest \u001b[K\n"}
,{"stream_name":"stderr","time":72.384057426,"data":"pulling a3de86cd1c13: 100% ▕██████████████████▏ 5.2 GB                         \u001b[K\u001b[?25h\u001b[?2026l\u001b[?2026h\u001b[?25l\u001b[A\u001b[1Gpulling manifest \u001b[K\n"}
,{"stream_name":"stderr","time":72.484579436,"data":"pulling a3de86cd1c13: 100% ▕██████████████████▏ 5.2 GB                         \u001b[K\u001b[?25h\u001b[?2026l\u001b[?2026h\u001b[?25l\u001b[A\u001b[1Gpulling manifest \u001b[K\n"}
,{"stream_name":"stderr","time":72.585172429,"data":"pulling a3de86cd1c13: 100% ▕██████████████████▏ 5.2 GB                         \u001b[K\u001b[?25h\u001b[?2026l\u001b[?2026h\u001b[?25l\u001b[A\u001b[1Gpulling manifest \u001b[K\n"}
,{"stream_name":"stderr","time":72.684479523,"data":"pulling a3de86cd1c13: 100% ▕██████████████████▏ 5.2 GB                         \u001b[K\u001b[?25h\u001b[?2026l\u001b[?2026h\u001b[?25l\u001b[A\u001b[1Gpulling manifest \u001b[K\n"}
,{"stream_name":"stderr","time":72.784089615,"data":"pulling a3de86cd1c13: 100% ▕██████████████████▏ 5.2 GB                         \u001b[K\u001b[?25h\u001b[?2026l\u001b[?2026h\u001b[?25l\u001b[A\u001b[1Gpulling manifest \u001b[K\n"}
,{"stream_name":"stderr","time":72.884587592,"data":"pulling a3de86cd1c13: 100% ▕██████████████████▏ 5.2 GB                         \u001b[K\u001b[?25h\u001b[?2026l\u001b[?2026h\u001b[?25l\u001b[A\u001b[1Gpulling manifest \u001b[K\n"}
,{"stream_name":"stderr","time":72.985071093,"data":"pulling a3de86cd1c13: 100% ▕██████████████████▏ 5.2 GB                         \u001b[K\u001b[?25h\u001b[?2026l\u001b[?2026h\u001b[?25l\u001b[A\u001b[1Gpulling manifest \u001b[K\n"}
,{"stream_name":"stderr","time":73.085122283,"data":"pulling a3de86cd1c13: 100% ▕██████████████████▏ 5.2 GB                         \u001b[K\u001b[?25h\u001b[?2026l\u001b[?2026h\u001b[?25l\u001b[A\u001b[1Gpulling manifest \u001b[K\n"}
,{"stream_name":"stderr","time":73.184819571,"data":"pulling a3de86cd1c13: 100% ▕██████████████████▏ 5.2 GB                         \u001b[K\u001b[?25h\u001b[?2026l\u001b[?2026h\u001b[?25l\u001b[A\u001b[1Gpulling manifest \u001b[K\n"}
,{"stream_name":"stderr","time":73.284068217,"data":"pulling a3de86cd1c13: 100% ▕██████████████████▏ 5.2 GB                         \u001b[K\u001b[?25h\u001b[?2026l\u001b[?2026h\u001b[?25l\u001b[A\u001b[1Gpulling manifest \u001b[K\n"}
,{"stream_name":"stderr","time":73.38484101,"data":"pulling a3de86cd1c13: 100% ▕██████████████████▏ 5.2 GB                         \u001b[K\u001b[?25h\u001b[?2026l\u001b[?2026h\u001b[?25l\u001b[A\u001b[1Gpulling manifest \u001b[K\n"}
,{"stream_name":"stderr","time":73.48441626,"data":"pulling a3de86cd1c13: 100% ▕██████████████████▏ 5.2 GB                         \u001b[K\u001b[?25h\u001b[?2026l\u001b[?2026h\u001b[?25l\u001b[A\u001b[1Gpulling manifest \u001b[K\n"}
,{"stream_name":"stderr","time":73.584812418,"data":"pulling a3de86cd1c13: 100% ▕██████████████████▏ 5.2 GB                         \u001b[K\u001b[?25h\u001b[?2026l\u001b[?2026h\u001b[?25l\u001b[A\u001b[1Gpulling manifest \u001b[K\n"}
,{"stream_name":"stderr","time":73.684849458,"data":"pulling a3de86cd1c13: 100% ▕██████████████████▏ 5.2 GB                         \u001b[K\u001b[?25h\u001b[?2026l\u001b[?2026h\u001b[?25l\u001b[A\u001b[1Gpulling manifest \u001b[K\n"}
,{"stream_name":"stderr","time":73.784077805,"data":"pulling a3de86cd1c13: 100% ▕██████████████████▏ 5.2 GB                         \u001b[K\u001b[?25h\u001b[?2026l\u001b[?2026h\u001b[?25l\u001b[A\u001b[1Gpulling manifest \u001b[K\n"}
,{"stream_name":"stderr","time":73.884582387,"data":"pulling a3de86cd1c13: 100% ▕██████████████████▏ 5.2 GB                         \u001b[K\u001b[?25h\u001b[?2026l\u001b[?2026h\u001b[?25l\u001b[A\u001b[1Gpulling manifest \u001b[K\n"}
,{"stream_name":"stderr","time":73.984853582,"data":"pulling a3de86cd1c13: 100% ▕██████████████████▏ 5.2 GB                         \u001b[K\u001b[?25h\u001b[?2026l\u001b[?2026h\u001b[?25l\u001b[A\u001b[1Gpulling manifest \u001b[K\n"}
,{"stream_name":"stderr","time":74.084249233,"data":"pulling a3de86cd1c13: 100% ▕██████████████████▏ 5.2 GB                         \u001b[K\u001b[?25h\u001b[?2026l\u001b[?2026h\u001b[?25l\u001b[A\u001b[1Gpulling manifest \u001b[K\n"}
,{"stream_name":"stderr","time":74.18443326,"data":"pulling a3de86cd1c13: 100% ▕██████████████████▏ 5.2 GB                         \u001b[K\u001b[?25h\u001b[?2026l\u001b[?2026h\u001b[?25l\u001b[A\u001b[1Gpulling manifest \u001b[K\n"}
,{"stream_name":"stderr","time":74.28473246,"data":"pulling a3de86cd1c13: 100% ▕██████████████████▏ 5.2 GB                         \u001b[K\u001b[?25h\u001b[?2026l\u001b[?2026h\u001b[?25l\u001b[A\u001b[1Gpulling manifest \u001b[K\n"}
,{"stream_name":"stderr","time":74.38419001,"data":"pulling a3de86cd1c13: 100% ▕██████████████████▏ 5.2 GB                         \u001b[K\u001b[?25h\u001b[?2026l\u001b[?2026h\u001b[?25l\u001b[A\u001b[1Gpulling manifest \u001b[K\n"}
,{"stream_name":"stderr","time":74.3842512,"data":"pulling a3de86cd1c13: 100% ▕██████████████████▏ 5.2 GB                         \u001b[K\n"}
,{"stream_name":"stderr","time":74.484881604,"data":"verifying sha256 digest ⠋ \u001b[K\u001b[?25h\u001b[?2026l\u001b[?2026h\u001b[?25l\u001b[A\u001b[A\u001b[1Gpulling manifest \u001b[K\n"}
,{"stream_name":"stderr","time":74.484922603,"data":"pulling a3de86cd1c13: 100% ▕██████████████████▏ 5.2 GB                         \u001b[K\n"}
,{"stream_name":"stderr","time":74.584404753,"data":"verifying sha256 digest ⠙ \u001b[K\u001b[?25h\u001b[?2026l\u001b[?2026h\u001b[?25l\u001b[A\u001b[A\u001b[1Gpulling manifest \u001b[K\n"}
,{"stream_name":"stderr","time":74.584446203,"data":"pulling a3de86cd1c13: 100% ▕██████████████████▏ 5.2 GB                         \u001b[K\n"}
,{"stream_name":"stderr","time":74.685105175,"data":"verifying sha256 digest ⠹ \u001b[K\u001b[?25h\u001b[?2026l\u001b[?2026h\u001b[?25l\u001b[A\u001b[A\u001b[1Gpulling manifest \u001b[K\n"}
,{"stream_name":"stderr","time":74.685154876,"data":"pulling a3de86cd1c13: 100% ▕██████████████████▏ 5.2 GB                         \u001b[K\n"}
,{"stream_name":"stderr","time":74.784649853,"data":"verifying sha256 digest ⠸ \u001b[K\u001b[?25h\u001b[?2026l\u001b[?2026h\u001b[?25l\u001b[A\u001b[A\u001b[1Gpulling manifest \u001b[K\n"}
,{"stream_name":"stderr","time":74.784796238,"data":"pulling a3de86cd1c13: 100% ▕██████████████████▏ 5.2 GB                         \u001b[K\n"}
,{"stream_name":"stderr","time":74.884206762,"data":"verifying sha256 digest ⠼ \u001b[K\u001b[?25h\u001b[?2026l\u001b[?2026h\u001b[?25l\u001b[A\u001b[A\u001b[1Gpulling manifest \u001b[K\n"}
,{"stream_name":"stderr","time":74.884255186,"data":"pulling a3de86cd1c13: 100% ▕██████████████████▏ 5.2 GB                         \u001b[K\n"}
,{"stream_name":"stderr","time":74.98482682,"data":"verifying sha256 digest ⠴ \u001b[K\u001b[?25h\u001b[?2026l\u001b[?2026h\u001b[?25l\u001b[A\u001b[A\u001b[1Gpulling manifest \u001b[K\n"}
,{"stream_name":"stderr","time":74.98486981,"data":"pulling a3de86cd1c13: 100% ▕██████████████████▏ 5.2 GB                         \u001b[K\n"}
,{"stream_name":"stderr","time":75.084329365,"data":"verifying sha256 digest ⠦ \u001b[K\u001b[?25h\u001b[?2026l\u001b[?2026h\u001b[?25l\u001b[A\u001b[A\u001b[1Gpulling manifest \u001b[K\n"}
,{"stream_name":"stderr","time":75.084366595,"data":"pulling a3de86cd1c13: 100% ▕██████████████████▏ 5.2 GB                         \u001b[K\n"}
,{"stream_name":"stderr","time":75.185009088,"data":"verifying sha256 digest ⠧ \u001b[K\u001b[?25h\u001b[?2026l\u001b[?2026h\u001b[?25l\u001b[A\u001b[A\u001b[1Gpulling manifest \u001b[K\n"}
,{"stream_name":"stderr","time":75.185049258,"data":"pulling a3de86cd1c13: 100% ▕██████████████████▏ 5.2 GB                         \u001b[K\n"}
,{"stream_name":"stderr","time":75.284642384,"data":"verifying sha256 digest ⠇ \u001b[K\u001b[?25h\u001b[?2026l\u001b[?2026h\u001b[?25l\u001b[A\u001b[A\u001b[1Gpulling manifest \u001b[K\n"}
,{"stream_name":"stderr","time":75.28470034,"data":"pulling a3de86cd1c13: 100% ▕██████████████████▏ 5.2 GB                         \u001b[K\n"}
,{"stream_name":"stderr","time":75.384541118,"data":"verifying sha256 digest ⠏ \u001b[K\u001b[?25h\u001b[?2026l\u001b[?2026h\u001b[?25l\u001b[A\u001b[A\u001b[1Gpulling manifest \u001b[K\n"}
,{"stream_name":"stderr","time":75.384600581,"data":"pulling a3de86cd1c13: 100% ▕██████████████████▏ 5.2 GB                         \u001b[K\n"}
,{"stream_name":"stderr","time":75.484169212,"data":"verifying sha256 digest ⠋ \u001b[K\u001b[?25h\u001b[?2026l\u001b[?2026h\u001b[?25l\u001b[A\u001b[A\u001b[1Gpulling manifest \u001b[K\n"}
,{"stream_name":"stderr","time":75.484208678,"data":"pulling a3de86cd1c13: 100% ▕██████████████████▏ 5.2 GB                         \u001b[K\n"}
,{"stream_name":"stderr","time":75.584786525,"data":"verifying sha256 digest ⠙ \u001b[K\u001b[?25h\u001b[?2026l\u001b[?2026h\u001b[?25l\u001b[A\u001b[A\u001b[1Gpulling manifest \u001b[K\n"}
,{"stream_name":"stderr","time":75.584829443,"data":"pulling a3de86cd1c13: 100% ▕██████████████████▏ 5.2 GB                         \u001b[K\n"}
,{"stream_name":"stderr","time":75.68435376,"data":"verifying sha256 digest ⠹ \u001b[K\u001b[?25h\u001b[?2026l\u001b[?2026h\u001b[?25l\u001b[A\u001b[A\u001b[1Gpulling manifest \u001b[K\n"}
,{"stream_name":"stderr","time":75.684396091,"data":"pulling a3de86cd1c13: 100% ▕██████████████████▏ 5.2 GB                         \u001b[K\n"}
,{"stream_name":"stderr","time":75.785010908,"data":"verifying sha256 digest ⠸ \u001b[K\u001b[?25h\u001b[?2026l\u001b[?2026h\u001b[?25l\u001b[A\u001b[A\u001b[1Gpulling manifest \u001b[K\n"}
,{"stream_name":"stderr","time":75.785050986,"data":"pulling a3de86cd1c13: 100% ▕██████████████████▏ 5.2 GB                         \u001b[K\n"}
,{"stream_name":"stderr","time":75.884554638,"data":"verifying sha256 digest ⠼ \u001b[K\u001b[?25h\u001b[?2026l\u001b[?2026h\u001b[?25l\u001b[A\u001b[A\u001b[1Gpulling manifest \u001b[K\n"}
,{"stream_name":"stderr","time":75.884596085,"data":"pulling a3de86cd1c13: 100% ▕██████████████████▏ 5.2 GB                         \u001b[K\n"}
,{"stream_name":"stderr","time":75.984202679,"data":"verifying sha256 digest ⠴ \u001b[K\u001b[?25h\u001b[?2026l\u001b[?2026h\u001b[?25l\u001b[A\u001b[A\u001b[1Gpulling manifest \u001b[K\n"}
,{"stream_name":"stderr","time":75.984242893,"data":"pulling a3de86cd1c13: 100% ▕██████████████████▏ 5.2 GB                         \u001b[K\n"}
,{"stream_name":"stderr","time":76.084904956,"data":"verifying sha256 digest ⠦ \u001b[K\u001b[?25h\u001b[?2026l\u001b[?2026h\u001b[?25l\u001b[A\u001b[A\u001b[1Gpulling manifest \u001b[K\n"}
,{"stream_name":"stderr","time":76.084944802,"data":"pulling a3de86cd1c13: 100% ▕██████████████████▏ 5.2 GB                         \u001b[K\n"}
,{"stream_name":"stderr","time":76.18449057,"data":"verifying sha256 digest ⠧ \u001b[K\u001b[?25h\u001b[?2026l\u001b[?2026h\u001b[?25l\u001b[A\u001b[A\u001b[1Gpulling manifest \u001b[K\n"}
,{"stream_name":"stderr","time":76.184548611,"data":"pulling a3de86cd1c13: 100% ▕██████████████████▏ 5.2 GB                         \u001b[K\n"}
,{"stream_name":"stderr","time":76.284113952,"data":"verifying sha256 digest ⠇ \u001b[K\u001b[?25h\u001b[?2026l\u001b[?2026h\u001b[?25l\u001b[A\u001b[A\u001b[1Gpulling manifest \u001b[K\n"}
,{"stream_name":"stderr","time":76.28415544,"data":"pulling a3de86cd1c13: 100% ▕██████████████████▏ 5.2 GB                         \u001b[K\n"}
,{"stream_name":"stderr","time":76.384806478,"data":"verifying sha256 digest ⠏ \u001b[K\u001b[?25h\u001b[?2026l\u001b[?2026h\u001b[?25l\u001b[A\u001b[A\u001b[1Gpulling manifest \u001b[K\n"}
,{"stream_name":"stderr","time":76.384847171,"data":"pulling a3de86cd1c13: 100% ▕██████████████████▏ 5.2 GB                         \u001b[K\n"}
,{"stream_name":"stderr","time":76.484255188,"data":"verifying sha256 digest ⠋ \u001b[K\u001b[?25h\u001b[?2026l\u001b[?2026h\u001b[?25l\u001b[A\u001b[A\u001b[1Gpulling manifest \u001b[K\n"}
,{"stream_name":"stderr","time":76.484297763,"data":"pulling a3de86cd1c13: 100% ▕██████████████████▏ 5.2 GB                         \u001b[K\n"}
,{"stream_name":"stderr","time":76.584950564,"data":"verifying sha256 digest ⠙ \u001b[K\u001b[?25h\u001b[?2026l\u001b[?2026h\u001b[?25l\u001b[A\u001b[A\u001b[1Gpulling manifest \u001b[K\n"}
,{"stream_name":"stderr","time":76.584987847,"data":"pulling a3de86cd1c13: 100% ▕██████████████████▏ 5.2 GB                         \u001b[K\n"}
,{"stream_name":"stderr","time":76.684543451,"data":"verifying sha256 digest ⠹ \u001b[K\u001b[?25h\u001b[?2026l\u001b[?2026h\u001b[?25l\u001b[A\u001b[A\u001b[1Gpulling manifest \u001b[K\n"}
,{"stream_name":"stderr","time":76.684583737,"data":"pulling a3de86cd1c13: 100% ▕██████████████████▏ 5.2 GB                         \u001b[K\n"}
,{"stream_name":"stderr","time":76.785142826,"data":"verifying sha256 digest ⠸ \u001b[K\u001b[?25h\u001b[?2026l\u001b[?2026h\u001b[?25l\u001b[A\u001b[A\u001b[1Gpulling manifest \u001b[K\n"}
,{"stream_name":"stderr","time":76.785183065,"data":"pulling a3de86cd1c13: 100% ▕██████████████████▏ 5.2 GB                         \u001b[K\n"}
,{"stream_name":"stderr","time":76.884810595,"data":"verifying sha256 digest ⠼ \u001b[K\u001b[?25h\u001b[?2026l\u001b[?2026h\u001b[?25l\u001b[A\u001b[A\u001b[1Gpulling manifest \u001b[K\n"}
,{"stream_name":"stderr","time":76.884852359,"data":"pulling a3de86cd1c13: 100% ▕██████████████████▏ 5.2 GB                         \u001b[K\n"}
,{"stream_name":"stderr","time":76.9843926,"data":"verifying sha256 digest ⠴ \u001b[K\u001b[?25h\u001b[?2026l\u001b[?2026h\u001b[?25l\u001b[A\u001b[A\u001b[1Gpulling manifest \u001b[K\n"}
,{"stream_name":"stderr","time":76.984444119,"data":"pulling a3de86cd1c13: 100% ▕██████████████████▏ 5.2 GB                         \u001b[K\n"}
,{"stream_name":"stderr","time":77.084944068,"data":"verifying sha256 digest ⠦ \u001b[K\u001b[?25h\u001b[?2026l\u001b[?2026h\u001b[?25l\u001b[A\u001b[A\u001b[1Gpulling manifest \u001b[K\n"}
,{"stream_name":"stderr","time":77.08498608,"data":"pulling a3de86cd1c13: 100% ▕██████████████████▏ 5.2 GB                         \u001b[K\n"}
,{"stream_name":"stderr","time":77.184595008,"data":"verifying sha256 digest ⠧ \u001b[K\u001b[?25h\u001b[?2026l\u001b[?2026h\u001b[?25l\u001b[A\u001b[A\u001b[1Gpulling manifest \u001b[K\n"}
,{"stream_name":"stderr","time":77.184645265,"data":"pulling a3de86cd1c13: 100% ▕██████████████████▏ 5.2 GB                         \u001b[K\n"}
,{"stream_name":"stderr","time":77.284076219,"data":"verifying sha256 digest ⠇ \u001b[K\u001b[?25h\u001b[?2026l\u001b[?2026h\u001b[?25l\u001b[A\u001b[A\u001b[1Gpulling manifest \u001b[K\n"}
,{"stream_name":"stderr","time":77.284119213,"data":"pulling a3de86cd1c13: 100% ▕██████████████████▏ 5.2 GB                         \u001b[K\n"}
,{"stream_name":"stderr","time":77.384949507,"data":"verifying sha256 digest ⠏ \u001b[K\u001b[?25h\u001b[?2026l\u001b[?2026h\u001b[?25l\u001b[A\u001b[A\u001b[1Gpulling manifest \u001b[K\n"}
,{"stream_name":"stderr","time":77.384992613,"data":"pulling a3de86cd1c13: 100% ▕██████████████████▏ 5.2 GB                         \u001b[K\n"}
,{"stream_name":"stderr","time":77.484476257,"data":"verifying sha256 digest ⠋ \u001b[K\u001b[?25h\u001b[?2026l\u001b[?2026h\u001b[?25l\u001b[A\u001b[A\u001b[1Gpulling manifest \u001b[K\n"}
,{"stream_name":"stderr","time":77.484541397,"data":"pulling a3de86cd1c13: 100% ▕██████████████████▏ 5.2 GB                         \u001b[K\n"}
,{"stream_name":"stderr","time":77.584078106,"data":"verifying sha256 digest ⠙ \u001b[K\u001b[?25h\u001b[?2026l\u001b[?2026h\u001b[?25l\u001b[A\u001b[A\u001b[1Gpulling manifest \u001b[K\n"}
,{"stream_name":"stderr","time":77.584119226,"data":"pulling a3de86cd1c13: 100% ▕██████████████████▏ 5.2 GB                         \u001b[K\n"}
,{"stream_name":"stderr","time":77.684732385,"data":"verifying sha256 digest ⠹ \u001b[K\u001b[?25h\u001b[?2026l\u001b[?2026h\u001b[?25l\u001b[A\u001b[A\u001b[1Gpulling manifest \u001b[K\n"}
,{"stream_name":"stderr","time":77.684774492,"data":"pulling a3de86cd1c13: 100% ▕██████████████████▏ 5.2 GB                         \u001b[K\n"}
,{"stream_name":"stderr","time":77.784208743,"data":"verifying sha256 digest ⠸ \u001b[K\u001b[?25h\u001b[?2026l\u001b[?2026h\u001b[?25l\u001b[A\u001b[A\u001b[1Gpulling manifest \u001b[K\n"}
,{"stream_name":"stderr","time":77.784255438,"data":"pulling a3de86cd1c13: 100% ▕██████████████████▏ 5.2 GB                         \u001b[K\n"}
,{"stream_name":"stderr","time":77.884847812,"data":"verifying sha256 digest ⠼ \u001b[K\u001b[?25h\u001b[?2026l\u001b[?2026h\u001b[?25l\u001b[A\u001b[A\u001b[1Gpulling manifest \u001b[K\n"}
,{"stream_name":"stderr","time":77.884887719,"data":"pulling a3de86cd1c13: 100% ▕██████████████████▏ 5.2 GB                         \u001b[K\n"}
,{"stream_name":"stderr","time":77.984329885,"data":"verifying sha256 digest ⠴ \u001b[K\u001b[?25h\u001b[?2026l\u001b[?2026h\u001b[?25l\u001b[A\u001b[A\u001b[1Gpulling manifest \u001b[K\n"}
,{"stream_name":"stderr","time":77.984369245,"data":"pulling a3de86cd1c13: 100% ▕██████████████████▏ 5.2 GB                         \u001b[K\n"}
,{"stream_name":"stderr","time":78.084951886,"data":"verifying sha256 digest ⠦ \u001b[K\u001b[?25h\u001b[?2026l\u001b[?2026h\u001b[?25l\u001b[A\u001b[A\u001b[1Gpulling manifest \u001b[K\n"}
,{"stream_name":"stderr","time":78.084993395,"data":"pulling a3de86cd1c13: 100% ▕██████████████████▏ 5.2 GB                         \u001b[K\n"}
,{"stream_name":"stderr","time":78.184542584,"data":"verifying sha256 digest ⠧ \u001b[K\u001b[?25h\u001b[?2026l\u001b[?2026h\u001b[?25l\u001b[A\u001b[A\u001b[1Gpulling manifest \u001b[K\n"}
,{"stream_name":"stderr","time":78.184583702,"data":"pulling a3de86cd1c13: 100% ▕██████████████████▏ 5.2 GB                         \u001b[K\n"}
,{"stream_name":"stderr","time":78.284012242,"data":"verifying sha256 digest ⠇ \u001b[K\u001b[?25h\u001b[?2026l\u001b[?2026h\u001b[?25l\u001b[A\u001b[A\u001b[1Gpulling manifest \u001b[K\n"}
,{"stream_name":"stderr","time":78.284052552,"data":"pulling a3de86cd1c13: 100% ▕██████████████████▏ 5.2 GB                         \u001b[K\n"}
,{"stream_name":"stderr","time":78.384698212,"data":"verifying sha256 digest ⠏ \u001b[K\u001b[?25h\u001b[?2026l\u001b[?2026h\u001b[?25l\u001b[A\u001b[A\u001b[1Gpulling manifest \u001b[K\n"}
,{"stream_name":"stderr","time":78.384748074,"data":"pulling a3de86cd1c13: 100% ▕██████████████████▏ 5.2 GB                         \u001b[K\n"}
,{"stream_name":"stderr","time":78.484394657,"data":"verifying sha256 digest ⠋ \u001b[K\u001b[?25h\u001b[?2026l\u001b[?2026h\u001b[?25l\u001b[A\u001b[A\u001b[1Gpulling manifest \u001b[K\n"}
,{"stream_name":"stderr","time":78.484432212,"data":"pulling a3de86cd1c13: 100% ▕██████████████████▏ 5.2 GB                         \u001b[K\n"}
,{"stream_name":"stderr","time":78.584978751,"data":"verifying sha256 digest ⠙ \u001b[K\u001b[?25h\u001b[?2026l\u001b[?2026h\u001b[?25l\u001b[A\u001b[A\u001b[1Gpulling manifest \u001b[K\n"}
,{"stream_name":"stderr","time":78.585021799,"data":"pulling a3de86cd1c13: 100% ▕██████████████████▏ 5.2 GB                         \u001b[K\n"}
,{"stream_name":"stderr","time":78.684701944,"data":"verifying sha256 digest ⠹ \u001b[K\u001b[?25h\u001b[?2026l\u001b[?2026h\u001b[?25l\u001b[A\u001b[A\u001b[1Gpulling manifest \u001b[K\n"}
,{"stream_name":"stderr","time":78.684743497,"data":"pulling a3de86cd1c13: 100% ▕██████████████████▏ 5.2 GB                         \u001b[K\n"}
,{"stream_name":"stderr","time":78.784290451,"data":"verifying sha256 digest ⠸ \u001b[K\u001b[?25h\u001b[?2026l\u001b[?2026h\u001b[?25l\u001b[A\u001b[A\u001b[1Gpulling manifest \u001b[K\n"}
,{"stream_name":"stderr","time":78.784331999,"data":"pulling a3de86cd1c13: 100% ▕██████████████████▏ 5.2 GB                         \u001b[K\n"}
,{"stream_name":"stderr","time":78.884886057,"data":"verifying sha256 digest ⠼ \u001b[K\u001b[?25h\u001b[?2026l\u001b[?2026h\u001b[?25l\u001b[A\u001b[A\u001b[1Gpulling manifest \u001b[K\n"}
,{"stream_name":"stderr","time":78.884923107,"data":"pulling a3de86cd1c13: 100% ▕██████████████████▏ 5.2 GB                         \u001b[K\n"}
,{"stream_name":"stderr","time":78.984445512,"data":"verifying sha256 digest ⠴ \u001b[K\u001b[?25h\u001b[?2026l\u001b[?2026h\u001b[?25l\u001b[A\u001b[A\u001b[1Gpulling manifest \u001b[K\n"}
,{"stream_name":"stderr","time":78.984487259,"data":"pulling a3de86cd1c13: 100% ▕██████████████████▏ 5.2 GB                         \u001b[K\n"}
,{"stream_name":"stderr","time":79.085093703,"data":"verifying sha256 digest ⠦ \u001b[K\u001b[?25h\u001b[?2026l\u001b[?2026h\u001b[?25l\u001b[A\u001b[A\u001b[1Gpulling manifest \u001b[K\n"}
,{"stream_name":"stderr","time":79.085209051,"data":"pulling a3de86cd1c13: 100% ▕██████████████████▏ 5.2 GB                         \u001b[K\n"}
,{"stream_name":"stderr","time":79.184619225,"data":"verifying sha256 digest ⠧ \u001b[K\u001b[?25h\u001b[?2026l\u001b[?2026h\u001b[?25l\u001b[A\u001b[A\u001b[1Gpulling manifest \u001b[K\n"}
,{"stream_name":"stderr","time":79.184658512,"data":"pulling a3de86cd1c13: 100% ▕██████████████████▏ 5.2 GB                         \u001b[K\n"}
,{"stream_name":"stderr","time":79.284414746,"data":"verifying sha256 digest ⠇ \u001b[K\u001b[?25h\u001b[?2026l\u001b[?2026h\u001b[?25l\u001b[A\u001b[A\u001b[1Gpulling manifest \u001b[K\n"}
,{"stream_name":"stderr","time":79.284456112,"data":"pulling a3de86cd1c13: 100% ▕██████████████████▏ 5.2 GB                         \u001b[K\n"}
,{"stream_name":"stderr","time":79.385002781,"data":"verifying sha256 digest ⠏ \u001b[K\u001b[?25h\u001b[?2026l\u001b[?2026h\u001b[?25l\u001b[A\u001b[A\u001b[1Gpulling manifest \u001b[K\n"}
,{"stream_name":"stderr","time":79.385043073,"data":"pulling a3de86cd1c13: 100% ▕██████████████████▏ 5.2 GB                         \u001b[K\n"}
,{"stream_name":"stderr","time":79.484771532,"data":"verifying sha256 digest ⠋ \u001b[K\u001b[?25h\u001b[?2026l\u001b[?2026h\u001b[?25l\u001b[A\u001b[A\u001b[1Gpulling manifest \u001b[K\n"}
,{"stream_name":"stderr","time":79.484835324,"data":"pulling a3de86cd1c13: 100% ▕██████████████████▏ 5.2 GB                         \u001b[K\n"}
,{"stream_name":"stderr","time":79.584238671,"data":"verifying sha256 digest ⠙ \u001b[K\u001b[?25h\u001b[?2026l\u001b[?2026h\u001b[?25l\u001b[A\u001b[A\u001b[1Gpulling manifest \u001b[K\n"}
,{"stream_name":"stderr","time":79.58446911,"data":"pulling a3de86cd1c13: 100% ▕██████████████████▏ 5.2 GB                         \u001b[K\n"}
,{"stream_name":"stderr","time":79.685083021,"data":"verifying sha256 digest ⠹ \u001b[K\u001b[?25h\u001b[?2026l\u001b[?2026h\u001b[?25l\u001b[A\u001b[A\u001b[1Gpulling manifest \u001b[K\n"}
,{"stream_name":"stderr","time":79.685117069,"data":"pulling a3de86cd1c13: 100% ▕██████████████████▏ 5.2 GB                         \u001b[K\n"}
,{"stream_name":"stderr","time":79.78488427,"data":"verifying sha256 digest ⠸ \u001b[K\u001b[?25h\u001b[?2026l\u001b[?2026h\u001b[?25l\u001b[A\u001b[A\u001b[1Gpulling manifest \u001b[K\n"}
,{"stream_name":"stderr","time":79.784927911,"data":"pulling a3de86cd1c13: 100% ▕██████████████████▏ 5.2 GB                         \u001b[K\n"}
,{"stream_name":"stderr","time":79.884156652,"data":"verifying sha256 digest ⠼ \u001b[K\u001b[?25h\u001b[?2026l\u001b[?2026h\u001b[?25l\u001b[A\u001b[A\u001b[1Gpulling manifest \u001b[K\n"}
,{"stream_name":"stderr","time":79.884188947,"data":"pulling a3de86cd1c13: 100% ▕██████████████████▏ 5.2 GB                         \u001b[K\n"}
,{"stream_name":"stderr","time":79.984810152,"data":"verifying sha256 digest ⠴ \u001b[K\u001b[?25h\u001b[?2026l\u001b[?2026h\u001b[?25l\u001b[A\u001b[A\u001b[1Gpulling manifest \u001b[K\n"}
,{"stream_name":"stderr","time":79.984864358,"data":"pulling a3de86cd1c13: 100% ▕██████████████████▏ 5.2 GB                         \u001b[K\n"}
,{"stream_name":"stderr","time":80.084490952,"data":"verifying sha256 digest ⠦ \u001b[K\u001b[?25h\u001b[?2026l\u001b[?2026h\u001b[?25l\u001b[A\u001b[A\u001b[1Gpulling manifest \u001b[K\n"}
,{"stream_name":"stderr","time":80.084551542,"data":"pulling a3de86cd1c13: 100% ▕██████████████████▏ 5.2 GB                         \u001b[K\n"}
,{"stream_name":"stderr","time":80.185070813,"data":"verifying sha256 digest ⠧ \u001b[K\u001b[?25h\u001b[?2026l\u001b[?2026h\u001b[?25l\u001b[A\u001b[A\u001b[1Gpulling manifest \u001b[K\n"}
,{"stream_name":"stderr","time":80.185109974,"data":"pulling a3de86cd1c13: 100% ▕██████████████████▏ 5.2 GB                         \u001b[K\n"}
,{"stream_name":"stderr","time":80.28475769,"data":"verifying sha256 digest ⠇ \u001b[K\u001b[?25h\u001b[?2026l\u001b[?2026h\u001b[?25l\u001b[A\u001b[A\u001b[1Gpulling manifest \u001b[K\n"}
,{"stream_name":"stderr","time":80.28480226,"data":"pulling a3de86cd1c13: 100% ▕██████████████████▏ 5.2 GB                         \u001b[K\n"}
,{"stream_name":"stderr","time":80.384402965,"data":"verifying sha256 digest ⠏ \u001b[K\u001b[?25h\u001b[?2026l\u001b[?2026h\u001b[?25l\u001b[A\u001b[A\u001b[1Gpulling manifest \u001b[K\n"}
,{"stream_name":"stderr","time":80.38444289,"data":"pulling a3de86cd1c13: 100% ▕██████████████████▏ 5.2 GB                         \u001b[K\n"}
,{"stream_name":"stderr","time":80.48504564,"data":"verifying sha256 digest ⠋ \u001b[K\u001b[?25h\u001b[?2026l\u001b[?2026h\u001b[?25l\u001b[A\u001b[A\u001b[1Gpulling manifest \u001b[K\n"}
,{"stream_name":"stderr","time":80.485108147,"data":"pulling a3de86cd1c13: 100% ▕██████████████████▏ 5.2 GB                         \u001b[K\n"}
,{"stream_name":"stderr","time":80.584842541,"data":"verifying sha256 digest ⠙ \u001b[K\u001b[?25h\u001b[?2026l\u001b[?2026h\u001b[?25l\u001b[A\u001b[A\u001b[1Gpulling manifest \u001b[K\n"}
,{"stream_name":"stderr","time":80.584882403,"data":"pulling a3de86cd1c13: 100% ▕██████████████████▏ 5.2 GB                         \u001b[K\n"}
,{"stream_name":"stderr","time":80.684460308,"data":"verifying sha256 digest ⠹ \u001b[K\u001b[?25h\u001b[?2026l\u001b[?2026h\u001b[?25l\u001b[A\u001b[A\u001b[1Gpulling manifest \u001b[K\n"}
,{"stream_name":"stderr","time":80.684516114,"data":"pulling a3de86cd1c13: 100% ▕██████████████████▏ 5.2 GB                         \u001b[K\n"}
,{"stream_name":"stderr","time":80.784023599,"data":"verifying sha256 digest ⠸ \u001b[K\u001b[?25h\u001b[?2026l\u001b[?2026h\u001b[?25l\u001b[A\u001b[A\u001b[1Gpulling manifest \u001b[K\n"}
,{"stream_name":"stderr","time":80.784065045,"data":"pulling a3de86cd1c13: 100% ▕██████████████████▏ 5.2 GB                         \u001b[K\n"}
,{"stream_name":"stderr","time":80.884814957,"data":"verifying sha256 digest ⠼ \u001b[K\u001b[?25h\u001b[?2026l\u001b[?2026h\u001b[?25l\u001b[A\u001b[A\u001b[1Gpulling manifest \u001b[K\n"}
,{"stream_name":"stderr","time":80.884855329,"data":"pulling a3de86cd1c13: 100% ▕██████████████████▏ 5.2 GB                         \u001b[K\n"}
,{"stream_name":"stderr","time":80.984440382,"data":"verifying sha256 digest ⠴ \u001b[K\u001b[?25h\u001b[?2026l\u001b[?2026h\u001b[?25l\u001b[A\u001b[A\u001b[1Gpulling manifest \u001b[K\n"}
,{"stream_name":"stderr","time":80.984478818,"data":"pulling a3de86cd1c13: 100% ▕██████████████████▏ 5.2 GB                         \u001b[K\n"}
,{"stream_name":"stderr","time":81.08497003,"data":"verifying sha256 digest ⠦ \u001b[K\u001b[?25h\u001b[?2026l\u001b[?2026h\u001b[?25l\u001b[A\u001b[A\u001b[1Gpulling manifest \u001b[K\n"}
,{"stream_name":"stderr","time":81.085005194,"data":"pulling a3de86cd1c13: 100% ▕██████████████████▏ 5.2 GB                         \u001b[K\n"}
,{"stream_name":"stderr","time":81.184718924,"data":"verifying sha256 digest ⠧ \u001b[K\u001b[?25h\u001b[?2026l\u001b[?2026h\u001b[?25l\u001b[A\u001b[A\u001b[1Gpulling manifest \u001b[K\n"}
,{"stream_name":"stderr","time":81.184765051,"data":"pulling a3de86cd1c13: 100% ▕██████████████████▏ 5.2 GB                         \u001b[K\n"}
,{"stream_name":"stderr","time":81.284357404,"data":"verifying sha256 digest ⠇ \u001b[K\u001b[?25h\u001b[?2026l\u001b[?2026h\u001b[?25l\u001b[A\u001b[A\u001b[1Gpulling manifest \u001b[K\n"}
,{"stream_name":"stderr","time":81.284398141,"data":"pulling a3de86cd1c13: 100% ▕██████████████████▏ 5.2 GB                         \u001b[K\n"}
,{"stream_name":"stderr","time":81.384955576,"data":"verifying sha256 digest ⠏ \u001b[K\u001b[?25h\u001b[?2026l\u001b[?2026h\u001b[?25l\u001b[A\u001b[A\u001b[1Gpulling manifest \u001b[K\n"}
,{"stream_name":"stderr","time":81.384994624,"data":"pulling a3de86cd1c13: 100% ▕██████████████████▏ 5.2 GB                         \u001b[K\n"}
,{"stream_name":"stderr","time":81.484708792,"data":"verifying sha256 digest ⠋ \u001b[K\u001b[?25h\u001b[?2026l\u001b[?2026h\u001b[?25l\u001b[A\u001b[A\u001b[1Gpulling manifest \u001b[K\n"}
,{"stream_name":"stderr","time":81.484841569,"data":"pulling a3de86cd1c13: 100% ▕██████████████████▏ 5.2 GB                         \u001b[K\n"}
,{"stream_name":"stderr","time":81.584745647,"data":"verifying sha256 digest ⠙ \u001b[K\u001b[?25h\u001b[?2026l\u001b[?2026h\u001b[?25l\u001b[A\u001b[A\u001b[1Gpulling manifest \u001b[K\n"}
,{"stream_name":"stderr","time":81.584790754,"data":"pulling a3de86cd1c13: 100% ▕██████████████████▏ 5.2 GB                         \u001b[K\n"}
,{"stream_name":"stderr","time":81.6841156,"data":"verifying sha256 digest ⠹ \u001b[K\u001b[?25h\u001b[?2026l\u001b[?2026h\u001b[?25l\u001b[A\u001b[A\u001b[1Gpulling manifest \u001b[K\n"}
,{"stream_name":"stderr","time":81.684156114,"data":"pulling a3de86cd1c13: 100% ▕██████████████████▏ 5.2 GB                         \u001b[K\n"}
,{"stream_name":"stderr","time":81.785106044,"data":"verifying sha256 digest ⠸ \u001b[K\u001b[?25h\u001b[?2026l\u001b[?2026h\u001b[?25l\u001b[A\u001b[A\u001b[1Gpulling manifest \u001b[K\n"}
,{"stream_name":"stderr","time":81.785148019,"data":"pulling a3de86cd1c13: 100% ▕██████████████████▏ 5.2 GB                         \u001b[K\n"}
,{"stream_name":"stderr","time":81.884609389,"data":"verifying sha256 digest ⠼ \u001b[K\u001b[?25h\u001b[?2026l\u001b[?2026h\u001b[?25l\u001b[A\u001b[A\u001b[1Gpulling manifest \u001b[K\n"}
,{"stream_name":"stderr","time":81.884647071,"data":"pulling a3de86cd1c13: 100% ▕██████████████████▏ 5.2 GB                         \u001b[K\n"}
,{"stream_name":"stderr","time":81.984300479,"data":"verifying sha256 digest ⠴ \u001b[K\u001b[?25h\u001b[?2026l\u001b[?2026h\u001b[?25l\u001b[A\u001b[A\u001b[1Gpulling manifest \u001b[K\n"}
,{"stream_name":"stderr","time":81.984340662,"data":"pulling a3de86cd1c13: 100% ▕██████████████████▏ 5.2 GB                         \u001b[K\n"}
,{"stream_name":"stderr","time":82.085988626,"data":"verifying sha256 digest ⠦ \u001b[K\u001b[?25h\u001b[?2026l\u001b[?2026h\u001b[?25l\u001b[A\u001b[A\u001b[1Gpulling manifest \u001b[K\n"}
,{"stream_name":"stderr","time":82.086025606,"data":"pulling a3de86cd1c13: 100% ▕██████████████████▏ 5.2 GB                         \u001b[K\n"}
,{"stream_name":"stderr","time":82.184318727,"data":"verifying sha256 digest ⠧ \u001b[K\u001b[?25h\u001b[?2026l\u001b[?2026h\u001b[?25l\u001b[A\u001b[A\u001b[1Gpulling manifest \u001b[K\n"}
,{"stream_name":"stderr","time":82.184359307,"data":"pulling a3de86cd1c13: 100% ▕██████████████████▏ 5.2 GB                         \u001b[K\n"}
,{"stream_name":"stderr","time":82.284969626,"data":"verifying sha256 digest ⠇ \u001b[K\u001b[?25h\u001b[?2026l\u001b[?2026h\u001b[?25l\u001b[A\u001b[A\u001b[1Gpulling manifest \u001b[K\n"}
,{"stream_name":"stderr","time":82.285007848,"data":"pulling a3de86cd1c13: 100% ▕██████████████████▏ 5.2 GB                         \u001b[K\n"}
,{"stream_name":"stderr","time":82.384583572,"data":"verifying sha256 digest ⠏ \u001b[K\u001b[?25h\u001b[?2026l\u001b[?2026h\u001b[?25l\u001b[A\u001b[A\u001b[1Gpulling manifest \u001b[K\n"}
,{"stream_name":"stderr","time":82.384622687,"data":"pulling a3de86cd1c13: 100% ▕██████████████████▏ 5.2 GB                         \u001b[K\n"}
,{"stream_name":"stderr","time":82.48408339,"data":"verifying sha256 digest ⠋ \u001b[K\u001b[?25h\u001b[?2026l\u001b[?2026h\u001b[?25l\u001b[A\u001b[A\u001b[1Gpulling manifest \u001b[K\n"}
,{"stream_name":"stderr","time":82.484122825,"data":"pulling a3de86cd1c13: 100% ▕██████████████████▏ 5.2 GB                         \u001b[K\n"}
,{"stream_name":"stderr","time":82.584722505,"data":"verifying sha256 digest ⠙ \u001b[K\u001b[?25h\u001b[?2026l\u001b[?2026h\u001b[?25l\u001b[A\u001b[A\u001b[1Gpulling manifest \u001b[K\n"}
,{"stream_name":"stderr","time":82.932539469,"data":"pulling a3de86cd1c13: 100% ▕██████████████████▏ 5.2 GB                         \u001b[K\n"}
,{"stream_name":"stderr","time":82.932573708,"data":"verifying sha256 digest ⠹ \u001b[K\u001b[?25h\u001b[?2026l\u001b[?2026h\u001b[?25l\u001b[A\u001b[A\u001b[1Gpulling manifest \u001b[K\n"}
,{"stream_name":"stderr","time":82.932580284,"data":"pulling a3de86cd1c13: 100% ▕██████████████████▏ 5.2 GB                         \u001b[K\n"}
,{"stream_name":"stderr","time":82.932585055,"data":"verifying sha256 digest ⠸ \u001b[K\u001b[?25h\u001b[?2026l\u001b[?2026h\u001b[?25l\u001b[A\u001b[A\u001b[1Gpulling manifest \u001b[K\n"}
,{"stream_name":"stderr","time":82.932590033,"data":"pulling a3de86cd1c13: 100% ▕██████████████████▏ 5.2 GB                         \u001b[K\n"}
,{"stream_name":"stderr","time":82.93259493,"data":"verifying sha256 digest ⠼ \u001b[K\u001b[?25h\u001b[?2026l\u001b[?2026h\u001b[?25l\u001b[A\u001b[A\u001b[1Gpulling manifest \u001b[K\n"}
,{"stream_name":"stderr","time":82.932599728,"data":"pulling a3de86cd1c13: 100% ▕██████████████████▏ 5.2 GB                         \u001b[K\n"}
,{"stream_name":"stderr","time":82.985117196,"data":"verifying sha256 digest ⠴ \u001b[K\u001b[?25h\u001b[?2026l\u001b[?2026h\u001b[?25l\u001b[A\u001b[A\u001b[1Gpulling manifest \u001b[K\n"}
,{"stream_name":"stderr","time":82.985158139,"data":"pulling a3de86cd1c13: 100% ▕██████████████████▏ 5.2 GB                         \u001b[K\n"}
,{"stream_name":"stderr","time":83.084730799,"data":"verifying sha256 digest ⠦ \u001b[K\u001b[?25h\u001b[?2026l\u001b[?2026h\u001b[?25l\u001b[A\u001b[A\u001b[1Gpulling manifest \u001b[K\n"}
,{"stream_name":"stderr","time":83.084789048,"data":"pulling a3de86cd1c13: 100% ▕██████████████████▏ 5.2 GB                         \u001b[K\n"}
,{"stream_name":"stderr","time":83.184371477,"data":"verifying sha256 digest ⠧ \u001b[K\u001b[?25h\u001b[?2026l\u001b[?2026h\u001b[?25l\u001b[A\u001b[A\u001b[1Gpulling manifest \u001b[K\n"}
,{"stream_name":"stderr","time":83.184444031,"data":"pulling a3de86cd1c13: 100% ▕██████████████████▏ 5.2 GB                         \u001b[K\n"}
,{"stream_name":"stderr","time":83.2849967,"data":"verifying sha256 digest ⠇ \u001b[K\u001b[?25h\u001b[?2026l\u001b[?2026h\u001b[?25l\u001b[A\u001b[A\u001b[1Gpulling manifest \u001b[K\n"}
,{"stream_name":"stderr","time":83.285037594,"data":"pulling a3de86cd1c13: 100% ▕██████████████████▏ 5.2 GB                         \u001b[K\n"}
,{"stream_name":"stderr","time":83.384446685,"data":"verifying sha256 digest ⠏ \u001b[K\u001b[?25h\u001b[?2026l\u001b[?2026h\u001b[?25l\u001b[A\u001b[A\u001b[1Gpulling manifest \u001b[K\n"}
,{"stream_name":"stderr","time":83.384485601,"data":"pulling a3de86cd1c13: 100% ▕██████████████████▏ 5.2 GB                         \u001b[K\n"}
,{"stream_name":"stderr","time":83.485081166,"data":"verifying sha256 digest ⠋ \u001b[K\u001b[?25h\u001b[?2026l\u001b[?2026h\u001b[?25l\u001b[A\u001b[A\u001b[1Gpulling manifest \u001b[K\n"}
,{"stream_name":"stderr","time":83.485121808,"data":"pulling a3de86cd1c13: 100% ▕██████████████████▏ 5.2 GB                         \u001b[K\n"}
,{"stream_name":"stderr","time":83.5851018,"data":"verifying sha256 digest ⠙ \u001b[K\u001b[?25h\u001b[?2026l\u001b[?2026h\u001b[?25l\u001b[A\u001b[A\u001b[1Gpulling manifest \u001b[K\n"}
,{"stream_name":"stderr","time":83.58515095,"data":"pulling a3de86cd1c13: 100% ▕██████████████████▏ 5.2 GB                         \u001b[K\n"}
,{"stream_name":"stderr","time":83.684778375,"data":"verifying sha256 digest ⠹ \u001b[K\u001b[?25h\u001b[?2026l\u001b[?2026h\u001b[?25l\u001b[A\u001b[A\u001b[1Gpulling manifest \u001b[K\n"}
,{"stream_name":"stderr","time":83.684819487,"data":"pulling a3de86cd1c13: 100% ▕██████████████████▏ 5.2 GB                         \u001b[K\n"}
,{"stream_name":"stderr","time":83.784293859,"data":"verifying sha256 digest ⠸ \u001b[K\u001b[?25h\u001b[?2026l\u001b[?2026h\u001b[?25l\u001b[A\u001b[A\u001b[1Gpulling manifest \u001b[K\n"}
,{"stream_name":"stderr","time":83.784340546,"data":"pulling a3de86cd1c13: 100% ▕██████████████████▏ 5.2 GB                         \u001b[K\n"}
,{"stream_name":"stderr","time":83.884893282,"data":"verifying sha256 digest ⠼ \u001b[K\u001b[?25h\u001b[?2026l\u001b[?2026h\u001b[?25l\u001b[A\u001b[A\u001b[1Gpulling manifest \u001b[K\n"}
,{"stream_name":"stderr","time":83.884935258,"data":"pulling a3de86cd1c13: 100% ▕██████████████████▏ 5.2 GB                         \u001b[K\n"}
,{"stream_name":"stderr","time":83.984571627,"data":"verifying sha256 digest ⠴ \u001b[K\u001b[?25h\u001b[?2026l\u001b[?2026h\u001b[?25l\u001b[A\u001b[A\u001b[1Gpulling manifest \u001b[K\n"}
,{"stream_name":"stderr","time":83.984611973,"data":"pulling a3de86cd1c13: 100% ▕██████████████████▏ 5.2 GB                         \u001b[K\n"}
,{"stream_name":"stderr","time":84.084032805,"data":"verifying sha256 digest ⠦ \u001b[K\u001b[?25h\u001b[?2026l\u001b[?2026h\u001b[?25l\u001b[A\u001b[A\u001b[1Gpulling manifest \u001b[K\n"}
,{"stream_name":"stderr","time":84.084072929,"data":"pulling a3de86cd1c13: 100% ▕██████████████████▏ 5.2 GB                         \u001b[K\n"}
,{"stream_name":"stderr","time":84.184659006,"data":"verifying sha256 digest ⠧ \u001b[K\u001b[?25h\u001b[?2026l\u001b[?2026h\u001b[?25l\u001b[A\u001b[A\u001b[1Gpulling manifest \u001b[K\n"}
,{"stream_name":"stderr","time":84.184696021,"data":"pulling a3de86cd1c13: 100% ▕██████████████████▏ 5.2 GB                         \u001b[K\n"}
,{"stream_name":"stderr","time":84.284363229,"data":"verifying sha256 digest ⠇ \u001b[K\u001b[?25h\u001b[?2026l\u001b[?2026h\u001b[?25l\u001b[A\u001b[A\u001b[1Gpulling manifest \u001b[K\n"}
,{"stream_name":"stderr","time":84.284404639,"data":"pulling a3de86cd1c13: 100% ▕██████████████████▏ 5.2 GB                         \u001b[K\n"}
,{"stream_name":"stderr","time":84.384908872,"data":"verifying sha256 digest ⠏ \u001b[K\u001b[?25h\u001b[?2026l\u001b[?2026h\u001b[?25l\u001b[A\u001b[A\u001b[1Gpulling manifest \u001b[K\n"}
,{"stream_name":"stderr","time":84.384949274,"data":"pulling a3de86cd1c13: 100% ▕██████████████████▏ 5.2 GB                         \u001b[K\n"}
,{"stream_name":"stderr","time":84.484647962,"data":"verifying sha256 digest ⠋ \u001b[K\u001b[?25h\u001b[?2026l\u001b[?2026h\u001b[?25l\u001b[A\u001b[A\u001b[1Gpulling manifest \u001b[K\n"}
,{"stream_name":"stderr","time":84.484690726,"data":"pulling a3de86cd1c13: 100% ▕██████████████████▏ 5.2 GB                         \u001b[K\n"}
,{"stream_name":"stderr","time":84.584201577,"data":"verifying sha256 digest ⠙ \u001b[K\u001b[?25h\u001b[?2026l\u001b[?2026h\u001b[?25l\u001b[A\u001b[A\u001b[1Gpulling manifest \u001b[K\n"}
,{"stream_name":"stderr","time":84.584244733,"data":"pulling a3de86cd1c13: 100% ▕██████████████████▏ 5.2 GB                         \u001b[K\n"}
,{"stream_name":"stderr","time":84.684761302,"data":"verifying sha256 digest ⠹ \u001b[K\u001b[?25h\u001b[?2026l\u001b[?2026h\u001b[?25l\u001b[A\u001b[A\u001b[1Gpulling manifest \u001b[K\n"}
,{"stream_name":"stderr","time":84.684794669,"data":"pulling a3de86cd1c13: 100% ▕██████████████████▏ 5.2 GB                         \u001b[K\n"}
,{"stream_name":"stderr","time":84.784184387,"data":"verifying sha256 digest ⠸ \u001b[K\u001b[?25h\u001b[?2026l\u001b[?2026h\u001b[?25l\u001b[A\u001b[A\u001b[1Gpulling manifest \u001b[K\n"}
,{"stream_name":"stderr","time":84.784213519,"data":"pulling a3de86cd1c13: 100% ▕██████████████████▏ 5.2 GB                         \u001b[K\n"}
,{"stream_name":"stderr","time":84.884073093,"data":"verifying sha256 digest ⠼ \u001b[K\u001b[?25h\u001b[?2026l\u001b[?2026h\u001b[?25l\u001b[A\u001b[A\u001b[1Gpulling manifest \u001b[K\n"}
,{"stream_name":"stderr","time":84.884127586,"data":"pulling a3de86cd1c13: 100% ▕██████████████████▏ 5.2 GB                         \u001b[K\n"}
,{"stream_name":"stderr","time":84.984838296,"data":"verifying sha256 digest ⠴ \u001b[K\u001b[?25h\u001b[?2026l\u001b[?2026h\u001b[?25l\u001b[A\u001b[A\u001b[1Gpulling manifest \u001b[K\n"}
,{"stream_name":"stderr","time":84.984875067,"data":"pulling a3de86cd1c13: 100% ▕██████████████████▏ 5.2 GB                         \u001b[K\n"}
,{"stream_name":"stderr","time":85.084289031,"data":"verifying sha256 digest ⠦ \u001b[K\u001b[?25h\u001b[?2026l\u001b[?2026h\u001b[?25l\u001b[A\u001b[A\u001b[1Gpulling manifest \u001b[K\n"}
,{"stream_name":"stderr","time":85.084326095,"data":"pulling a3de86cd1c13: 100% ▕██████████████████▏ 5.2 GB                         \u001b[K\n"}
,{"stream_name":"stderr","time":85.184911916,"data":"verifying sha256 digest ⠧ \u001b[K\u001b[?25h\u001b[?2026l\u001b[?2026h\u001b[?25l\u001b[A\u001b[A\u001b[1Gpulling manifest \u001b[K\n"}
,{"stream_name":"stderr","time":85.184951278,"data":"pulling a3de86cd1c13: 100% ▕██████████████████▏ 5.2 GB                         \u001b[K\n"}
,{"stream_name":"stderr","time":85.28457969,"data":"verifying sha256 digest ⠇ \u001b[K\u001b[?25h\u001b[?2026l\u001b[?2026h\u001b[?25l\u001b[A\u001b[A\u001b[1Gpulling manifest \u001b[K\n"}
,{"stream_name":"stderr","time":85.284620465,"data":"pulling a3de86cd1c13: 100% ▕██████████████████▏ 5.2 GB                         \u001b[K\n"}
,{"stream_name":"stderr","time":85.384073527,"data":"verifying sha256 digest ⠏ \u001b[K\u001b[?25h\u001b[?2026l\u001b[?2026h\u001b[?25l\u001b[A\u001b[A\u001b[1Gpulling manifest \u001b[K\n"}
,{"stream_name":"stderr","time":85.384112557,"data":"pulling a3de86cd1c13: 100% ▕██████████████████▏ 5.2 GB                         \u001b[K\n"}
,{"stream_name":"stderr","time":85.484795186,"data":"verifying sha256 digest ⠋ \u001b[K\u001b[?25h\u001b[?2026l\u001b[?2026h\u001b[?25l\u001b[A\u001b[A\u001b[1Gpulling manifest \u001b[K\n"}
,{"stream_name":"stderr","time":85.484844015,"data":"pulling a3de86cd1c13: 100% ▕██████████████████▏ 5.2 GB                         \u001b[K\n"}
,{"stream_name":"stderr","time":85.584373275,"data":"verifying sha256 digest ⠙ \u001b[K\u001b[?25h\u001b[?2026l\u001b[?2026h\u001b[?25l\u001b[A\u001b[A\u001b[1Gpulling manifest \u001b[K\n"}
,{"stream_name":"stderr","time":85.584435232,"data":"pulling a3de86cd1c13: 100% ▕██████████████████▏ 5.2 GB                         \u001b[K\n"}
,{"stream_name":"stderr","time":85.684221427,"data":"verifying sha256 digest ⠹ \u001b[K\u001b[?25h\u001b[?2026l\u001b[?2026h\u001b[?25l\u001b[A\u001b[A\u001b[1Gpulling manifest \u001b[K\n"}
,{"stream_name":"stderr","time":85.684262873,"data":"pulling a3de86cd1c13: 100% ▕██████████████████▏ 5.2 GB                         \u001b[K\n"}
,{"stream_name":"stderr","time":85.785003506,"data":"verifying sha256 digest ⠸ \u001b[K\u001b[?25h\u001b[?2026l\u001b[?2026h\u001b[?25l\u001b[A\u001b[A\u001b[1Gpulling manifest \u001b[K\n"}
,{"stream_name":"stderr","time":85.785041749,"data":"pulling a3de86cd1c13: 100% ▕██████████████████▏ 5.2 GB                         \u001b[K\n"}
,{"stream_name":"stderr","time":85.884690172,"data":"verifying sha256 digest ⠼ \u001b[K\u001b[?25h\u001b[?2026l\u001b[?2026h\u001b[?25l\u001b[A\u001b[A\u001b[1Gpulling manifest \u001b[K\n"}
,{"stream_name":"stderr","time":85.884743319,"data":"pulling a3de86cd1c13: 100% ▕██████████████████▏ 5.2 GB                         \u001b[K\n"}
,{"stream_name":"stderr","time":85.984313577,"data":"verifying sha256 digest ⠴ \u001b[K\u001b[?25h\u001b[?2026l\u001b[?2026h\u001b[?25l\u001b[A\u001b[A\u001b[1Gpulling manifest \u001b[K\n"}
,{"stream_name":"stderr","time":85.984356465,"data":"pulling a3de86cd1c13: 100% ▕██████████████████▏ 5.2 GB                         \u001b[K\n"}
,{"stream_name":"stderr","time":86.084886436,"data":"verifying sha256 digest ⠦ \u001b[K\u001b[?25h\u001b[?2026l\u001b[?2026h\u001b[?25l\u001b[A\u001b[A\u001b[1Gpulling manifest \u001b[K\n"}
,{"stream_name":"stderr","time":86.084924501,"data":"pulling a3de86cd1c13: 100% ▕██████████████████▏ 5.2 GB                         \u001b[K\n"}
,{"stream_name":"stderr","time":86.184556907,"data":"verifying sha256 digest ⠧ \u001b[K\u001b[?25h\u001b[?2026l\u001b[?2026h\u001b[?25l\u001b[A\u001b[A\u001b[1Gpulling manifest \u001b[K\n"}
,{"stream_name":"stderr","time":86.18459519,"data":"pulling a3de86cd1c13: 100% ▕██████████████████▏ 5.2 GB                         \u001b[K\n"}
,{"stream_name":"stderr","time":86.28409173,"data":"verifying sha256 digest ⠇ \u001b[K\u001b[?25h\u001b[?2026l\u001b[?2026h\u001b[?25l\u001b[A\u001b[A\u001b[1Gpulling manifest \u001b[K\n"}
,{"stream_name":"stderr","time":86.284133247,"data":"pulling a3de86cd1c13: 100% ▕██████████████████▏ 5.2 GB                         \u001b[K\n"}
,{"stream_name":"stderr","time":86.384859444,"data":"verifying sha256 digest ⠏ \u001b[K\u001b[?25h\u001b[?2026l\u001b[?2026h\u001b[?25l\u001b[A\u001b[A\u001b[1Gpulling manifest \u001b[K\n"}
,{"stream_name":"stderr","time":86.384901841,"data":"pulling a3de86cd1c13: 100% ▕██████████████████▏ 5.2 GB                         \u001b[K\n"}
,{"stream_name":"stderr","time":86.484355016,"data":"verifying sha256 digest ⠋ \u001b[K\u001b[?25h\u001b[?2026l\u001b[?2026h\u001b[?25l\u001b[A\u001b[A\u001b[1Gpulling manifest \u001b[K\n"}
,{"stream_name":"stderr","time":86.484394576,"data":"pulling a3de86cd1c13: 100% ▕██████████████████▏ 5.2 GB                         \u001b[K\n"}
,{"stream_name":"stderr","time":86.585106139,"data":"verifying sha256 digest ⠙ \u001b[K\u001b[?25h\u001b[?2026l\u001b[?2026h\u001b[?25l\u001b[A\u001b[A\u001b[1Gpulling manifest \u001b[K\n"}
,{"stream_name":"stderr","time":86.585166287,"data":"pulling a3de86cd1c13: 100% ▕██████████████████▏ 5.2 GB                         \u001b[K\n"}
,{"stream_name":"stderr","time":86.684786962,"data":"verifying sha256 digest ⠹ \u001b[K\u001b[?25h\u001b[?2026l\u001b[?2026h\u001b[?25l\u001b[A\u001b[A\u001b[1Gpulling manifest \u001b[K\n"}
,{"stream_name":"stderr","time":86.684827899,"data":"pulling a3de86cd1c13: 100% ▕██████████████████▏ 5.2 GB                         \u001b[K\n"}
,{"stream_name":"stderr","time":86.784290891,"data":"verifying sha256 digest ⠸ \u001b[K\u001b[?25h\u001b[?2026l\u001b[?2026h\u001b[?25l\u001b[A\u001b[A\u001b[1Gpulling manifest \u001b[K\n"}
,{"stream_name":"stderr","time":86.784336629,"data":"pulling a3de86cd1c13: 100% ▕██████████████████▏ 5.2 GB                         \u001b[K\n"}
,{"stream_name":"stderr","time":86.885096965,"data":"verifying sha256 digest ⠼ \u001b[K\u001b[?25h\u001b[?2026l\u001b[?2026h\u001b[?25l\u001b[A\u001b[A\u001b[1Gpulling manifest \u001b[K\n"}
,{"stream_name":"stderr","time":86.885153259,"data":"pulling a3de86cd1c13: 100% ▕██████████████████▏ 5.2 GB                         \u001b[K\n"}
,{"stream_name":"stderr","time":86.984574317,"data":"verifying sha256 digest ⠴ \u001b[K\u001b[?25h\u001b[?2026l\u001b[?2026h\u001b[?25l\u001b[A\u001b[A\u001b[1Gpulling manifest \u001b[K\n"}
,{"stream_name":"stderr","time":86.984614769,"data":"pulling a3de86cd1c13: 100% ▕██████████████████▏ 5.2 GB                         \u001b[K\n"}
,{"stream_name":"stderr","time":87.084227968,"data":"verifying sha256 digest ⠦ \u001b[K\u001b[?25h\u001b[?2026l\u001b[?2026h\u001b[?25l\u001b[A\u001b[A\u001b[1Gpulling manifest \u001b[K\n"}
,{"stream_name":"stderr","time":87.084266473,"data":"pulling a3de86cd1c13: 100% ▕██████████████████▏ 5.2 GB                         \u001b[K\n"}
,{"stream_name":"stderr","time":87.185087545,"data":"verifying sha256 digest ⠧ \u001b[K\u001b[?25h\u001b[?2026l\u001b[?2026h\u001b[?25l\u001b[A\u001b[A\u001b[1Gpulling manifest \u001b[K\n"}
,{"stream_name":"stderr","time":87.185126514,"data":"pulling a3de86cd1c13: 100% ▕██████████████████▏ 5.2 GB                         \u001b[K\n"}
,{"stream_name":"stderr","time":87.28481408,"data":"verifying sha256 digest ⠇ \u001b[K\u001b[?25h\u001b[?2026l\u001b[?2026h\u001b[?25l\u001b[A\u001b[A\u001b[1Gpulling manifest \u001b[K\n"}
,{"stream_name":"stderr","time":87.284853027,"data":"pulling a3de86cd1c13: 100% ▕██████████████████▏ 5.2 GB                         \u001b[K\n"}
,{"stream_name":"stderr","time":87.384329808,"data":"verifying sha256 digest ⠏ \u001b[K\u001b[?25h\u001b[?2026l\u001b[?2026h\u001b[?25l\u001b[A\u001b[A\u001b[1Gpulling manifest \u001b[K\n"}
,{"stream_name":"stderr","time":87.384366811,"data":"pulling a3de86cd1c13: 100% ▕██████████████████▏ 5.2 GB                         \u001b[K\n"}
,{"stream_name":"stderr","time":87.485029516,"data":"verifying sha256 digest ⠋ \u001b[K\u001b[?25h\u001b[?2026l\u001b[?2026h\u001b[?25l\u001b[A\u001b[A\u001b[1Gpulling manifest \u001b[K\n"}
,{"stream_name":"stderr","time":87.48507008,"data":"pulling a3de86cd1c13: 100% ▕██████████████████▏ 5.2 GB                         \u001b[K\n"}
,{"stream_name":"stderr","time":87.584853,"data":"verifying sha256 digest ⠙ \u001b[K\u001b[?25h\u001b[?2026l\u001b[?2026h\u001b[?25l\u001b[A\u001b[A\u001b[1Gpulling manifest \u001b[K\n"}
,{"stream_name":"stderr","time":87.584921032,"data":"pulling a3de86cd1c13: 100% ▕██████████████████▏ 5.2 GB                         \u001b[K\n"}
,{"stream_name":"stderr","time":87.684390304,"data":"verifying sha256 digest ⠹ \u001b[K\u001b[?25h\u001b[?2026l\u001b[?2026h\u001b[?25l\u001b[A\u001b[A\u001b[1Gpulling manifest \u001b[K\n"}
,{"stream_name":"stderr","time":87.68443455,"data":"pulling a3de86cd1c13: 100% ▕██████████████████▏ 5.2 GB                         \u001b[K\n"}
,{"stream_name":"stderr","time":87.785060358,"data":"verifying sha256 digest ⠸ \u001b[K\u001b[?25h\u001b[?2026l\u001b[?2026h\u001b[?25l\u001b[A\u001b[A\u001b[1Gpulling manifest \u001b[K\n"}
,{"stream_name":"stderr","time":87.785101522,"data":"pulling a3de86cd1c13: 100% ▕██████████████████▏ 5.2 GB                         \u001b[K\n"}
,{"stream_name":"stderr","time":87.884722715,"data":"verifying sha256 digest ⠼ \u001b[K\u001b[?25h\u001b[?2026l\u001b[?2026h\u001b[?25l\u001b[A\u001b[A\u001b[1Gpulling manifest \u001b[K\n"}
,{"stream_name":"stderr","time":87.88476586,"data":"pulling a3de86cd1c13: 100% ▕██████████████████▏ 5.2 GB                         \u001b[K\n"}
,{"stream_name":"stderr","time":87.984583407,"data":"verifying sha256 digest ⠴ \u001b[K\u001b[?25h\u001b[?2026l\u001b[?2026h\u001b[?25l\u001b[A\u001b[A\u001b[1Gpulling manifest \u001b[K\n"}
,{"stream_name":"stderr","time":87.984646238,"data":"pulling a3de86cd1c13: 100% ▕██████████████████▏ 5.2 GB                         \u001b[K\n"}
,{"stream_name":"stderr","time":88.085179238,"data":"verifying sha256 digest ⠦ \u001b[K\u001b[?25h\u001b[?2026l\u001b[?2026h\u001b[?25l\u001b[A\u001b[A\u001b[1Gpulling manifest \u001b[K\n"}
,{"stream_name":"stderr","time":88.085220225,"data":"pulling a3de86cd1c13: 100% ▕██████████████████▏ 5.2 GB                         \u001b[K\n"}
,{"stream_name":"stderr","time":88.184963996,"data":"verifying sha256 digest ⠧ \u001b[K\u001b[?25h\u001b[?2026l\u001b[?2026h\u001b[?25l\u001b[A\u001b[A\u001b[1Gpulling manifest \u001b[K\n"}
,{"stream_name":"stderr","time":88.185007335,"data":"pulling a3de86cd1c13: 100% ▕██████████████████▏ 5.2 GB                         \u001b[K\n"}
,{"stream_name":"stderr","time":88.2845844,"data":"verifying sha256 digest ⠇ \u001b[K\u001b[?25h\u001b[?2026l\u001b[?2026h\u001b[?25l\u001b[A\u001b[A\u001b[1Gpulling manifest \u001b[K\n"}
,{"stream_name":"stderr","time":88.284625404,"data":"pulling a3de86cd1c13: 100% ▕██████████████████▏ 5.2 GB                         \u001b[K\n"}
,{"stream_name":"stderr","time":88.384186359,"data":"verifying sha256 digest ⠏ \u001b[K\u001b[?25h\u001b[?2026l\u001b[?2026h\u001b[?25l\u001b[A\u001b[A\u001b[1Gpulling manifest \u001b[K\n"}
,{"stream_name":"stderr","time":88.384228006,"data":"pulling a3de86cd1c13: 100% ▕██████████████████▏ 5.2 GB                         \u001b[K\n"}
,{"stream_name":"stderr","time":88.484855137,"data":"verifying sha256 digest ⠋ \u001b[K\u001b[?25h\u001b[?2026l\u001b[?2026h\u001b[?25l\u001b[A\u001b[A\u001b[1Gpulling manifest \u001b[K\n"}
,{"stream_name":"stderr","time":88.484897026,"data":"pulling a3de86cd1c13: 100% ▕██████████████████▏ 5.2 GB                         \u001b[K\n"}
,{"stream_name":"stderr","time":88.584552867,"data":"verifying sha256 digest ⠙ \u001b[K\u001b[?25h\u001b[?2026l\u001b[?2026h\u001b[?25l\u001b[A\u001b[A\u001b[1Gpulling manifest \u001b[K\n"}
,{"stream_name":"stderr","time":88.584596152,"data":"pulling a3de86cd1c13: 100% ▕██████████████████▏ 5.2 GB                         \u001b[K\n"}
,{"stream_name":"stderr","time":88.684108157,"data":"verifying sha256 digest ⠹ \u001b[K\u001b[?25h\u001b[?2026l\u001b[?2026h\u001b[?25l\u001b[A\u001b[A\u001b[1Gpulling manifest \u001b[K\n"}
,{"stream_name":"stderr","time":88.684146693,"data":"pulling a3de86cd1c13: 100% ▕██████████████████▏ 5.2 GB                         \u001b[K\n"}
,{"stream_name":"stderr","time":88.784785765,"data":"verifying sha256 digest ⠸ \u001b[K\u001b[?25h\u001b[?2026l\u001b[?2026h\u001b[?25l\u001b[A\u001b[A\u001b[1Gpulling manifest \u001b[K\n"}
,{"stream_name":"stderr","time":88.784824844,"data":"pulling a3de86cd1c13: 100% ▕██████████████████▏ 5.2 GB                         \u001b[K\n"}
,{"stream_name":"stderr","time":88.884411361,"data":"verifying sha256 digest ⠼ \u001b[K\u001b[?25h\u001b[?2026l\u001b[?2026h\u001b[?25l\u001b[A\u001b[A\u001b[1Gpulling manifest \u001b[K\n"}
,{"stream_name":"stderr","time":88.884448951,"data":"pulling a3de86cd1c13: 100% ▕██████████████████▏ 5.2 GB                         \u001b[K\n"}
,{"stream_name":"stderr","time":88.985076321,"data":"verifying sha256 digest ⠴ \u001b[K\u001b[?25h\u001b[?2026l\u001b[?2026h\u001b[?25l\u001b[A\u001b[A\u001b[1Gpulling manifest \u001b[K\n"}
,{"stream_name":"stderr","time":88.985116005,"data":"pulling a3de86cd1c13: 100% ▕██████████████████▏ 5.2 GB                         \u001b[K\n"}
,{"stream_name":"stderr","time":89.084961519,"data":"verifying sha256 digest ⠦ \u001b[K\u001b[?25h\u001b[?2026l\u001b[?2026h\u001b[?25l\u001b[A\u001b[A\u001b[1Gpulling manifest \u001b[K\n"}
,{"stream_name":"stderr","time":89.085001038,"data":"pulling a3de86cd1c13: 100% ▕██████████████████▏ 5.2 GB                         \u001b[K\n"}
,{"stream_name":"stderr","time":89.184413342,"data":"verifying sha256 digest ⠧ \u001b[K\u001b[?25h\u001b[?2026l\u001b[?2026h\u001b[?25l\u001b[A\u001b[A\u001b[1Gpulling manifest \u001b[K\n"}
,{"stream_name":"stderr","time":89.184451045,"data":"pulling a3de86cd1c13: 100% ▕██████████████████▏ 5.2 GB                         \u001b[K\n"}
,{"stream_name":"stderr","time":89.28511011,"data":"verifying sha256 digest ⠇ \u001b[K\u001b[?25h\u001b[?2026l\u001b[?2026h\u001b[?25l\u001b[A\u001b[A\u001b[1Gpulling manifest \u001b[K\n"}
,{"stream_name":"stderr","time":89.285156739,"data":"pulling a3de86cd1c13: 100% ▕██████████████████▏ 5.2 GB                         \u001b[K\n"}
,{"stream_name":"stderr","time":89.384808716,"data":"verifying sha256 digest ⠏ \u001b[K\u001b[?25h\u001b[?2026l\u001b[?2026h\u001b[?25l\u001b[A\u001b[A\u001b[1Gpulling manifest \u001b[K\n"}
,{"stream_name":"stderr","time":89.384853163,"data":"pulling a3de86cd1c13: 100% ▕██████████████████▏ 5.2 GB                         \u001b[K\n"}
,{"stream_name":"stderr","time":89.484584504,"data":"verifying sha256 digest ⠋ \u001b[K\u001b[?25h\u001b[?2026l\u001b[?2026h\u001b[?25l\u001b[A\u001b[A\u001b[1Gpulling manifest \u001b[K\n"}
,{"stream_name":"stderr","time":89.484628078,"data":"pulling a3de86cd1c13: 100% ▕██████████████████▏ 5.2 GB                         \u001b[K\n"}
,{"stream_name":"stderr","time":89.584446024,"data":"verifying sha256 digest ⠙ \u001b[K\u001b[?25h\u001b[?2026l\u001b[?2026h\u001b[?25l\u001b[A\u001b[A\u001b[1Gpulling manifest \u001b[K\n"}
,{"stream_name":"stderr","time":89.584520569,"data":"pulling a3de86cd1c13: 100% ▕██████████████████▏ 5.2 GB                         \u001b[K\n"}
,{"stream_name":"stderr","time":89.684355801,"data":"verifying sha256 digest ⠹ \u001b[K\u001b[?25h\u001b[?2026l\u001b[?2026h\u001b[?25l\u001b[A\u001b[A\u001b[1Gpulling manifest \u001b[K\n"}
,{"stream_name":"stderr","time":89.684396614,"data":"pulling a3de86cd1c13: 100% ▕██████████████████▏ 5.2 GB                         \u001b[K\n"}
,{"stream_name":"stderr","time":89.784956365,"data":"verifying sha256 digest ⠸ \u001b[K\u001b[?25h\u001b[?2026l\u001b[?2026h\u001b[?25l\u001b[A\u001b[A\u001b[1Gpulling manifest \u001b[K\n"}
,{"stream_name":"stderr","time":89.784991278,"data":"pulling a3de86cd1c13: 100% ▕██████████████████▏ 5.2 GB                         \u001b[K\n"}
,{"stream_name":"stderr","time":89.88442103,"data":"verifying sha256 digest ⠼ \u001b[K\u001b[?25h\u001b[?2026l\u001b[?2026h\u001b[?25l\u001b[A\u001b[A\u001b[1Gpulling manifest \u001b[K\n"}
,{"stream_name":"stderr","time":89.884455338,"data":"pulling a3de86cd1c13: 100% ▕██████████████████▏ 5.2 GB                         \u001b[K\n"}
,{"stream_name":"stderr","time":89.985106713,"data":"verifying sha256 digest ⠴ \u001b[K\u001b[?25h\u001b[?2026l\u001b[?2026h\u001b[?25l\u001b[A\u001b[A\u001b[1Gpulling manifest \u001b[K\n"}
,{"stream_name":"stderr","time":89.985145956,"data":"pulling a3de86cd1c13: 100% ▕██████████████████▏ 5.2 GB                         \u001b[K\n"}
,{"stream_name":"stderr","time":90.08493791,"data":"verifying sha256 digest ⠦ \u001b[K\u001b[?25h\u001b[?2026l\u001b[?2026h\u001b[?25l\u001b[A\u001b[A\u001b[1Gpulling manifest \u001b[K\n"}
,{"stream_name":"stderr","time":90.084978803,"data":"pulling a3de86cd1c13: 100% ▕██████████████████▏ 5.2 GB                         \u001b[K\n"}
,{"stream_name":"stderr","time":90.18438894,"data":"verifying sha256 digest ⠧ \u001b[K\u001b[?25h\u001b[?2026l\u001b[?2026h\u001b[?25l\u001b[A\u001b[A\u001b[1Gpulling manifest \u001b[K\n"}
,{"stream_name":"stderr","time":90.18442811,"data":"pulling a3de86cd1c13: 100% ▕██████████████████▏ 5.2 GB                         \u001b[K\n"}
,{"stream_name":"stderr","time":90.284559938,"data":"verifying sha256 digest ⠇ \u001b[K\u001b[?25h\u001b[?2026l\u001b[?2026h\u001b[?25l\u001b[A\u001b[A\u001b[1Gpulling manifest \u001b[K\n"}
,{"stream_name":"stderr","time":90.284601391,"data":"pulling a3de86cd1c13: 100% ▕██████████████████▏ 5.2 GB                         \u001b[K\n"}
,{"stream_name":"stderr","time":90.38502431,"data":"verifying sha256 digest ⠏ \u001b[K\u001b[?25h\u001b[?2026l\u001b[?2026h\u001b[?25l\u001b[A\u001b[A\u001b[1Gpulling manifest \u001b[K\n"}
,{"stream_name":"stderr","time":90.385066105,"data":"pulling a3de86cd1c13: 100% ▕██████████████████▏ 5.2 GB                         \u001b[K\n"}
,{"stream_name":"stderr","time":90.484724633,"data":"verifying sha256 digest ⠋ \u001b[K\u001b[?25h\u001b[?2026l\u001b[?2026h\u001b[?25l\u001b[A\u001b[A\u001b[1Gpulling manifest \u001b[K\n"}
,{"stream_name":"stderr","time":90.484765935,"data":"pulling a3de86cd1c13: 100% ▕██████████████████▏ 5.2 GB                         \u001b[K\n"}
,{"stream_name":"stderr","time":90.584217675,"data":"verifying sha256 digest ⠙ \u001b[K\u001b[?25h\u001b[?2026l\u001b[?2026h\u001b[?25l\u001b[A\u001b[A\u001b[1Gpulling manifest \u001b[K\n"}
,{"stream_name":"stderr","time":90.584256406,"data":"pulling a3de86cd1c13: 100% ▕██████████████████▏ 5.2 GB                         \u001b[K\n"}
,{"stream_name":"stderr","time":90.684879888,"data":"verifying sha256 digest ⠹ \u001b[K\u001b[?25h\u001b[?2026l\u001b[?2026h\u001b[?25l\u001b[A\u001b[A\u001b[1Gpulling manifest \u001b[K\n"}
,{"stream_name":"stderr","time":90.684920462,"data":"pulling a3de86cd1c13: 100% ▕██████████████████▏ 5.2 GB                         \u001b[K\n"}
,{"stream_name":"stderr","time":90.784393911,"data":"verifying sha256 digest ⠸ \u001b[K\u001b[?25h\u001b[?2026l\u001b[?2026h\u001b[?25l\u001b[A\u001b[A\u001b[1Gpulling manifest \u001b[K\n"}
,{"stream_name":"stderr","time":90.784434647,"data":"pulling a3de86cd1c13: 100% ▕██████████████████▏ 5.2 GB                         \u001b[K\n"}
,{"stream_name":"stderr","time":90.885017719,"data":"verifying sha256 digest ⠼ \u001b[K\u001b[?25h\u001b[?2026l\u001b[?2026h\u001b[?25l\u001b[A\u001b[A\u001b[1Gpulling manifest \u001b[K\n"}
,{"stream_name":"stderr","time":90.885056377,"data":"pulling a3de86cd1c13: 100% ▕██████████████████▏ 5.2 GB                         \u001b[K\n"}
,{"stream_name":"stderr","time":90.984719422,"data":"verifying sha256 digest ⠴ \u001b[K\u001b[?25h\u001b[?2026l\u001b[?2026h\u001b[?25l\u001b[A\u001b[A\u001b[1Gpulling manifest \u001b[K\n"}
,{"stream_name":"stderr","time":90.984759143,"data":"pulling a3de86cd1c13: 100% ▕██████████████████▏ 5.2 GB                         \u001b[K\n"}
,{"stream_name":"stderr","time":91.08412786,"data":"verifying sha256 digest ⠦ \u001b[K\u001b[?25h\u001b[?2026l\u001b[?2026h\u001b[?25l\u001b[A\u001b[A\u001b[1Gpulling manifest \u001b[K\n"}
,{"stream_name":"stderr","time":91.08416708,"data":"pulling a3de86cd1c13: 100% ▕██████████████████▏ 5.2 GB                         \u001b[K\n"}
,{"stream_name":"stderr","time":91.184847178,"data":"verifying sha256 digest ⠧ \u001b[K\u001b[?25h\u001b[?2026l\u001b[?2026h\u001b[?25l\u001b[A\u001b[A\u001b[1Gpulling manifest \u001b[K\n"}
,{"stream_name":"stderr","time":91.18488629,"data":"pulling a3de86cd1c13: 100% ▕██████████████████▏ 5.2 GB                         \u001b[K\n"}
,{"stream_name":"stderr","time":91.284365561,"data":"verifying sha256 digest ⠇ \u001b[K\u001b[?25h\u001b[?2026l\u001b[?2026h\u001b[?25l\u001b[A\u001b[A\u001b[1Gpulling manifest \u001b[K\n"}
,{"stream_name":"stderr","time":91.284407468,"data":"pulling a3de86cd1c13: 100% ▕██████████████████▏ 5.2 GB                         \u001b[K\n"}
,{"stream_name":"stderr","time":91.385009273,"data":"verifying sha256 digest ⠏ \u001b[K\u001b[?25h\u001b[?2026l\u001b[?2026h\u001b[?25l\u001b[A\u001b[A\u001b[1Gpulling manifest \u001b[K\n"}
,{"stream_name":"stderr","time":91.385051258,"data":"pulling a3de86cd1c13: 100% ▕██████████████████▏ 5.2 GB                         \u001b[K\n"}
,{"stream_name":"stderr","time":91.484646787,"data":"verifying sha256 digest ⠋ \u001b[K\u001b[?25h\u001b[?2026l\u001b[?2026h\u001b[?25l\u001b[A\u001b[A\u001b[1Gpulling manifest \u001b[K\n"}
,{"stream_name":"stderr","time":91.484684576,"data":"pulling a3de86cd1c13: 100% ▕██████████████████▏ 5.2 GB                         \u001b[K\n"}
,{"stream_name":"stderr","time":91.584373317,"data":"verifying sha256 digest ⠙ \u001b[K\u001b[?25h\u001b[?2026l\u001b[?2026h\u001b[?25l\u001b[A\u001b[A\u001b[1Gpulling manifest \u001b[K\n"}
,{"stream_name":"stderr","time":91.584413779,"data":"pulling a3de86cd1c13: 100% ▕██████████████████▏ 5.2 GB                         \u001b[K\n"}
,{"stream_name":"stderr","time":91.684129283,"data":"verifying sha256 digest ⠹ \u001b[K\u001b[?25h\u001b[?2026l\u001b[?2026h\u001b[?25l\u001b[A\u001b[A\u001b[1Gpulling manifest \u001b[K\n"}
,{"stream_name":"stderr","time":91.684188868,"data":"pulling a3de86cd1c13: 100% ▕██████████████████▏ 5.2 GB                         \u001b[K\n"}
,{"stream_name":"stderr","time":91.784814406,"data":"verifying sha256 digest ⠸ \u001b[K\u001b[?25h\u001b[?2026l\u001b[?2026h\u001b[?25l\u001b[A\u001b[A\u001b[1Gpulling manifest \u001b[K\n"}
,{"stream_name":"stderr","time":91.784856473,"data":"pulling a3de86cd1c13: 100% ▕██████████████████▏ 5.2 GB                         \u001b[K\n"}
,{"stream_name":"stderr","time":91.884211682,"data":"verifying sha256 digest ⠼ \u001b[K\u001b[?25h\u001b[?2026l\u001b[?2026h\u001b[?25l\u001b[A\u001b[A\u001b[1Gpulling manifest \u001b[K\n"}
,{"stream_name":"stderr","time":91.884248212,"data":"pulling a3de86cd1c13: 100% ▕██████████████████▏ 5.2 GB                         \u001b[K\n"}
,{"stream_name":"stderr","time":91.985119252,"data":"verifying sha256 digest ⠴ \u001b[K\u001b[?25h\u001b[?2026l\u001b[?2026h\u001b[?25l\u001b[A\u001b[A\u001b[1Gpulling manifest \u001b[K\n"}
,{"stream_name":"stderr","time":91.985168471,"data":"pulling a3de86cd1c13: 100% ▕██████████████████▏ 5.2 GB                         \u001b[K\n"}
,{"stream_name":"stderr","time":92.084908934,"data":"verifying sha256 digest ⠦ \u001b[K\u001b[?25h\u001b[?2026l\u001b[?2026h\u001b[?25l\u001b[A\u001b[A\u001b[1Gpulling manifest \u001b[K\n"}
,{"stream_name":"stderr","time":92.084944287,"data":"pulling a3de86cd1c13: 100% ▕██████████████████▏ 5.2 GB                         \u001b[K\n"}
,{"stream_name":"stderr","time":92.184960154,"data":"verifying sha256 digest ⠧ \u001b[K\u001b[?25h\u001b[?2026l\u001b[?2026h\u001b[?25l\u001b[A\u001b[A\u001b[1Gpulling manifest \u001b[K\n"}
,{"stream_name":"stderr","time":92.185005392,"data":"pulling a3de86cd1c13: 100% ▕██████████████████▏ 5.2 GB                         \u001b[K\n"}
,{"stream_name":"stderr","time":92.284762378,"data":"verifying sha256 digest ⠇ \u001b[K\u001b[?25h\u001b[?2026l\u001b[?2026h\u001b[?25l\u001b[A\u001b[A\u001b[1Gpulling manifest \u001b[K\n"}
,{"stream_name":"stderr","time":92.284810486,"data":"pulling a3de86cd1c13: 100% ▕██████████████████▏ 5.2 GB                         \u001b[K\n"}
,{"stream_name":"stderr","time":92.384341789,"data":"verifying sha256 digest ⠏ \u001b[K\u001b[?25h\u001b[?2026l\u001b[?2026h\u001b[?25l\u001b[A\u001b[A\u001b[1Gpulling manifest \u001b[K\n"}
,{"stream_name":"stderr","time":92.384380863,"data":"pulling a3de86cd1c13: 100% ▕██████████████████▏ 5.2 GB                         \u001b[K\n"}
,{"stream_name":"stderr","time":92.484916054,"data":"verifying sha256 digest ⠋ \u001b[K\u001b[?25h\u001b[?2026l\u001b[?2026h\u001b[?25l\u001b[A\u001b[A\u001b[1Gpulling manifest \u001b[K\n"}
,{"stream_name":"stderr","time":92.484956996,"data":"pulling a3de86cd1c13: 100% ▕██████████████████▏ 5.2 GB                         \u001b[K\n"}
,{"stream_name":"stderr","time":92.584663561,"data":"verifying sha256 digest ⠙ \u001b[K\u001b[?25h\u001b[?2026l\u001b[?2026h\u001b[?25l\u001b[A\u001b[A\u001b[1Gpulling manifest \u001b[K\n"}
,{"stream_name":"stderr","time":92.584703306,"data":"pulling a3de86cd1c13: 100% ▕██████████████████▏ 5.2 GB                         \u001b[K\n"}
,{"stream_name":"stderr","time":92.684135715,"data":"verifying sha256 digest ⠹ \u001b[K\u001b[?25h\u001b[?2026l\u001b[?2026h\u001b[?25l\u001b[A\u001b[A\u001b[1Gpulling manifest \u001b[K\n"}
,{"stream_name":"stderr","time":92.684223126,"data":"pulling a3de86cd1c13: 100% ▕██████████████████▏ 5.2 GB                         \u001b[K\n"}
,{"stream_name":"stderr","time":92.784828021,"data":"verifying sha256 digest ⠸ \u001b[K\u001b[?25h\u001b[?2026l\u001b[?2026h\u001b[?25l\u001b[A\u001b[A\u001b[1Gpulling manifest \u001b[K\n"}
,{"stream_name":"stderr","time":92.784871121,"data":"pulling a3de86cd1c13: 100% ▕██████████████████▏ 5.2 GB                         \u001b[K\n"}
,{"stream_name":"stderr","time":92.884370381,"data":"verifying sha256 digest ⠼ \u001b[K\u001b[?25h\u001b[?2026l\u001b[?2026h\u001b[?25l\u001b[A\u001b[A\u001b[1Gpulling manifest \u001b[K\n"}
,{"stream_name":"stderr","time":92.88441009,"data":"pulling a3de86cd1c13: 100% ▕██████████████████▏ 5.2 GB                         \u001b[K\n"}
,{"stream_name":"stderr","time":92.984929175,"data":"verifying sha256 digest ⠴ \u001b[K\u001b[?25h\u001b[?2026l\u001b[?2026h\u001b[?25l\u001b[A\u001b[A\u001b[1Gpulling manifest \u001b[K\n"}
,{"stream_name":"stderr","time":92.984968526,"data":"pulling a3de86cd1c13: 100% ▕██████████████████▏ 5.2 GB                         \u001b[K\n"}
,{"stream_name":"stderr","time":93.084571957,"data":"verifying sha256 digest ⠦ \u001b[K\u001b[?25h\u001b[?2026l\u001b[?2026h\u001b[?25l\u001b[A\u001b[A\u001b[1Gpulling manifest \u001b[K\n"}
,{"stream_name":"stderr","time":93.084611698,"data":"pulling a3de86cd1c13: 100% ▕██████████████████▏ 5.2 GB                         \u001b[K\n"}
,{"stream_name":"stderr","time":93.184403893,"data":"verifying sha256 digest ⠧ \u001b[K\u001b[?25h\u001b[?2026l\u001b[?2026h\u001b[?25l\u001b[A\u001b[A\u001b[1Gpulling manifest \u001b[K\n"}
,{"stream_name":"stderr","time":93.184445481,"data":"pulling a3de86cd1c13: 100% ▕██████████████████▏ 5.2 GB                         \u001b[K\n"}
,{"stream_name":"stderr","time":93.284883635,"data":"verifying sha256 digest ⠇ \u001b[K\u001b[?25h\u001b[?2026l\u001b[?2026h\u001b[?25l\u001b[A\u001b[A\u001b[1Gpulling manifest \u001b[K\n"}
,{"stream_name":"stderr","time":93.284925751,"data":"pulling a3de86cd1c13: 100% ▕██████████████████▏ 5.2 GB                         \u001b[K\n"}
,{"stream_name":"stderr","time":93.385020397,"data":"verifying sha256 digest ⠏ \u001b[K\u001b[?25h\u001b[?2026l\u001b[?2026h\u001b[?25l\u001b[A\u001b[A\u001b[1Gpulling manifest \u001b[K\n"}
,{"stream_name":"stderr","time":93.385059622,"data":"pulling a3de86cd1c13: 100% ▕██████████████████▏ 5.2 GB                         \u001b[K\n"}
,{"stream_name":"stderr","time":93.484158938,"data":"verifying sha256 digest ⠋ \u001b[K\u001b[?25h\u001b[?2026l\u001b[?2026h\u001b[?25l\u001b[A\u001b[A\u001b[1Gpulling manifest \u001b[K\n"}
,{"stream_name":"stderr","time":93.484272839,"data":"pulling a3de86cd1c13: 100% ▕██████████████████▏ 5.2 GB                         \u001b[K\n"}
,{"stream_name":"stderr","time":93.584870233,"data":"verifying sha256 digest ⠙ \u001b[K\u001b[?25h\u001b[?2026l\u001b[?2026h\u001b[?25l\u001b[A\u001b[A\u001b[1Gpulling manifest \u001b[K\n"}
,{"stream_name":"stderr","time":93.584911481,"data":"pulling a3de86cd1c13: 100% ▕██████████████████▏ 5.2 GB                         \u001b[K\n"}
,{"stream_name":"stderr","time":93.684424316,"data":"verifying sha256 digest ⠹ \u001b[K\u001b[?25h\u001b[?2026l\u001b[?2026h\u001b[?25l\u001b[A\u001b[A\u001b[1Gpulling manifest \u001b[K\n"}
,{"stream_name":"stderr","time":93.684482967,"data":"pulling a3de86cd1c13: 100% ▕██████████████████▏ 5.2 GB                         \u001b[K\n"}
,{"stream_name":"stderr","time":93.784984257,"data":"verifying sha256 digest ⠸ \u001b[K\u001b[?25h\u001b[?2026l\u001b[?2026h\u001b[?25l\u001b[A\u001b[A\u001b[1Gpulling manifest \u001b[K\n"}
,{"stream_name":"stderr","time":93.785023349,"data":"pulling a3de86cd1c13: 100% ▕██████████████████▏ 5.2 GB                         \u001b[K\n"}
,{"stream_name":"stderr","time":93.884835275,"data":"verifying sha256 digest ⠼ \u001b[K\u001b[?25h\u001b[?2026l\u001b[?2026h\u001b[?25l\u001b[A\u001b[A\u001b[1Gpulling manifest \u001b[K\n"}
,{"stream_name":"stderr","time":93.88487718,"data":"pulling a3de86cd1c13: 100% ▕██████████████████▏ 5.2 GB                         \u001b[K\n"}
,{"stream_name":"stderr","time":93.984488188,"data":"verifying sha256 digest ⠴ \u001b[K\u001b[?25h\u001b[?2026l\u001b[?2026h\u001b[?25l\u001b[A\u001b[A\u001b[1Gpulling manifest \u001b[K\n"}
,{"stream_name":"stderr","time":93.984548133,"data":"pulling a3de86cd1c13: 100% ▕██████████████████▏ 5.2 GB                         \u001b[K\n"}
,{"stream_name":"stderr","time":94.084265874,"data":"verifying sha256 digest ⠦ \u001b[K\u001b[?25h\u001b[?2026l\u001b[?2026h\u001b[?25l\u001b[A\u001b[A\u001b[1Gpulling manifest \u001b[K\n"}
,{"stream_name":"stderr","time":94.084301684,"data":"pulling a3de86cd1c13: 100% ▕██████████████████▏ 5.2 GB                         \u001b[K\n"}
,{"stream_name":"stderr","time":94.184829095,"data":"verifying sha256 digest ⠧ \u001b[K\u001b[?25h\u001b[?2026l\u001b[?2026h\u001b[?25l\u001b[A\u001b[A\u001b[1Gpulling manifest \u001b[K\n"}
,{"stream_name":"stderr","time":94.184867919,"data":"pulling a3de86cd1c13: 100% ▕██████████████████▏ 5.2 GB                         \u001b[K\n"}
,{"stream_name":"stderr","time":94.284919924,"data":"verifying sha256 digest ⠇ \u001b[K\u001b[?25h\u001b[?2026l\u001b[?2026h\u001b[?25l\u001b[A\u001b[A\u001b[1Gpulling manifest \u001b[K\n"}
,{"stream_name":"stderr","time":94.284961977,"data":"pulling a3de86cd1c13: 100% ▕██████████████████▏ 5.2 GB                         \u001b[K\n"}
,{"stream_name":"stderr","time":94.3844346,"data":"verifying sha256 digest ⠏ \u001b[K\u001b[?25h\u001b[?2026l\u001b[?2026h\u001b[?25l\u001b[A\u001b[A\u001b[1Gpulling manifest \u001b[K\n"}
,{"stream_name":"stderr","time":94.384481781,"data":"pulling a3de86cd1c13: 100% ▕██████████████████▏ 5.2 GB                         \u001b[K\n"}
,{"stream_name":"stderr","time":94.485029113,"data":"verifying sha256 digest ⠋ \u001b[K\u001b[?25h\u001b[?2026l\u001b[?2026h\u001b[?25l\u001b[A\u001b[A\u001b[1Gpulling manifest \u001b[K\n"}
,{"stream_name":"stderr","time":94.485067746,"data":"pulling a3de86cd1c13: 100% ▕██████████████████▏ 5.2 GB                         \u001b[K\n"}
,{"stream_name":"stderr","time":94.584708313,"data":"verifying sha256 digest ⠙ \u001b[K\u001b[?25h\u001b[?2026l\u001b[?2026h\u001b[?25l\u001b[A\u001b[A\u001b[1Gpulling manifest \u001b[K\n"}
,{"stream_name":"stderr","time":94.584753075,"data":"pulling a3de86cd1c13: 100% ▕██████████████████▏ 5.2 GB                         \u001b[K\n"}
,{"stream_name":"stderr","time":94.68438189,"data":"verifying sha256 digest ⠹ \u001b[K\u001b[?25h\u001b[?2026l\u001b[?2026h\u001b[?25l\u001b[A\u001b[A\u001b[1Gpulling manifest \u001b[K\n"}
,{"stream_name":"stderr","time":94.684443482,"data":"pulling a3de86cd1c13: 100% ▕██████████████████▏ 5.2 GB                         \u001b[K\n"}
,{"stream_name":"stderr","time":94.784852229,"data":"verifying sha256 digest ⠸ \u001b[K\u001b[?25h\u001b[?2026l\u001b[?2026h\u001b[?25l\u001b[A\u001b[A\u001b[1Gpulling manifest \u001b[K\n"}
,{"stream_name":"stderr","time":94.784892456,"data":"pulling a3de86cd1c13: 100% ▕██████████████████▏ 5.2 GB                         \u001b[K\n"}
,{"stream_name":"stderr","time":94.884310507,"data":"verifying sha256 digest ⠼ \u001b[K\u001b[?25h\u001b[?2026l\u001b[?2026h\u001b[?25l\u001b[A\u001b[A\u001b[1Gpulling manifest \u001b[K\n"}
,{"stream_name":"stderr","time":94.884349336,"data":"pulling a3de86cd1c13: 100% ▕██████████████████▏ 5.2 GB                         \u001b[K\n"}
,{"stream_name":"stderr","time":94.984048826,"data":"verifying sha256 digest ⠴ \u001b[K\u001b[?25h\u001b[?2026l\u001b[?2026h\u001b[?25l\u001b[A\u001b[A\u001b[1Gpulling manifest \u001b[K\n"}
,{"stream_name":"stderr","time":94.984089668,"data":"pulling a3de86cd1c13: 100% ▕██████████████████▏ 5.2 GB                         \u001b[K\n"}
,{"stream_name":"stderr","time":95.084660066,"data":"verifying sha256 digest ⠦ \u001b[K\u001b[?25h\u001b[?2026l\u001b[?2026h\u001b[?25l\u001b[A\u001b[A\u001b[1Gpulling manifest \u001b[K\n"}
,{"stream_name":"stderr","time":95.08470057,"data":"pulling a3de86cd1c13: 100% ▕██████████████████▏ 5.2 GB                         \u001b[K\n"}
,{"stream_name":"stderr","time":95.184447019,"data":"verifying sha256 digest ⠧ \u001b[K\u001b[?25h\u001b[?2026l\u001b[?2026h\u001b[?25l\u001b[A\u001b[A\u001b[1Gpulling manifest \u001b[K\n"}
,{"stream_name":"stderr","time":95.184486181,"data":"pulling a3de86cd1c13: 100% ▕██████████████████▏ 5.2 GB                         \u001b[K\n"}
,{"stream_name":"stderr","time":95.28420185,"data":"verifying sha256 digest ⠇ \u001b[K\u001b[?25h\u001b[?2026l\u001b[?2026h\u001b[?25l\u001b[A\u001b[A\u001b[1Gpulling manifest \u001b[K\n"}
,{"stream_name":"stderr","time":95.284245157,"data":"pulling a3de86cd1c13: 100% ▕██████████████████▏ 5.2 GB                         \u001b[K\n"}
,{"stream_name":"stderr","time":95.384957918,"data":"verifying sha256 digest ⠏ \u001b[K\u001b[?25h\u001b[?2026l\u001b[?2026h\u001b[?25l\u001b[A\u001b[A\u001b[1Gpulling manifest \u001b[K\n"}
,{"stream_name":"stderr","time":95.384999447,"data":"pulling a3de86cd1c13: 100% ▕██████████████████▏ 5.2 GB                         \u001b[K\n"}
,{"stream_name":"stderr","time":95.484922091,"data":"verifying sha256 digest ⠋ \u001b[K\u001b[?25h\u001b[?2026l\u001b[?2026h\u001b[?25l\u001b[A\u001b[A\u001b[1Gpulling manifest \u001b[K\n"}
,{"stream_name":"stderr","time":95.484960978,"data":"pulling a3de86cd1c13: 100% ▕██████████████████▏ 5.2 GB                         \u001b[K\n"}
,{"stream_name":"stderr","time":95.585047054,"data":"verifying sha256 digest ⠙ \u001b[K\u001b[?25h\u001b[?2026l\u001b[?2026h\u001b[?25l\u001b[A\u001b[A\u001b[1Gpulling manifest \u001b[K\n"}
,{"stream_name":"stderr","time":95.585089834,"data":"pulling a3de86cd1c13: 100% ▕██████████████████▏ 5.2 GB                         \u001b[K\n"}
,{"stream_name":"stderr","time":95.684798816,"data":"verifying sha256 digest ⠹ \u001b[K\u001b[?25h\u001b[?2026l\u001b[?2026h\u001b[?25l\u001b[A\u001b[A\u001b[1Gpulling manifest \u001b[K\n"}
,{"stream_name":"stderr","time":95.684841098,"data":"pulling a3de86cd1c13: 100% ▕██████████████████▏ 5.2 GB                         \u001b[K\n"}
,{"stream_name":"stderr","time":95.784381132,"data":"verifying sha256 digest ⠸ \u001b[K\u001b[?25h\u001b[?2026l\u001b[?2026h\u001b[?25l\u001b[A\u001b[A\u001b[1Gpulling manifest \u001b[K\n"}
,{"stream_name":"stderr","time":95.784421771,"data":"pulling a3de86cd1c13: 100% ▕██████████████████▏ 5.2 GB                         \u001b[K\n"}
,{"stream_name":"stderr","time":95.884091314,"data":"verifying sha256 digest ⠼ \u001b[K\u001b[?25h\u001b[?2026l\u001b[?2026h\u001b[?25l\u001b[A\u001b[A\u001b[1Gpulling manifest \u001b[K\n"}
,{"stream_name":"stderr","time":95.88413016,"data":"pulling a3de86cd1c13: 100% ▕██████████████████▏ 5.2 GB                         \u001b[K\n"}
,{"stream_name":"stderr","time":95.984885576,"data":"verifying sha256 digest ⠴ \u001b[K\u001b[?25h\u001b[?2026l\u001b[?2026h\u001b[?25l\u001b[A\u001b[A\u001b[1Gpulling manifest \u001b[K\n"}
,{"stream_name":"stderr","time":95.984927849,"data":"pulling a3de86cd1c13: 100% ▕██████████████████▏ 5.2 GB                         \u001b[K\n"}
,{"stream_name":"stderr","time":96.084342858,"data":"verifying sha256 digest ⠦ \u001b[K\u001b[?25h\u001b[?2026l\u001b[?2026h\u001b[?25l\u001b[A\u001b[A\u001b[1Gpulling manifest \u001b[K\n"}
,{"stream_name":"stderr","time":96.084381184,"data":"pulling a3de86cd1c13: 100% ▕██████████████████▏ 5.2 GB                         \u001b[K\n"}
,{"stream_name":"stderr","time":96.184154876,"data":"verifying sha256 digest ⠧ \u001b[K\u001b[?25h\u001b[?2026l\u001b[?2026h\u001b[?25l\u001b[A\u001b[A\u001b[1Gpulling manifest \u001b[K\n"}
,{"stream_name":"stderr","time":96.184211136,"data":"pulling a3de86cd1c13: 100% ▕██████████████████▏ 5.2 GB                         \u001b[K\n"}
,{"stream_name":"stderr","time":96.284823948,"data":"verifying sha256 digest ⠇ \u001b[K\u001b[?25h\u001b[?2026l\u001b[?2026h\u001b[?25l\u001b[A\u001b[A\u001b[1Gpulling manifest \u001b[K\n"}
,{"stream_name":"stderr","time":96.284869406,"data":"pulling a3de86cd1c13: 100% ▕██████████████████▏ 5.2 GB                         \u001b[K\n"}
,{"stream_name":"stderr","time":96.384644054,"data":"verifying sha256 digest ⠏ \u001b[K\u001b[?25h\u001b[?2026l\u001b[?2026h\u001b[?25l\u001b[A\u001b[A\u001b[1Gpulling manifest \u001b[K\n"}
,{"stream_name":"stderr","time":96.38468245,"data":"pulling a3de86cd1c13: 100% ▕██████████████████▏ 5.2 GB                         \u001b[K\n"}
,{"stream_name":"stderr","time":96.484167469,"data":"verifying sha256 digest ⠋ \u001b[K\u001b[?25h\u001b[?2026l\u001b[?2026h\u001b[?25l\u001b[A\u001b[A\u001b[1Gpulling manifest \u001b[K\n"}
,{"stream_name":"stderr","time":96.484208679,"data":"pulling a3de86cd1c13: 100% ▕██████████████████▏ 5.2 GB                         \u001b[K\n"}
,{"stream_name":"stderr","time":96.585028974,"data":"verifying sha256 digest ⠙ \u001b[K\u001b[?25h\u001b[?2026l\u001b[?2026h\u001b[?25l\u001b[A\u001b[A\u001b[1Gpulling manifest \u001b[K\n"}
,{"stream_name":"stderr","time":96.585068955,"data":"pulling a3de86cd1c13: 100% ▕██████████████████▏ 5.2 GB                         \u001b[K\n"}
,{"stream_name":"stderr","time":96.68484747,"data":"verifying sha256 digest ⠹ \u001b[K\u001b[?25h\u001b[?2026l\u001b[?2026h\u001b[?25l\u001b[A\u001b[A\u001b[1Gpulling manifest \u001b[K\n"}
,{"stream_name":"stderr","time":96.684886132,"data":"pulling a3de86cd1c13: 100% ▕██████████████████▏ 5.2 GB                         \u001b[K\n"}
,{"stream_name":"stderr","time":96.784247205,"data":"verifying sha256 digest ⠸ \u001b[K\u001b[?25h\u001b[?2026l\u001b[?2026h\u001b[?25l\u001b[A\u001b[A\u001b[1Gpulling manifest \u001b[K\n"}
,{"stream_name":"stderr","time":96.784288781,"data":"pulling a3de86cd1c13: 100% ▕██████████████████▏ 5.2 GB                         \u001b[K\n"}
,{"stream_name":"stderr","time":96.884854156,"data":"verifying sha256 digest ⠼ \u001b[K\u001b[?25h\u001b[?2026l\u001b[?2026h\u001b[?25l\u001b[A\u001b[A\u001b[1Gpulling manifest \u001b[K\n"}
,{"stream_name":"stderr","time":96.884894141,"data":"pulling a3de86cd1c13: 100% ▕██████████████████▏ 5.2 GB                         \u001b[K\n"}
,{"stream_name":"stderr","time":96.984562488,"data":"verifying sha256 digest ⠴ \u001b[K\u001b[?25h\u001b[?2026l\u001b[?2026h\u001b[?25l\u001b[A\u001b[A\u001b[1Gpulling manifest \u001b[K\n"}
,{"stream_name":"stderr","time":96.984604813,"data":"pulling a3de86cd1c13: 100% ▕██████████████████▏ 5.2 GB                         \u001b[K\n"}
,{"stream_name":"stderr","time":97.084127515,"data":"verifying sha256 digest ⠦ \u001b[K\u001b[?25h\u001b[?2026l\u001b[?2026h\u001b[?25l\u001b[A\u001b[A\u001b[1Gpulling manifest \u001b[K\n"}
,{"stream_name":"stderr","time":97.084169127,"data":"pulling a3de86cd1c13: 100% ▕██████████████████▏ 5.2 GB                         \u001b[K\n"}
,{"stream_name":"stderr","time":97.184796545,"data":"verifying sha256 digest ⠧ \u001b[K\u001b[?25h\u001b[?2026l\u001b[?2026h\u001b[?25l\u001b[A\u001b[A\u001b[1Gpulling manifest \u001b[K\n"}
,{"stream_name":"stderr","time":97.184838314,"data":"pulling a3de86cd1c13: 100% ▕██████████████████▏ 5.2 GB                         \u001b[K\n"}
,{"stream_name":"stderr","time":97.284333899,"data":"verifying sha256 digest ⠇ \u001b[K\u001b[?25h\u001b[?2026l\u001b[?2026h\u001b[?25l\u001b[A\u001b[A\u001b[1Gpulling manifest \u001b[K\n"}
,{"stream_name":"stderr","time":97.284370562,"data":"pulling a3de86cd1c13: 100% ▕██████████████████▏ 5.2 GB                         \u001b[K\n"}
,{"stream_name":"stderr","time":97.385048099,"data":"verifying sha256 digest ⠏ \u001b[K\u001b[?25h\u001b[?2026l\u001b[?2026h\u001b[?25l\u001b[A\u001b[A\u001b[1Gpulling manifest \u001b[K\n"}
,{"stream_name":"stderr","time":97.38508787,"data":"pulling a3de86cd1c13: 100% ▕██████████████████▏ 5.2 GB                         \u001b[K\n"}
,{"stream_name":"stderr","time":97.484768249,"data":"verifying sha256 digest ⠋ \u001b[K\u001b[?25h\u001b[?2026l\u001b[?2026h\u001b[?25l\u001b[A\u001b[A\u001b[1Gpulling manifest \u001b[K\n"}
,{"stream_name":"stderr","time":97.484809052,"data":"pulling a3de86cd1c13: 100% ▕██████████████████▏ 5.2 GB                         \u001b[K\n"}
,{"stream_name":"stderr","time":97.584313198,"data":"verifying sha256 digest ⠙ \u001b[K\u001b[?25h\u001b[?2026l\u001b[?2026h\u001b[?25l\u001b[A\u001b[A\u001b[1Gpulling manifest \u001b[K\n"}
,{"stream_name":"stderr","time":97.584353949,"data":"pulling a3de86cd1c13: 100% ▕██████████████████▏ 5.2 GB                         \u001b[K\n"}
,{"stream_name":"stderr","time":97.685110025,"data":"verifying sha256 digest ⠹ \u001b[K\u001b[?25h\u001b[?2026l\u001b[?2026h\u001b[?25l\u001b[A\u001b[A\u001b[1Gpulling manifest \u001b[K\n"}
,{"stream_name":"stderr","time":97.685300134,"data":"pulling a3de86cd1c13: 100% ▕██████████████████▏ 5.2 GB                         \u001b[K\n"}
,{"stream_name":"stderr","time":97.784926249,"data":"verifying sha256 digest ⠸ \u001b[K\u001b[?25h\u001b[?2026l\u001b[?2026h\u001b[?25l\u001b[A\u001b[A\u001b[1Gpulling manifest \u001b[K\n"}
,{"stream_name":"stderr","time":97.784993233,"data":"pulling a3de86cd1c13: 100% ▕██████████████████▏ 5.2 GB                         \u001b[K\n"}
,{"stream_name":"stderr","time":97.884376934,"data":"verifying sha256 digest ⠼ \u001b[K\u001b[?25h\u001b[?2026l\u001b[?2026h\u001b[?25l\u001b[A\u001b[A\u001b[1Gpulling manifest \u001b[K\n"}
,{"stream_name":"stderr","time":97.884423068,"data":"pulling a3de86cd1c13: 100% ▕██████████████████▏ 5.2 GB                         \u001b[K\n"}
,{"stream_name":"stderr","time":97.985228916,"data":"verifying sha256 digest ⠴ \u001b[K\u001b[?25h\u001b[?2026l\u001b[?2026h\u001b[?25l\u001b[A\u001b[A\u001b[1Gpulling manifest \u001b[K\n"}
,{"stream_name":"stderr","time":97.985270635,"data":"pulling a3de86cd1c13: 100% ▕██████████████████▏ 5.2 GB                         \u001b[K\n"}
,{"stream_name":"stderr","time":98.084844459,"data":"verifying sha256 digest ⠦ \u001b[K\u001b[?25h\u001b[?2026l\u001b[?2026h\u001b[?25l\u001b[A\u001b[A\u001b[1Gpulling manifest \u001b[K\n"}
,{"stream_name":"stderr","time":98.084886062,"data":"pulling a3de86cd1c13: 100% ▕██████████████████▏ 5.2 GB                         \u001b[K\n"}
,{"stream_name":"stderr","time":98.184383919,"data":"verifying sha256 digest ⠧ \u001b[K\u001b[?25h\u001b[?2026l\u001b[?2026h\u001b[?25l\u001b[A\u001b[A\u001b[1Gpulling manifest \u001b[K\n"}
,{"stream_name":"stderr","time":98.184424306,"data":"pulling a3de86cd1c13: 100% ▕██████████████████▏ 5.2 GB                         \u001b[K\n"}
,{"stream_name":"stderr","time":98.285153293,"data":"verifying sha256 digest ⠇ \u001b[K\u001b[?25h\u001b[?2026l\u001b[?2026h\u001b[?25l\u001b[A\u001b[A\u001b[1Gpulling manifest \u001b[K\n"}
,{"stream_name":"stderr","time":98.28520983,"data":"pulling a3de86cd1c13: 100% ▕██████████████████▏ 5.2 GB                         \u001b[K\n"}
,{"stream_name":"stderr","time":98.385086591,"data":"verifying sha256 digest ⠏ \u001b[K\u001b[?25h\u001b[?2026l\u001b[?2026h\u001b[?25l\u001b[A\u001b[A\u001b[1Gpulling manifest \u001b[K\n"}
,{"stream_name":"stderr","time":98.385133163,"data":"pulling a3de86cd1c13: 100% ▕██████████████████▏ 5.2 GB                         \u001b[K\n"}
,{"stream_name":"stderr","time":98.484570499,"data":"verifying sha256 digest ⠋ \u001b[K\u001b[?25h\u001b[?2026l\u001b[?2026h\u001b[?25l\u001b[A\u001b[A\u001b[1Gpulling manifest \u001b[K\n"}
,{"stream_name":"stderr","time":98.484612565,"data":"pulling a3de86cd1c13: 100% ▕██████████████████▏ 5.2 GB                         \u001b[K\n"}
,{"stream_name":"stderr","time":98.58424402,"data":"verifying sha256 digest ⠙ \u001b[K\u001b[?25h\u001b[?2026l\u001b[?2026h\u001b[?25l\u001b[A\u001b[A\u001b[1Gpulling manifest \u001b[K\n"}
,{"stream_name":"stderr","time":98.584286493,"data":"pulling a3de86cd1c13: 100% ▕██████████████████▏ 5.2 GB                         \u001b[K\n"}
,{"stream_name":"stderr","time":98.684809698,"data":"verifying sha256 digest ⠹ \u001b[K\u001b[?25h\u001b[?2026l\u001b[?2026h\u001b[?25l\u001b[A\u001b[A\u001b[1Gpulling manifest \u001b[K\n"}
,{"stream_name":"stderr","time":98.68485112,"data":"pulling a3de86cd1c13: 100% ▕██████████████████▏ 5.2 GB                         \u001b[K\n"}
,{"stream_name":"stderr","time":98.784386588,"data":"verifying sha256 digest ⠸ \u001b[K\u001b[?25h\u001b[?2026l\u001b[?2026h\u001b[?25l\u001b[A\u001b[A\u001b[1Gpulling manifest \u001b[K\n"}
,{"stream_name":"stderr","time":98.784450698,"data":"pulling a3de86cd1c13: 100% ▕██████████████████▏ 5.2 GB                         \u001b[K\n"}
,{"stream_name":"stderr","time":98.884106243,"data":"verifying sha256 digest ⠼ \u001b[K\u001b[?25h\u001b[?2026l\u001b[?2026h\u001b[?25l\u001b[A\u001b[A\u001b[1Gpulling manifest \u001b[K\n"}
,{"stream_name":"stderr","time":98.884149192,"data":"pulling a3de86cd1c13: 100% ▕██████████████████▏ 5.2 GB                         \u001b[K\n"}
,{"stream_name":"stderr","time":98.984811391,"data":"verifying sha256 digest ⠴ \u001b[K\u001b[?25h\u001b[?2026l\u001b[?2026h\u001b[?25l\u001b[A\u001b[A\u001b[1Gpulling manifest \u001b[K\n"}
,{"stream_name":"stderr","time":98.984849691,"data":"pulling a3de86cd1c13: 100% ▕██████████████████▏ 5.2 GB                         \u001b[K\n"}
,{"stream_name":"stderr","time":99.08441087,"data":"verifying sha256 digest ⠦ \u001b[K\u001b[?25h\u001b[?2026l\u001b[?2026h\u001b[?25l\u001b[A\u001b[A\u001b[1Gpulling manifest \u001b[K\n"}
,{"stream_name":"stderr","time":99.084455741,"data":"pulling a3de86cd1c13: 100% ▕██████████████████▏ 5.2 GB                         \u001b[K\n"}
,{"stream_name":"stderr","time":99.184088408,"data":"verifying sha256 digest ⠧ \u001b[K\u001b[?25h\u001b[?2026l\u001b[?2026h\u001b[?25l\u001b[A\u001b[A\u001b[1Gpulling manifest \u001b[K\n"}
,{"stream_name":"stderr","time":99.18412752,"data":"pulling a3de86cd1c13: 100% ▕██████████████████▏ 5.2 GB                         \u001b[K\n"}
,{"stream_name":"stderr","time":99.284765508,"data":"verifying sha256 digest ⠇ \u001b[K\u001b[?25h\u001b[?2026l\u001b[?2026h\u001b[?25l\u001b[A\u001b[A\u001b[1Gpulling manifest \u001b[K\n"}
,{"stream_name":"stderr","time":99.284805216,"data":"pulling a3de86cd1c13: 100% ▕██████████████████▏ 5.2 GB                         \u001b[K\n"}
,{"stream_name":"stderr","time":99.384283786,"data":"verifying sha256 digest ⠏ \u001b[K\u001b[?25h\u001b[?2026l\u001b[?2026h\u001b[?25l\u001b[A\u001b[A\u001b[1Gpulling manifest \u001b[K\n"}
,{"stream_name":"stderr","time":99.384327062,"data":"pulling a3de86cd1c13: 100% ▕██████████████████▏ 5.2 GB                         \u001b[K\n"}
,{"stream_name":"stderr","time":99.485028665,"data":"verifying sha256 digest ⠋ \u001b[K\u001b[?25h\u001b[?2026l\u001b[?2026h\u001b[?25l\u001b[A\u001b[A\u001b[1Gpulling manifest \u001b[K\n"}
,{"stream_name":"stderr","time":99.485067468,"data":"pulling a3de86cd1c13: 100% ▕██████████████████▏ 5.2 GB                         \u001b[K\n"}
,{"stream_name":"stderr","time":99.584729303,"data":"verifying sha256 digest ⠙ \u001b[K\u001b[?25h\u001b[?2026l\u001b[?2026h\u001b[?25l\u001b[A\u001b[A\u001b[1Gpulling manifest \u001b[K\n"}
,{"stream_name":"stderr","time":99.584770327,"data":"pulling a3de86cd1c13: 100% ▕██████████████████▏ 5.2 GB                         \u001b[K\n"}
,{"stream_name":"stderr","time":99.684443774,"data":"verifying sha256 digest ⠹ \u001b[K\u001b[?25h\u001b[?2026l\u001b[?2026h\u001b[?25l\u001b[A\u001b[A\u001b[1Gpulling manifest \u001b[K\n"}
,{"stream_name":"stderr","time":99.684532424,"data":"pulling a3de86cd1c13: 100% ▕██████████████████▏ 5.2 GB                         \u001b[K\n"}
,{"stream_name":"stderr","time":99.784306262,"data":"verifying sha256 digest ⠸ \u001b[K\u001b[?25h\u001b[?2026l\u001b[?2026h\u001b[?25l\u001b[A\u001b[A\u001b[1Gpulling manifest \u001b[K\n"}
,{"stream_name":"stderr","time":99.78437013,"data":"pulling a3de86cd1c13: 100% ▕██████████████████▏ 5.2 GB                         \u001b[K\n"}
,{"stream_name":"stderr","time":99.885074098,"data":"verifying sha256 digest ⠼ \u001b[K\u001b[?25h\u001b[?2026l\u001b[?2026h\u001b[?25l\u001b[A\u001b[A\u001b[1Gpulling manifest \u001b[K\n"}
,{"stream_name":"stderr","time":99.885114927,"data":"pulling a3de86cd1c13: 100% ▕██████████████████▏ 5.2 GB                         \u001b[K\n"}
,{"stream_name":"stderr","time":99.984803378,"data":"verifying sha256 digest ⠴ \u001b[K\u001b[?25h\u001b[?2026l\u001b[?2026h\u001b[?25l\u001b[A\u001b[A\u001b[1Gpulling manifest \u001b[K\n"}
,{"stream_name":"stderr","time":99.984842266,"data":"pulling a3de86cd1c13: 100% ▕██████████████████▏ 5.2 GB                         \u001b[K\n"}
,{"stream_name":"stderr","time":100.084606226,"data":"verifying sha256 digest ⠦ \u001b[K\u001b[?25h\u001b[?2026l\u001b[?2026h\u001b[?25l\u001b[A\u001b[A\u001b[1Gpulling manifest \u001b[K\n"}
,{"stream_name":"stderr","time":100.084649075,"data":"pulling a3de86cd1c13: 100% ▕██████████████████▏ 5.2 GB                         \u001b[K\n"}
,{"stream_name":"stderr","time":100.184139764,"data":"verifying sha256 digest ⠧ \u001b[K\u001b[?25h\u001b[?2026l\u001b[?2026h\u001b[?25l\u001b[A\u001b[A\u001b[1Gpulling manifest \u001b[K\n"}
,{"stream_name":"stderr","time":100.184182607,"data":"pulling a3de86cd1c13: 100% ▕██████████████████▏ 5.2 GB                         \u001b[K\n"}
,{"stream_name":"stderr","time":100.284787634,"data":"verifying sha256 digest ⠇ \u001b[K\u001b[?25h\u001b[?2026l\u001b[?2026h\u001b[?25l\u001b[A\u001b[A\u001b[1Gpulling manifest \u001b[K\n"}
,{"stream_name":"stderr","time":100.284828615,"data":"pulling a3de86cd1c13: 100% ▕██████████████████▏ 5.2 GB                         \u001b[K\n"}
,{"stream_name":"stderr","time":100.384349327,"data":"verifying sha256 digest ⠏ \u001b[K\u001b[?25h\u001b[?2026l\u001b[?2026h\u001b[?25l\u001b[A\u001b[A\u001b[1Gpulling manifest \u001b[K\n"}
,{"stream_name":"stderr","time":100.384388482,"data":"pulling a3de86cd1c13: 100% ▕██████████████████▏ 5.2 GB                         \u001b[K\n"}
,{"stream_name":"stderr","time":100.485070795,"data":"verifying sha256 digest ⠋ \u001b[K\u001b[?25h\u001b[?2026l\u001b[?2026h\u001b[?25l\u001b[A\u001b[A\u001b[1Gpulling manifest \u001b[K\n"}
,{"stream_name":"stderr","time":100.485110954,"data":"pulling a3de86cd1c13: 100% ▕██████████████████▏ 5.2 GB                         \u001b[K\n"}
,{"stream_name":"stderr","time":100.585042635,"data":"verifying sha256 digest ⠙ \u001b[K\u001b[?25h\u001b[?2026l\u001b[?2026h\u001b[?25l\u001b[A\u001b[A\u001b[1Gpulling manifest \u001b[K\n"}
,{"stream_name":"stderr","time":100.58513818,"data":"pulling a3de86cd1c13: 100% ▕██████████████████▏ 5.2 GB                         \u001b[K\n"}
,{"stream_name":"stderr","time":100.615181696,"data":"verifying sha256 digest ⠹ \u001b[K\u001b[?25h\u001b[?2026l\u001b[?2026h\u001b[?25l\u001b[A\u001b[A\u001b[1Gpulling manifest \u001b[K\n"}
,{"stream_name":"stderr","time":100.61521317,"data":"pulling a3de86cd1c13: 100% ▕██████████████████▏ 5.2 GB                         \u001b[K\n"}
,{"stream_name":"stderr","time":100.615219215,"data":"verifying sha256 digest \u001b[K\n"}
,{"stream_name":"stderr","time":100.61522372,"data":"writing manifest \u001b[K\n"}
,{"stream_name":"stderr","time":100.615228604,"data":"success \u001b[K\u001b[?25h\u001b[?2026l\n"}
,{"stream_name":"stdout","time":100.617307855,"data":"$ cd /kaggle/working/repo/PPO_IBM/experiments/program_control \u0026\u0026 EVOLVE_RUNS_DIR=/kaggle/working/evolve EVOLVE_WORKERS=4 EVOLVE_DEADLINE_EPOCH=1790733686.7745671 PYTHONUNBUFFERED=1 python evolve.py auto --run qwen3_8b_v3r1 --model qwen3:8b --budget 16 2\u003e\u00261 | tee -a /kaggle/working/qwen3_8b_v3r1.log\n"}
,{"stream_name":"stdout","time":160.577767794,"data":"  cand_000.py: fitness 11305 | median 12783 mg, p25 9827 mg, crash 0%, errors 0 [59s]\n"}
,{"stream_name":"stdout","time":1724.225745419,"data":"  cand_001.py: fitness -10000 | median 0 mg, p25 0 mg, crash 100%, errors 12 [0s]\n"}
,{"stream_name":"stdout","time":2608.901862897,"data":"  cand_001.py: fitness -10000 | median 0 mg, p25 0 mg, crash 100%, errors 12 [0s]\n"}
,{"stream_name":"stdout","time":2608.902310513,"data":"    (writer qwen3:8b: 1563s, 927 out / 4451 in tokens)\n"}
,{"stream_name":"stdout","time":4307.520708463,"data":"  cand_002.py: fitness -10000 | median 0 mg, p25 0 mg, crash 100%, errors 12 [0s]\n"}
,{"stream_name":"stdout","time":5360.069256695,"data":"  cand_002.py: fitness -10000 | median 0 mg, p25 0 mg, crash 100%, errors 12 [0s]\n"}
,{"stream_name":"stdout","time":5360.069783443,"data":"    (writer qwen3:8b: 1698s, 797 out / 5788 in tokens)\n"}
,{"stream_name":"stdout","time":7286.579182097,"data":"  cand_003.py: fitness 10656 | median 11976 mg, p25 9337 mg, crash 0%, errors 0 [61s]\n"}
,{"stream_name":"stdout","time":7286.579752644,"data":"    (writer qwen3:8b: 1865s, 841 out / 5833 in tokens)\n"}
,{"stream_name":"stdout","time":10402.471341248,"data":"  cand_004.py: fitness 10690 | median 12393 mg, p25 8987 mg, crash 0%, errors 0 [61s]\n"}
,{"stream_name":"stdout","time":10402.472026251,"data":"    (writer qwen3:8b: 3055s, 942 out / 8719 in tokens)\n"}
,{"stream_name":"stdout","time":13850.241673957,"data":"  cand_005.py: fitness 526 | median 639 mg, p25 414 mg, crash 0%, errors 0 [82s]\n"}
,{"stream_name":"stdout","time":13850.24273387,"data":"    (writer qwen3:8b: 3366s, 1071 out / 8895 in tokens)\n"}
,{"stream_name":"stdout","time":17235.858798176,"data":"  cand_006.py: fitness 265 | median 300 mg, p25 231 mg, crash 0%, errors 0 [79s]\n"}
,{"stream_name":"stdout","time":17235.859228646,"data":"    (writer qwen3:8b: 3307s, 1076 out / 8969 in tokens)\n"}
,{"stream_name":"stdout","time":20571.583865819,"data":"  cand_007.py: fitness 111 | median 122 mg, p25 101 mg, crash 0%, errors 0 [78s]\n"}
,{"stream_name":"stdout","time":20571.585229,"data":"    (writer qwen3:8b: 3258s, 1048 out / 9043 in tokens)\n"}
,{"stream_name":"stdout","time":23673.426208084,"data":"  cand_008.py: fitness 10690 | median 12393 mg, p25 8987 mg, crash 0%, errors 0 [60s]\n"}
,{"stream_name":"stdout","time":23673.430340879,"data":"    (writer qwen3:8b: 3042s, 1005 out / 9117 in tokens)\n"}
,{"stream_name":"stdout","time":27057.529635834,"data":"  cand_009.py: fitness 10461 | median 12075 mg, p25 8847 mg, crash 0%, errors 0 [61s]\n"}
,{"stream_name":"stdout","time":27057.530118814,"data":"    (writer qwen3:8b: 3323s, 1098 out / 9196 in tokens)\n"}
,{"stream_name":"stdout","time":30324.30649159,"data":"  cand_010.py: REJECTED (SyntaxError: invalid syntax (\u003cunknown\u003e, line 67))\n"}
,{"stream_name":"stdout","time":32323.71013679,"data":"  cand_010.py: fitness -10000 | median 0 mg, p25 0 mg, crash 100%, errors 12 [0s]\n"}
,{"stream_name":"stdout","time":32323.71061613,"data":"    (writer qwen3:8b: 3267s, 1075 out / 9275 in tokens)\n"}
,{"stream_name":"stdout","time":34064.737016096,"data":"  cand_011.py: fitness -9773 | median 394 mg, p25 60 mg, crash 100%, errors 12 [21s]\n"}
,{"stream_name":"stdout","time":34064.73741811,"data":"    (writer qwen3:8b: 1720s, 1062 out / 9275 in tokens)\n"}
,{"stream_name":"stdout","time":37395.540671421,"data":"  cand_012.py: fitness 10197 | median 11948 mg, p25 8446 mg, crash 0%, errors 0 [62s]\n"}
,{"stream_name":"stdout","time":37395.545916158,"data":"    (writer qwen3:8b: 3268s, 1038 out / 9306 in tokens)\n"}
,{"stream_name":"stdout","time":40799.883098279,"data":"  cand_013.py: fitness 10690 | median 12393 mg, p25 8987 mg, crash 0%, errors 0 [58s]\n"}
,{"stream_name":"stdout","time":40799.883577776,"data":"    (writer qwen3:8b: 3346s, 1078 out / 9340 in tokens)\n"}
,{"stream_name":"stdout","time":40799.884544717,"data":"  deadline reached after 13 candidates; resume in a new session\n"}
,{"stream_name":"stdout","time":40800.000007841,"data":"$ ollama rm qwen3:8b\n"}
,{"stream_name":"stdout","time":40801.549459283,"data":"deleted 'qwen3:8b'\n"}
,{"stream_name":"stdout","time":40801.7103177,"data":"[\n"}
,{"stream_name":"stdout","time":40801.710359441,"data":" {\n"}
,{"stream_name":"stdout","time":40801.710366751,"data":"  \"run\": \"qwen3_8b_v3r1\",\n"}
,{"stream_name":"stdout","time":40801.710373487,"data":"  \"model\": \"qwen3:8b\",\n"}
,{"stream_name":"stdout","time":40801.710379533,"data":"  \"candidates\": 13,\n"}
,{"stream_name":"stdout","time":40801.710385848,"data":"  \"complete\": false,\n"}
,{"stream_name":"stdout","time":40801.710391976,"data":"  \"best\": \"cand_000.py\",\n"}
,{"stream_name":"stdout","time":40801.710398639,"data":"  \"search_fitness\": 11305.039056799998,\n"}
,{"stream_name":"stdout","time":40801.710405223,"data":"  \"hours\": 11.32,\n"}
,{"stream_name":"stdout","time":40801.71041177,"data":"  \"vram_mib\": 0\n"}
,{"stream_name":"stdout","time":40801.710417855,"data":" }\n"}
,{"stream_name":"stdout","time":40801.710423485,"data":"]\n"}
,{"stream_name":"stdout","time":40801.710429689,"data":"done in 11.33 h\n"}
,{"stream_name":"stderr","time":40805.935373319,"data":"\u001b[?2026h\u001b[?25l\u001b[1G⠙ \u001b[K\u001b[?25h\u001b[?2026l\u001b[?2026h\u001b[?25l\u001b[1G\u001b[K\u001b[?25h\u001b[?2026l\u001b[?25l\u001b[2K\u001b[1G\u001b[?25h/usr/local/lib/python3.12/dist-packages/mistune.py:435: SyntaxWarning: invalid escape sequence '\\|'\n"}
,{"stream_name":"stderr","time":40805.935490845,"data":"  cells[i][c] = re.sub('\\\\\\\\\\|', '|', cell)\n"}
,{"stream_name":"stderr","time":40806.493071193,"data":"/usr/local/lib/python3.12/dist-packages/nbconvert/filters/filter_links.py:36: SyntaxWarning: invalid escape sequence '\\_'\n"}
,{"stream_name":"stderr","time":40806.493115047,"data":"  text = re.sub(r'_', '\\_', text) # Escape underscores in display text\n"}
,{"stream_name":"stderr","time":40808.45370308,"data":"[NbConvertApp] Converting notebook __script__.ipynb to html\n"}
,{"stream_name":"stderr","time":40810.387050599,"data":"[NbConvertApp] Writing 274410 bytes to __results__.html\n"}
]