[{"stream_name":"stderr","time":1.4103018920000001,"data":"Cloning into '/kaggle/working/repo'...\n"}
,{"stream_name":"stdout","time":3.317470249,"data":"VRAM 0 MiB, 4 CPUs, tracks ['qwen2_5_coder_7b']\n"}
,{"stream_name":"stdout","time":3.317528013,"data":"$ git -C /kaggle/working/repo log -1 --format='repo at %h %s'\n"}
,{"stream_name":"stdout","time":3.322429364,"data":"repo at af4cbd4 v3 head-to-head: white-box writer wb2 (held-out 19.5 g median / 15.5 g p25)\n"}
,{"stream_name":"stdout","time":3.323152016,"data":"$ pip -q install gymnasium\n"}
,{"stream_name":"stdout","time":10.025150454,"data":"$ apt-get -qq update \u003e/dev/null 2\u003e\u00261; apt-get -qq install -y zstd \u003e/dev/null 2\u003e\u00261\n"}
,{"stream_name":"stdout","time":27.769626624,"data":"$ curl -fsSL https://ollama.com/install.sh | sh\n"}
,{"stream_name":"stderr","time":28.290938975,"data":"\u003e\u003e\u003e Installing ollama to /usr/local\n"}
,{"stream_name":"stderr","time":28.802769105,"data":"\u003e\u003e\u003e Downloading ollama-linux-amd64.tar.zst\n"}
,{"stream_name":"stderr","time":38.991579551,"data":"#=#=#                                                                         \r##O#-#                                                                        \r\r                                                                           0.0%\r                                                                           0.0%\r                                                                           0.1%\r                                                                           0.2%\r                                                                           0.4%\r                                                                           0.6%\r                                                                           0.8%\r                                                                           1.2%\r#                                                                          1.8%\r#                                                                          2.6%\r##                                                                         3.9%\r###                                                                        5.5%\r#####                                                                      7.1%\r######                                                                     9.0%\r#######                                                                   10.1%\r########                                                                  12.0%\r#########                                                                 13.7%\r###########                                                               15.4%\r############                                                              17.2%\r#############                                                             18.7%\r##############                                                            20.4%\r###############                                                           21.6%\r################                                                          22.7%\r#################                                                         24.5%\r##################                                                        25.5%\r###################                                                       26.5%\r###################                                                       27.4%\r####################                                                      28.3%\r#####################                                                     29.4%\r#####################                                                     30.2%\r#####################                                                     30.5%\r######################                                                    30.7%\r######################                                                    31.4%\r######################                                                    31.9%\r#######################                                                   32.3%\r#######################                                                   32.8%\r########################                                                  33.9%\r#########################                                                 35.0%\r#########################                                                 35.9%\r##########################                                                36.9%\r###########################                                               37.9%\r############################                                              39.1%\r############################                                              39.6%\r############################                                              40.2%\r#############################                                             40.8%\r#############################                                             41.3%\r##############################                                            41.9%\r##############################                                            42.5%\r##############################                                            43.0%\r###############################                                           44.3%\r#################################                                         46.0%\r##################################                                        47.5%\r###################################                                       49.2%\r####################################                                      50.9%\r#####################################                                     51.5%\r#####################################                                     52.0%\r######################################                                    53.7%\r#######################################                                   55.1%\r########################################                                  56.8%\r##########################################                                58.4%\r##########################################                                58.6%\r##########################################                                58.9%\r##########################################                                59.7%\r###########################################                               60.1%\r###########################################                               60.6%\r############################################                              61.2%\r#############################################                             63.2%\r##############################################                            65.2%\r################################################                          67.1%\r#################################################                         69.1%\r###################################################                       70.9%\r####################################################                      72.7%\r#####################################################                     73.8%\r######################################################                    75.1%\r######################################################                    75.9%\r#######################################################                   76.5%\r#######################################################                   77.5%\r#########################################################                 79.3%\r##########################################################                81.0%\r###########################################################               82.7%\r############################################################              83.9%\r#############################################################             85.9%\r##############################################################            86.7%\r###############################################################           88.2%\r################################################################          89.8%\r#################################################################         91.5%\r###################################################################       93.3%\r####################################################################      94.7%\r####################################################################      95.7%\r#####################################################################     97.1%\r#######################################################################   98.7%\r#######################################################################   99.4%\r#######################################################################   99.8%\r######################################################################## 100.0%\n"}
,{"stream_name":"stderr","time":38.999614108,"data":"\u003e\u003e\u003e Creating ollama user...\n"}
,{"stream_name":"stderr","time":39.512226761,"data":"\u003e\u003e\u003e Adding ollama user to video group...\n"}
,{"stream_name":"stderr","time":39.550942519,"data":"\u003e\u003e\u003e Adding current user to ollama group...\n"}
,{"stream_name":"stderr","time":39.590798145,"data":"\u003e\u003e\u003e Creating ollama systemd service...\n"}
,{"stream_name":"stdout","time":39.631732144,"data":"WARNING: systemd is not running\n"}
,{"stream_name":"stderr","time":39.632056517,"data":"\u003e\u003e\u003e The Ollama API is now available at 127.0.0.1:11434.\n"}
,{"stream_name":"stderr","time":39.632092863,"data":"\u003e\u003e\u003e Install complete. Run \"ollama\" from the command line.\n"}
,{"stream_name":"stdout","time":39.63206041,"data":"WARNING: Unable to detect NVIDIA/AMD GPU. Install lspci or lshw to automatically detect and install GPU dependencies.\n"}
,{"stream_name":"stdout","time":41.641334337,"data":"$ ollama pull qwen2.5-coder:7b\n"}
,{"stream_name":"stderr","time":42.36140145,"data":"\u001b[?2026h\u001b[?25l\u001b[1Gpulling manifest ⠋ \u001b[K\u001b[?25h\u001b[?2026l\u001b[?2026h\u001b[?25l\u001b[1Gpulling manifest ⠙ \u001b[K\u001b[?25h\u001b[?2026l\u001b[?2026h\u001b[?25l\u001b[1Gpulling manifest ⠹ \u001b[K\u001b[?25h\u001b[?2026l\u001b[?2026h\u001b[?25l\u001b[1Gpulling manifest ⠸ \u001b[K\u001b[?25h\u001b[?2026l\u001b[?2026h\u001b[?25l\u001b[1Gpulling manifest ⠼ \u001b[K\u001b[?25h\u001b[?2026l\u001b[?2026h\u001b[?25l\u001b[1Gpulling manifest ⠴ \u001b[K\u001b[?25h\u001b[?2026l\u001b[?2026h\u001b[?25l\u001b[1Gpulling manifest \u001b[K\n"}
,{"stream_name":"stderr","time":42.460929588,"data":"pulling 60e05f210007:   0% ▕                  ▏ 5.5 MB/4.7 GB                  \u001b[K\u001b[?25h\u001b[?2026l\u001b[?2026h\u001b[?25l\u001b[A\u001b[1Gpulling manifest \u001b[K\n"}
,{"stream_name":"stderr","time":42.560816055,"data":"pulling 60e05f210007:   1% ▕                  ▏  34 MB/4.7 GB                  \u001b[K\u001b[?25h\u001b[?2026l\u001b[?2026h\u001b[?25l\u001b[A\u001b[1Gpulling manifest \u001b[K\n"}
,{"stream_name":"stderr","time":42.65987194,"data":"pulling 60e05f210007:   2% ▕                  ▏ 113 MB/4.7 GB                  \u001b[K\u001b[?25h\u001b[?2026l\u001b[?2026h\u001b[?25l\u001b[A\u001b[1Gpulling manifest \u001b[K\n"}
,{"stream_name":"stderr","time":42.76079239,"data":"pulling 60e05f210007:   4% ▕                  ▏ 189 MB/4.7 GB                  \u001b[K\u001b[?25h\u001b[?2026l\u001b[?2026h\u001b[?25l\u001b[A\u001b[1Gpulling manifest \u001b[K\n"}
,{"stream_name":"stderr","time":42.86242129,"data":"pulling 60e05f210007:   5% ▕                  ▏ 230 MB/4.7 GB                  \u001b[K\u001b[?25h\u001b[?2026l\u001b[?2026h\u001b[?25l\u001b[A\u001b[1Gpulling manifest \u001b[K\n"}
,{"stream_name":"stderr","time":42.960727505,"data":"pulling 60e05f210007:   7% ▕█                 ▏ 306 MB/4.7 GB                  \u001b[K\u001b[?25h\u001b[?2026l\u001b[?2026h\u001b[?25l\u001b[A\u001b[1Gpulling manifest \u001b[K\n"}
,{"stream_name":"stderr","time":43.063290903,"data":"pulling 60e05f210007:   8% ▕█                 ▏ 388 MB/4.7 GB                  \u001b[K\u001b[?25h\u001b[?2026l\u001b[?2026h\u001b[?25l\u001b[A\u001b[1Gpulling manifest \u001b[K\n"}
,{"stream_name":"stderr","time":43.16039342,"data":"pulling 60e05f210007:   9% ▕█                 ▏ 421 MB/4.7 GB                  \u001b[K\u001b[?25h\u001b[?2026l\u001b[?2026h\u001b[?25l\u001b[A\u001b[1Gpulling manifest \u001b[K\n"}
,{"stream_name":"stderr","time":43.260157827,"data":"pulling 60e05f210007:  11% ▕█                 ▏ 496 MB/4.7 GB                  \u001b[K\u001b[?25h\u001b[?2026l\u001b[?2026h\u001b[?25l\u001b[A\u001b[1Gpulling manifest \u001b[K\n"}
,{"stream_name":"stderr","time":43.360352929,"data":"pulling 60e05f210007:  12% ▕██                ▏ 577 MB/4.7 GB                  \u001b[K\u001b[?25h\u001b[?2026l\u001b[?2026h\u001b[?25l\u001b[A\u001b[1Gpulling manifest \u001b[K\n"}
,{"stream_name":"stderr","time":43.463204622,"data":"pulling 60e05f210007:  13% ▕██                ▏ 616 MB/4.7 GB  616 MB/s      6s\u001b[K\u001b[?25h\u001b[?2026l\u001b[?2026h\u001b[?25l\u001b[A\u001b[1Gpulling manifest \u001b[K\n"}
,{"stream_name":"stderr","time":43.560219992,"data":"pulling 60e05f210007:  15% ▕██                ▏ 699 MB/4.7 GB  616 MB/s      6s\u001b[K\u001b[?25h\u001b[?2026l\u001b[?2026h\u001b[?25l\u001b[A\u001b[1Gpulling manifest \u001b[K\n"}
,{"stream_name":"stderr","time":43.660371701,"data":"pulling 60e05f210007:  17% ▕██                ▏ 775 MB/4.7 GB  616 MB/s      6s\u001b[K\u001b[?25h\u001b[?2026l\u001b[?2026h\u001b[?25l\u001b[A\u001b[1Gpulling manifest \u001b[K\n"}
,{"stream_name":"stderr","time":43.761027874,"data":"pulling 60e05f210007:  17% ▕███               ▏ 812 MB/4.7 GB  616 MB/s      6s\u001b[K\u001b[?25h\u001b[?2026l\u001b[?2026h\u001b[?25l\u001b[A\u001b[1Gpulling manifest \u001b[K\n"}
,{"stream_name":"stderr","time":43.861325184,"data":"pulling 60e05f210007:  19% ▕███               ▏ 892 MB/4.7 GB  616 MB/s      6s\u001b[K\u001b[?25h\u001b[?2026l\u001b[?2026h\u001b[?25l\u001b[A\u001b[1Gpulling manifest \u001b[K\n"}
,{"stream_name":"stderr","time":43.96144116,"data":"pulling 60e05f210007:  21% ▕███               ▏ 968 MB/4.7 GB  616 MB/s      6s\u001b[K\u001b[?25h\u001b[?2026l\u001b[?2026h\u001b[?25l\u001b[A\u001b[1Gpulling manifest \u001b[K\n"}
,{"stream_name":"stderr","time":44.061131663,"data":"pulling 60e05f210007:  21% ▕███               ▏ 1.0 GB/4.7 GB  616 MB/s      5s\u001b[K\u001b[?25h\u001b[?2026l\u001b[?2026h\u001b[?25l\u001b[A\u001b[1Gpulling manifest \u001b[K\n"}
,{"stream_name":"stderr","time":44.15988718,"data":"pulling 60e05f210007:  23% ▕████              ▏ 1.1 GB/4.7 GB  616 MB/s      5s\u001b[K\u001b[?25h\u001b[?2026l\u001b[?2026h\u001b[?25l\u001b[A\u001b[1Gpulling manifest \u001b[K\n"}
,{"stream_name":"stderr","time":44.261380894,"data":"pulling 60e05f210007:  25% ▕████              ▏ 1.2 GB/4.7 GB  616 MB/s      5s\u001b[K\u001b[?25h\u001b[?2026l\u001b[?2026h\u001b[?25l\u001b[A\u001b[1Gpulling manifest \u001b[K\n"}
,{"stream_name":"stderr","time":44.360252853,"data":"pulling 60e05f210007:  26% ▕████              ▏ 1.2 GB/4.7 GB  616 MB/s      5s\u001b[K\u001b[?25h\u001b[?2026l\u001b[?2026h\u001b[?25l\u001b[A\u001b[1Gpulling manifest \u001b[K\n"}
,{"stream_name":"stderr","time":44.460240954,"data":"pulling 60e05f210007:  27% ▕████              ▏ 1.3 GB/4.7 GB  636 MB/s      5s\u001b[K\u001b[?25h\u001b[?2026l\u001b[?2026h\u001b[?25l\u001b[A\u001b[1Gpulling manifest \u001b[K\n"}
,{"stream_name":"stderr","time":44.560283241,"data":"pulling 60e05f210007:  29% ▕█████             ▏ 1.4 GB/4.7 GB  636 MB/s      5s\u001b[K\u001b[?25h\u001b[?2026l\u001b[?2026h\u001b[?25l\u001b[A\u001b[1Gpulling manifest \u001b[K\n"}
,{"stream_name":"stderr","time":44.659918011,"data":"pulling 60e05f210007:  30% ▕█████             ▏ 1.4 GB/4.7 GB  636 MB/s      5s\u001b[K\u001b[?25h\u001b[?2026l\u001b[?2026h\u001b[?25l\u001b[A\u001b[1Gpulling manifest \u001b[K\n"}
,{"stream_name":"stderr","time":44.75986773,"data":"pulling 60e05f210007:  31% ▕█████             ▏ 1.5 GB/4.7 GB  636 MB/s      5s\u001b[K\u001b[?25h\u001b[?2026l\u001b[?2026h\u001b[?25l\u001b[A\u001b[1Gpulling manifest \u001b[K\n"}
,{"stream_name":"stderr","time":44.86120434,"data":"pulling 60e05f210007:  33% ▕█████             ▏ 1.5 GB/4.7 GB  636 MB/s      4s\u001b[K\u001b[?25h\u001b[?2026l\u001b[?2026h\u001b[?25l\u001b[A\u001b[1Gpulling manifest \u001b[K\n"}
,{"stream_name":"stderr","time":44.962702908,"data":"pulling 60e05f210007:  34% ▕██████            ▏ 1.6 GB/4.7 GB  636 MB/s      4s\u001b[K\u001b[?25h\u001b[?2026l\u001b[?2026h\u001b[?25l\u001b[A\u001b[1Gpulling manifest \u001b[K\n"}
,{"stream_name":"stderr","time":45.062408231,"data":"pulling 60e05f210007:  35% ▕██████            ▏ 1.7 GB/4.7 GB  636 MB/s      4s\u001b[K\u001b[?25h\u001b[?2026l\u001b[?2026h\u001b[?25l\u001b[A\u001b[1Gpulling manifest \u001b[K\n"}
,{"stream_name":"stderr","time":45.160299855,"data":"pulling 60e05f210007:  37% ▕██████            ▏ 1.7 GB/4.7 GB  636 MB/s      4s\u001b[K\u001b[?25h\u001b[?2026l\u001b[?2026h\u001b[?25l\u001b[A\u001b[1Gpulling manifest \u001b[K\n"}
,{"stream_name":"stderr","time":45.260327998,"data":"pulling 60e05f210007:  37% ▕██████            ▏ 1.7 GB/4.7 GB  636 MB/s      4s\u001b[K\u001b[?25h\u001b[?2026l\u001b[?2026h\u001b[?25l\u001b[A\u001b[1Gpulling manifest \u001b[K\n"}
,{"stream_name":"stderr","time":45.359728213,"data":"pulling 60e05f210007:  38% ▕██████            ▏ 1.8 GB/4.7 GB  636 MB/s      4s\u001b[K\u001b[?25h\u001b[?2026l\u001b[?2026h\u001b[?25l\u001b[A\u001b[1Gpulling manifest \u001b[K\n"}
,{"stream_name":"stderr","time":45.461754813,"data":"pulling 60e05f210007:  40% ▕███████           ▏ 1.9 GB/4.7 GB  619 MB/s      4s\u001b[K\u001b[?25h\u001b[?2026l\u001b[?2026h\u001b[?25l\u001b[A\u001b[1Gpulling manifest \u001b[K\n"}
,{"stream_name":"stderr","time":45.564428561,"data":"pulling 60e05f210007:  40% ▕███████           ▏ 1.9 GB/4.7 GB  619 MB/s      4s\u001b[K\u001b[?25h\u001b[?2026l\u001b[?2026h\u001b[?25l\u001b[A\u001b[1Gpulling manifest \u001b[K\n"}
,{"stream_name":"stderr","time":45.660030539,"data":"pulling 60e05f210007:  42% ▕███████           ▏ 2.0 GB/4.7 GB  619 MB/s      4s\u001b[K\u001b[?25h\u001b[?2026l\u001b[?2026h\u001b[?25l\u001b[A\u001b[1Gpulling manifest \u001b[K\n"}
,{"stream_name":"stderr","time":45.761631254,"data":"pulling 60e05f210007:  43% ▕███████           ▏ 2.0 GB/4.7 GB  619 MB/s      4s\u001b[K\u001b[?25h\u001b[?2026l\u001b[?2026h\u001b[?25l\u001b[A\u001b[1Gpulling manifest \u001b[K\n"}
,{"stream_name":"stderr","time":45.86051746,"data":"pulling 60e05f210007:  44% ▕███████           ▏ 2.0 GB/4.7 GB  619 MB/s      4s\u001b[K\u001b[?25h\u001b[?2026l\u001b[?2026h\u001b[?25l\u001b[A\u001b[1Gpulling manifest \u001b[K\n"}
,{"stream_name":"stderr","time":45.960841648,"data":"pulling 60e05f210007:  45% ▕████████          ▏ 2.1 GB/4.7 GB  619 MB/s      4s\u001b[K\u001b[?25h\u001b[?2026l\u001b[?2026h\u001b[?25l\u001b[A\u001b[1Gpulling manifest \u001b[K\n"}
,{"stream_name":"stderr","time":46.060121846,"data":"pulling 60e05f210007:  47% ▕████████          ▏ 2.2 GB/4.7 GB  619 MB/s      4s\u001b[K\u001b[?25h\u001b[?2026l\u001b[?2026h\u001b[?25l\u001b[A\u001b[1Gpulling manifest \u001b[K\n"}
,{"stream_name":"stderr","time":46.162457284,"data":"pulling 60e05f210007:  47% ▕████████          ▏ 2.2 GB/4.7 GB  619 MB/s      3s\u001b[K\u001b[?25h\u001b[?2026l\u001b[?2026h\u001b[?25l\u001b[A\u001b[1Gpulling manifest \u001b[K\n"}
,{"stream_name":"stderr","time":46.261198136,"data":"pulling 60e05f210007:  49% ▕████████          ▏ 2.3 GB/4.7 GB  619 MB/s      3s\u001b[K\u001b[?25h\u001b[?2026l\u001b[?2026h\u001b[?25l\u001b[A\u001b[1Gpulling manifest \u001b[K\n"}
,{"stream_name":"stderr","time":46.361038148,"data":"pulling 60e05f210007:  50% ▕████████          ▏ 2.3 GB/4.7 GB  619 MB/s      3s\u001b[K\u001b[?25h\u001b[?2026l\u001b[?2026h\u001b[?25l\u001b[A\u001b[1Gpulling manifest \u001b[K\n"}
,{"stream_name":"stderr","time":46.460662568,"data":"pulling 60e05f210007:  51% ▕█████████         ▏ 2.4 GB/4.7 GB  619 MB/s      3s\u001b[K\u001b[?25h\u001b[?2026l\u001b[?2026h\u001b[?25l\u001b[A\u001b[1Gpulling manifest \u001b[K\n"}
,{"stream_name":"stderr","time":46.560064733,"data":"pulling 60e05f210007:  52% ▕█████████         ▏ 2.4 GB/4.7 GB  600 MB/s      3s\u001b[K\u001b[?25h\u001b[?2026l\u001b[?2026h\u001b[?25l\u001b[A\u001b[1Gpulling manifest \u001b[K\n"}
,{"stream_name":"stderr","time":46.660739808,"data":"pulling 60e05f210007:  53% ▕█████████         ▏ 2.5 GB/4.7 GB  600 MB/s      3s\u001b[K\u001b[?25h\u001b[?2026l\u001b[?2026h\u001b[?25l\u001b[A\u001b[1Gpulling manifest \u001b[K\n"}
,{"stream_name":"stderr","time":46.761725417,"data":"pulling 60e05f210007:  54% ▕█████████         ▏ 2.5 GB/4.7 GB  600 MB/s      3s\u001b[K\u001b[?25h\u001b[?2026l\u001b[?2026h\u001b[?25l\u001b[A\u001b[1Gpulling manifest \u001b[K\n"}
,{"stream_name":"stderr","time":46.861715478,"data":"pulling 60e05f210007:  55% ▕█████████         ▏ 2.6 GB/4.7 GB  600 MB/s      3s\u001b[K\u001b[?25h\u001b[?2026l\u001b[?2026h\u001b[?25l\u001b[A\u001b[1Gpulling manifest \u001b[K\n"}
,{"stream_name":"stderr","time":46.960437459,"data":"pulling 60e05f210007:  56% ▕██████████        ▏ 2.6 GB/4.7 GB  600 MB/s      3s\u001b[K\u001b[?25h\u001b[?2026l\u001b[?2026h\u001b[?25l\u001b[A\u001b[1Gpulling manifest \u001b[K\n"}
,{"stream_name":"stderr","time":47.061339798,"data":"pulling 60e05f210007:  57% ▕██████████        ▏ 2.7 GB/4.7 GB  600 MB/s      3s\u001b[K\u001b[?25h\u001b[?2026l\u001b[?2026h\u001b[?25l\u001b[A\u001b[1Gpulling manifest \u001b[K\n"}
,{"stream_name":"stderr","time":47.159995076,"data":"pulling 60e05f210007:  58% ▕██████████        ▏ 2.7 GB/4.7 GB  600 MB/s      3s\u001b[K\u001b[?25h\u001b[?2026l\u001b[?2026h\u001b[?25l\u001b[A\u001b[1Gpulling manifest \u001b[K\n"}
,{"stream_name":"stderr","time":47.260794882,"data":"pulling 60e05f210007:  59% ▕██████████        ▏ 2.8 GB/4.7 GB  600 MB/s      3s\u001b[K\u001b[?25h\u001b[?2026l\u001b[?2026h\u001b[?25l\u001b[A\u001b[1Gpulling manifest \u001b[K\n"}
,{"stream_name":"stderr","time":47.362327889,"data":"pulling 60e05f210007:  59% ▕██████████        ▏ 2.8 GB/4.7 GB  600 MB/s      3s\u001b[K\u001b[?25h\u001b[?2026l\u001b[?2026h\u001b[?25l\u001b[A\u001b[1Gpulling manifest \u001b[K\n"}
,{"stream_name":"stderr","time":47.460845712,"data":"pulling 60e05f210007:  61% ▕██████████        ▏ 2.8 GB/4.7 GB  600 MB/s      3s\u001b[K\u001b[?25h\u001b[?2026l\u001b[?2026h\u001b[?25l\u001b[A\u001b[1Gpulling manifest \u001b[K\n"}
,{"stream_name":"stderr","time":47.56233367,"data":"pulling 60e05f210007:  62% ▕███████████       ▏ 2.9 GB/4.7 GB  576 MB/s      3s\u001b[K\u001b[?25h\u001b[?2026l\u001b[?2026h\u001b[?25l\u001b[A\u001b[1Gpulling manifest \u001b[K\n"}
,{"stream_name":"stderr","time":47.66105233,"data":"pulling 60e05f210007:  63% ▕███████████       ▏ 3.0 GB/4.7 GB  576 MB/s      2s\u001b[K\u001b[?25h\u001b[?2026l\u001b[?2026h\u001b[?25l\u001b[A\u001b[1Gpulling manifest \u001b[K\n"}
,{"stream_name":"stderr","time":47.762702997,"data":"pulling 60e05f210007:  65% ▕███████████       ▏ 3.0 GB/4.7 GB  576 MB/s      2s\u001b[K\u001b[?25h\u001b[?2026l\u001b[?2026h\u001b[?25l\u001b[A\u001b[1Gpulling manifest \u001b[K\n"}
,{"stream_name":"stderr","time":47.862250683,"data":"pulling 60e05f210007:  66% ▕███████████       ▏ 3.1 GB/4.7 GB  576 MB/s      2s\u001b[K\u001b[?25h\u001b[?2026l\u001b[?2026h\u001b[?25l\u001b[A\u001b[1Gpulling manifest \u001b[K\n"}
,{"stream_name":"stderr","time":47.961732199,"data":"pulling 60e05f210007:  67% ▕████████████      ▏ 3.1 GB/4.7 GB  576 MB/s      2s\u001b[K\u001b[?25h\u001b[?2026l\u001b[?2026h\u001b[?25l\u001b[A\u001b[1Gpulling manifest \u001b[K\n"}
,{"stream_name":"stderr","time":48.060210473,"data":"pulling 60e05f210007:  69% ▕████████████      ▏ 3.2 GB/4.7 GB  576 MB/s      2s\u001b[K\u001b[?25h\u001b[?2026l\u001b[?2026h\u001b[?25l\u001b[A\u001b[1Gpulling manifest \u001b[K\n"}
,{"stream_name":"stderr","time":48.160816968,"data":"pulling 60e05f210007:  70% ▕████████████      ▏ 3.3 GB/4.7 GB  576 MB/s      2s\u001b[K\u001b[?25h\u001b[?2026l\u001b[?2026h\u001b[?25l\u001b[A\u001b[1Gpulling manifest \u001b[K\n"}
,{"stream_name":"stderr","time":48.260391576,"data":"pulling 60e05f210007:  71% ▕████████████      ▏ 3.3 GB/4.7 GB  576 MB/s      2s\u001b[K\u001b[?25h\u001b[?2026l\u001b[?2026h\u001b[?25l\u001b[A\u001b[1Gpulling manifest \u001b[K\n"}
,{"stream_name":"stderr","time":48.35978538,"data":"pulling 60e05f210007:  72% ▕████████████      ▏ 3.4 GB/4.7 GB  576 MB/s      2s\u001b[K\u001b[?25h\u001b[?2026l\u001b[?2026h\u001b[?25l\u001b[A\u001b[1Gpulling manifest \u001b[K\n"}
,{"stream_name":"stderr","time":48.460589711,"data":"pulling 60e05f210007:  73% ▕█████████████     ▏ 3.4 GB/4.7 GB  576 MB/s      2s\u001b[K\u001b[?25h\u001b[?2026l\u001b[?2026h\u001b[?25l\u001b[A\u001b[1Gpulling manifest \u001b[K\n"}
,{"stream_name":"stderr","time":48.560079027,"data":"pulling 60e05f210007:  73% ▕█████████████     ▏ 3.4 GB/4.7 GB  570 MB/s      2s\u001b[K\u001b[?25h\u001b[?2026l\u001b[?2026h\u001b[?25l\u001b[A\u001b[1Gpulling manifest \u001b[K\n"}
,{"stream_name":"stderr","time":48.660701708,"data":"pulling 60e05f210007:  74% ▕█████████████     ▏ 3.5 GB/4.7 GB  570 MB/s      2s\u001b[K\u001b[?25h\u001b[?2026l\u001b[?2026h\u001b[?25l\u001b[A\u001b[1Gpulling manifest \u001b[K\n"}
,{"stream_name":"stderr","time":48.760041864,"data":"pulling 60e05f210007:  74% ▕█████████████     ▏ 3.5 GB/4.7 GB  570 MB/s      2s\u001b[K\u001b[?25h\u001b[?2026l\u001b[?2026h\u001b[?25l\u001b[A\u001b[1Gpulling manifest \u001b[K\n"}
,{"stream_name":"stderr","time":48.860609511,"data":"pulling 60e05f210007:  74% ▕█████████████     ▏ 3.5 GB/4.7 GB  570 MB/s      2s\u001b[K\u001b[?25h\u001b[?2026l\u001b[?2026h\u001b[?25l\u001b[A\u001b[1Gpulling manifest \u001b[K\n"}
,{"stream_name":"stderr","time":48.960539614,"data":"pulling 60e05f210007:  75% ▕█████████████     ▏ 3.5 GB/4.7 GB  570 MB/s      2s\u001b[K\u001b[?25h\u001b[?2026l\u001b[?2026h\u001b[?25l\u001b[A\u001b[1Gpulling manifest \u001b[K\n"}
,{"stream_name":"stderr","time":49.059866603,"data":"pulling 60e05f210007:  75% ▕█████████████     ▏ 3.5 GB/4.7 GB  570 MB/s      2s\u001b[K\u001b[?25h\u001b[?2026l\u001b[?2026h\u001b[?25l\u001b[A\u001b[1Gpulling manifest \u001b[K\n"}
,{"stream_name":"stderr","time":49.159928415,"data":"pulling 60e05f210007:  75% ▕█████████████     ▏ 3.5 GB/4.7 GB  570 MB/s      2s\u001b[K\u001b[?25h\u001b[?2026l\u001b[?2026h\u001b[?25l\u001b[A\u001b[1Gpulling manifest \u001b[K\n"}
,{"stream_name":"stderr","time":49.260570216,"data":"pulling 60e05f210007:  76% ▕█████████████     ▏ 3.5 GB/4.7 GB  570 MB/s      2s\u001b[K\u001b[?25h\u001b[?2026l\u001b[?2026h\u001b[?25l\u001b[A\u001b[1Gpulling manifest \u001b[K\n"}
,{"stream_name":"stderr","time":49.360064677,"data":"pulling 60e05f210007:  76% ▕█████████████     ▏ 3.5 GB/4.7 GB  570 MB/s      2s\u001b[K\u001b[?25h\u001b[?2026l\u001b[?2026h\u001b[?25l\u001b[A\u001b[1Gpulling manifest \u001b[K\n"}
,{"stream_name":"stderr","time":49.460509615,"data":"pulling 60e05f210007:  76% ▕█████████████     ▏ 3.6 GB/4.7 GB  570 MB/s      1s\u001b[K\u001b[?25h\u001b[?2026l\u001b[?2026h\u001b[?25l\u001b[A\u001b[1Gpulling manifest \u001b[K\n"}
,{"stream_name":"stderr","time":49.561003211,"data":"pulling 60e05f210007:  76% ▕█████████████     ▏ 3.6 GB/4.7 GB  509 MB/s      2s\u001b[K\u001b[?25h\u001b[?2026l\u001b[?2026h\u001b[?25l\u001b[A\u001b[1Gpulling manifest \u001b[K\n"}
,{"stream_name":"stderr","time":49.659871805,"data":"pulling 60e05f210007:  77% ▕█████████████     ▏ 3.6 GB/4.7 GB  509 MB/s      2s\u001b[K\u001b[?25h\u001b[?2026l\u001b[?2026h\u001b[?25l\u001b[A\u001b[1Gpulling manifest \u001b[K\n"}
,{"stream_name":"stderr","time":49.760190546,"data":"pulling 60e05f210007:  77% ▕█████████████     ▏ 3.6 GB/4.7 GB  509 MB/s      2s\u001b[K\u001b[?25h\u001b[?2026l\u001b[?2026h\u001b[?25l\u001b[A\u001b[1Gpulling manifest \u001b[K\n"}
,{"stream_name":"stderr","time":64.938717915,"data":"pulling 60e05f210007:  77% ▕█████████████     ▏ 3.6 GB/4.7 GB  509 MB/s      2s\u001b[K\u001b[?25h\u001b[?2026l\u001b[?2026h\u001b[?25l\u001b[A\u001b[1Gpulling manifest \u001b[K\n"}
,{"stream_name":"stderr","time":64.938805449,"data":"pulling 60e05f210007:  77% ▕█████████████     ▏ 3.6 GB/4.7 GB  509 MB/s      2s\u001b[K\u001b[?25h\u001b[?2026l\u001b[?2026h\u001b[?25l\u001b[A\u001b[1Gpulling manifest \u001b[K\n"}
,{"stream_name":"stderr","time":64.938812791,"data":"pulling 60e05f210007:  77% ▕█████████████     ▏ 3.6 GB/4.7 GB  509 MB/s      2s\u001b[K\u001b[?25h\u001b[?2026l\u001b[?2026h\u001b[?25l\u001b[A\u001b[1Gpulling manifest \u001b[K\n"}
,{"stream_name":"stderr","time":64.938819596,"data":"pulling 60e05f210007:  77% ▕█████████████     ▏ 3.6 GB/4.7 GB  509 MB/s      2s\u001b[K\u001b[?25h\u001b[?2026l\u001b[?2026h\u001b[?25l\u001b[A\u001b[1Gpulling manifest \u001b[K\n"}
,{"stream_name":"stderr","time":64.938825605,"data":"pulling 60e05f210007:  77% ▕█████████████     ▏ 3.6 GB/4.7 GB  509 MB/s      2s\u001b[K\u001b[?25h\u001b[?2026l\u001b[?2026h\u001b[?25l\u001b[A\u001b[1Gpulling manifest \u001b[K\n"}
,{"stream_name":"stderr","time":64.938831598,"data":"pulling 60e05f210007:  77% ▕█████████████     ▏ 3.6 GB/4.7 GB  509 MB/s      2s\u001b[K\u001b[?25h\u001b[?2026l\u001b[?2026h\u001b[?25l\u001b[A\u001b[1Gpulling manifest \u001b[K\n"}
,{"stream_name":"stderr","time":64.938837515,"data":"pulling 60e05f210007:  77% ▕█████████████     ▏ 3.6 GB/4.7 GB  509 MB/s      2s\u001b[K\u001b[?25h\u001b[?2026l\u001b[?2026h\u001b[?25l\u001b[A\u001b[1Gpulling manifest \u001b[K\n"}
,{"stream_name":"stderr","time":64.938843287,"data":"pulling 60e05f210007:  77% ▕█████████████     ▏ 3.6 GB/4.7 GB  450 MB/s      2s\u001b[K\u001b[?25h\u001b[?2026l\u001b[?2026h\u001b[?25l\u001b[A\u001b[1Gpulling manifest \u001b[K\n"}
,{"stream_name":"stderr","time":64.93888976,"data":"pulling 60e05f210007:  77% ▕█████████████     ▏ 3.6 GB/4.7 GB  450 MB/s      2s\u001b[K\u001b[?25h\u001b[?2026l\u001b[?2026h\u001b[?25l\u001b[A\u001b[1Gpulling manifest \u001b[K\n"}
,{"stream_name":"stderr","time":64.938895434,"data":"pulling 60e05f210007:  77% ▕█████████████     ▏ 3.6 GB/4.7 GB  450 MB/s      2s\u001b[K\u001b[?25h\u001b[?2026l\u001b[?2026h\u001b[?25l\u001b[A\u001b[1Gpulling manifest \u001b[K\n"}
,{"stream_name":"stderr","time":64.938899954,"data":"pulling 60e05f210007:  77% ▕█████████████     ▏ 3.6 GB/4.7 GB  450 MB/s      2s\u001b[K\u001b[?25h\u001b[?2026l\u001b[?2026h\u001b[?25l\u001b[A\u001b[1Gpulling manifest \u001b[K\n"}
,{"stream_name":"stderr","time":64.938904135,"data":"pulling 60e05f210007:  77% ▕█████████████     ▏ 3.6 GB/4.7 GB  450 MB/s      2s\u001b[K\u001b[?25h\u001b[?2026l\u001b[?2026h\u001b[?25l\u001b[A\u001b[1Gpulling manifest \u001b[K\n"}
,{"stream_name":"stderr","time":64.938930572,"data":"pulling 60e05f210007:  77% ▕█████████████     ▏ 3.6 GB/4.7 GB  450 MB/s      2s\u001b[K\u001b[?25h\u001b[?2026l\u001b[?2026h\u001b[?25l\u001b[A\u001b[1Gpulling manifest \u001b[K\n"}
,{"stream_name":"stderr","time":64.938935682,"data":"pulling 60e05f210007:  77% ▕█████████████     ▏ 3.6 GB/4.7 GB  450 MB/s      2s\u001b[K\u001b[?25h\u001b[?2026l\u001b[?2026h\u001b[?25l\u001b[A\u001b[1Gpulling manifest \u001b[K\n"}
,{"stream_name":"stderr","time":64.938940511,"data":"pulling 60e05f210007:  77% ▕█████████████     ▏ 3.6 GB/4.7 GB  450 MB/s      2s\u001b[K\u001b[?25h\u001b[?2026l\u001b[?2026h\u001b[?25l\u001b[A\u001b[1Gpulling manifest \u001b[K\n"}
,{"stream_name":"stderr","time":64.938945134,"data":"pulling 60e05f210007:  77% ▕█████████████     ▏ 3.6 GB/4.7 GB  450 MB/s      2s\u001b[K\u001b[?25h\u001b[?2026l\u001b[?2026h\u001b[?25l\u001b[A\u001b[1Gpulling manifest \u001b[K\n"}
,{"stream_name":"stderr","time":64.938950158,"data":"pulling 60e05f210007:  77% ▕█████████████     ▏ 3.6 GB/4.7 GB  450 MB/s      2s\u001b[K\u001b[?25h\u001b[?2026l\u001b[?2026h\u001b[?25l\u001b[A\u001b[1Gpulling manifest \u001b[K\n"}
,{"stream_name":"stderr","time":64.938954737,"data":"pulling 60e05f210007:  77% ▕█████████████     ▏ 3.6 GB/4.7 GB  450 MB/s      2s\u001b[K\u001b[?25h\u001b[?2026l\u001b[?2026h\u001b[?25l\u001b[A\u001b[1Gpulling manifest \u001b[K\n"}
,{"stream_name":"stderr","time":64.938982139,"data":"pulling 60e05f210007:  77% ▕█████████████     ▏ 3.6 GB/4.7 GB  400 MB/s      2s\u001b[K\u001b[?25h\u001b[?2026l\u001b[?2026h\u001b[?25l\u001b[A\u001b[1Gpulling manifest \u001b[K\n"}
,{"stream_name":"stderr","time":64.938986334,"data":"pulling 60e05f210007:  77% ▕█████████████     ▏ 3.6 GB/4.7 GB  400 MB/s      2s\u001b[K\u001b[?25h\u001b[?2026l\u001b[?2026h\u001b[?25l\u001b[A\u001b[1Gpulling manifest \u001b[K\n"}
,{"stream_name":"stderr","time":64.938990974,"data":"pulling 60e05f210007:  77% ▕█████████████     ▏ 3.6 GB/4.7 GB  400 MB/s      2s\u001b[K\u001b[?25h\u001b[?2026l\u001b[?2026h\u001b[?25l\u001b[A\u001b[1Gpulling manifest \u001b[K\n"}
,{"stream_name":"stderr","time":64.938995466,"data":"pulling 60e05f210007:  77% ▕█████████████     ▏ 3.6 GB/4.7 GB  400 MB/s      2s\u001b[K\u001b[?25h\u001b[?2026l\u001b[?2026h\u001b[?25l\u001b[A\u001b[1Gpulling manifest \u001b[K\n"}
,{"stream_name":"stderr","time":64.938999894,"data":"pulling 60e05f210007:  77% ▕█████████████     ▏ 3.6 GB/4.7 GB  400 MB/s      2s\u001b[K\u001b[?25h\u001b[?2026l\u001b[?2026h\u001b[?25l\u001b[A\u001b[1Gpulling manifest \u001b[K\n"}
,{"stream_name":"stderr","time":64.939018185,"data":"pulling 60e05f210007:  77% ▕█████████████     ▏ 3.6 GB/4.7 GB  400 MB/s      2s\u001b[K\u001b[?25h\u001b[?2026l\u001b[?2026h\u001b[?25l\u001b[A\u001b[1Gpulling manifest \u001b[K\n"}
,{"stream_name":"stderr","time":64.939022872,"data":"pulling 60e05f210007:  77% ▕█████████████     ▏ 3.6 GB/4.7 GB  400 MB/s      2s\u001b[K\u001b[?25h\u001b[?2026l\u001b[?2026h\u001b[?25l\u001b[A\u001b[1Gpulling manifest \u001b[K\n"}
,{"stream_name":"stderr","time":64.939028419,"data":"pulling 60e05f210007:  77% ▕█████████████     ▏ 3.6 GB/4.7 GB  400 MB/s      2s\u001b[K\u001b[?25h\u001b[?2026l\u001b[?2026h\u001b[?25l\u001b[A\u001b[1Gpulling manifest \u001b[K\n"}
,{"stream_name":"stderr","time":64.939033135,"data":"pulling 60e05f210007:  77% ▕█████████████     ▏ 3.6 GB/4.7 GB  400 MB/s      2s\u001b[K\u001b[?25h\u001b[?2026l\u001b[?2026h\u001b[?25l\u001b[A\u001b[1Gpulling manifest \u001b[K\n"}
,{"stream_name":"stderr","time":64.93903784,"data":"pulling 60e05f210007:  77% ▕█████████████     ▏ 3.6 GB/4.7 GB  400 MB/s      2s\u001b[K\u001b[?25h\u001b[?2026l\u001b[?2026h\u001b[?25l\u001b[A\u001b[1Gpulling manifest \u001b[K\n"}
,{"stream_name":"stderr","time":64.939042084,"data":"pulling 60e05f210007:  77% ▕█████████████     ▏ 3.6 GB/4.7 GB  331 MB/s      3s\u001b[K\u001b[?25h\u001b[?2026l\u001b[?2026h\u001b[?25l\u001b[A\u001b[1Gpulling manifest \u001b[K\n"}
,{"stream_name":"stderr","time":64.939046772,"data":"pulling 60e05f210007:  77% ▕█████████████     ▏ 3.6 GB/4.7 GB  331 MB/s      3s\u001b[K\u001b[?25h\u001b[?2026l\u001b[?2026h\u001b[?25l\u001b[A\u001b[1Gpulling manifest \u001b[K\n"}
,{"stream_name":"stderr","time":64.93905162,"data":"pulling 60e05f210007:  77% ▕█████████████     ▏ 3.6 GB/4.7 GB  331 MB/s      3s\u001b[K\u001b[?25h\u001b[?2026l\u001b[?2026h\u001b[?25l\u001b[A\u001b[1Gpulling manifest \u001b[K\n"}
,{"stream_name":"stderr","time":64.93905635,"data":"pulling 60e05f210007:  77% ▕█████████████     ▏ 3.6 GB/4.7 GB  331 MB/s      3s\u001b[K\u001b[?25h\u001b[?2026l\u001b[?2026h\u001b[?25l\u001b[A\u001b[1Gpulling manifest \u001b[K\n"}
,{"stream_name":"stderr","time":64.939061048,"data":"pulling 60e05f210007:  77% ▕█████████████     ▏ 3.6 GB/4.7 GB  331 MB/s      3s\u001b[K\u001b[?25h\u001b[?2026l\u001b[?2026h\u001b[?25l\u001b[A\u001b[1Gpulling manifest \u001b[K\n"}
,{"stream_name":"stderr","time":64.93906638,"data":"pulling 60e05f210007:  77% ▕█████████████     ▏ 3.6 GB/4.7 GB  331 MB/s      3s\u001b[K\u001b[?25h\u001b[?2026l\u001b[?2026h\u001b[?25l\u001b[A\u001b[1Gpulling manifest \u001b[K\n"}
,{"stream_name":"stderr","time":64.93908162,"data":"pulling 60e05f210007:  77% ▕█████████████     ▏ 3.6 GB/4.7 GB  331 MB/s      3s\u001b[K\u001b[?25h\u001b[?2026l\u001b[?2026h\u001b[?25l\u001b[A\u001b[1Gpulling manifest \u001b[K\n"}
,{"stream_name":"stderr","time":64.939086393,"data":"pulling 60e05f210007:  77% ▕█████████████     ▏ 3.6 GB/4.7 GB  331 MB/s      3s\u001b[K\u001b[?25h\u001b[?2026l\u001b[?2026h\u001b[?25l\u001b[A\u001b[1Gpulling manifest \u001b[K\n"}
,{"stream_name":"stderr","time":64.939090946,"data":"pulling 60e05f210007:  77% ▕█████████████     ▏ 3.6 GB/4.7 GB  331 MB/s      3s\u001b[K\u001b[?25h\u001b[?2026l\u001b[?2026h\u001b[?25l\u001b[A\u001b[1Gpulling manifest \u001b[K\n"}
,{"stream_name":"stderr","time":64.939109509,"data":"pulling 60e05f210007:  77% ▕█████████████     ▏ 3.6 GB/4.7 GB  331 MB/s      3s\u001b[K\u001b[?25h\u001b[?2026l\u001b[?2026h\u001b[?25l\u001b[A\u001b[1Gpulling manifest \u001b[K\n"}
,{"stream_name":"stderr","time":64.939127385,"data":"pulling 60e05f210007:  77% ▕█████████████     ▏ 3.6 GB/4.7 GB  258 MB/s      4s\u001b[K\u001b[?25h\u001b[?2026l\u001b[?2026h\u001b[?25l\u001b[A\u001b[1Gpulling manifest \u001b[K\n"}
,{"stream_name":"stderr","time":64.939132249,"data":"pulling 60e05f210007:  77% ▕█████████████     ▏ 3.6 GB/4.7 GB  258 MB/s      4s\u001b[K\u001b[?25h\u001b[?2026l\u001b[?2026h\u001b[?25l\u001b[A\u001b[1Gpulling manifest \u001b[K\n"}
,{"stream_name":"stderr","time":64.939136944,"data":"pulling 60e05f210007:  77% ▕█████████████     ▏ 3.6 GB/4.7 GB  258 MB/s      4s\u001b[K\u001b[?25h\u001b[?2026l\u001b[?2026h\u001b[?25l\u001b[A\u001b[1Gpulling manifest \u001b[K\n"}
,{"stream_name":"stderr","time":64.939141702,"data":"pulling 60e05f210007:  77% ▕█████████████     ▏ 3.6 GB/4.7 GB  258 MB/s      4s\u001b[K\u001b[?25h\u001b[?2026l\u001b[?2026h\u001b[?25l\u001b[A\u001b[1Gpulling manifest \u001b[K\n"}
,{"stream_name":"stderr","time":64.939146681,"data":"pulling 60e05f210007:  77% ▕█████████████     ▏ 3.6 GB/4.7 GB  258 MB/s      4s\u001b[K\u001b[?25h\u001b[?2026l\u001b[?2026h\u001b[?25l\u001b[A\u001b[1Gpulling manifest \u001b[K\n"}
,{"stream_name":"stderr","time":64.93915139,"data":"pulling 60e05f210007:  77% ▕█████████████     ▏ 3.6 GB/4.7 GB  258 MB/s      4s\u001b[K\u001b[?25h\u001b[?2026l\u001b[?2026h\u001b[?25l\u001b[A\u001b[1Gpulling manifest \u001b[K\n"}
,{"stream_name":"stderr","time":64.939155956,"data":"pulling 60e05f210007:  77% ▕█████████████     ▏ 3.6 GB/4.7 GB  258 MB/s      4s\u001b[K\u001b[?25h\u001b[?2026l\u001b[?2026h\u001b[?25l\u001b[A\u001b[1Gpulling manifest \u001b[K\n"}
,{"stream_name":"stderr","time":64.939160836,"data":"pulling 60e05f210007:  77% ▕█████████████     ▏ 3.6 GB/4.7 GB  258 MB/s      4s\u001b[K\u001b[?25h\u001b[?2026l\u001b[?2026h\u001b[?25l\u001b[A\u001b[1Gpulling manifest \u001b[K\n"}
,{"stream_name":"stderr","time":64.939165415,"data":"pulling 60e05f210007:  77% ▕█████████████     ▏ 3.6 GB/4.7 GB  258 MB/s      4s\u001b[K\u001b[?25h\u001b[?2026l\u001b[?2026h\u001b[?25l\u001b[A\u001b[1Gpulling manifest \u001b[K\n"}
,{"stream_name":"stderr","time":64.939169804,"data":"pulling 60e05f210007:  77% ▕█████████████     ▏ 3.6 GB/4.7 GB  258 MB/s      4s\u001b[K\u001b[?25h\u001b[?2026l\u001b[?2026h\u001b[?25l\u001b[A\u001b[1Gpulling manifest \u001b[K\n"}
,{"stream_name":"stderr","time":64.939174288,"data":"pulling 60e05f210007:  77% ▕█████████████     ▏ 3.6 GB/4.7 GB  193 MB/s      5s\u001b[K\u001b[?25h\u001b[?2026l\u001b[?2026h\u001b[?25l\u001b[A\u001b[1Gpulling manifest \u001b[K\n"}
,{"stream_name":"stderr","time":64.939179565,"data":"pulling 60e05f210007:  77% ▕█████████████     ▏ 3.6 GB/4.7 GB  193 MB/s      5s\u001b[K\u001b[?25h\u001b[?2026l\u001b[?2026h\u001b[?25l\u001b[A\u001b[1Gpulling manifest \u001b[K\n"}
,{"stream_name":"stderr","time":64.939184387,"data":"pulling 60e05f210007:  77% ▕█████████████     ▏ 3.6 GB/4.7 GB  193 MB/s      5s\u001b[K\u001b[?25h\u001b[?2026l\u001b[?2026h\u001b[?25l\u001b[A\u001b[1Gpulling manifest \u001b[K\n"}
,{"stream_name":"stderr","time":64.939189094,"data":"pulling 60e05f210007:  77% ▕█████████████     ▏ 3.6 GB/4.7 GB  193 MB/s      5s\u001b[K\u001b[?25h\u001b[?2026l\u001b[?2026h\u001b[?25l\u001b[A\u001b[1Gpulling manifest \u001b[K\n"}
,{"stream_name":"stderr","time":64.939194227,"data":"pulling 60e05f210007:  77% ▕█████████████     ▏ 3.6 GB/4.7 GB  193 MB/s      5s\u001b[K\u001b[?25h\u001b[?2026l\u001b[?2026h\u001b[?25l\u001b[A\u001b[1Gpulling manifest \u001b[K\n"}
,{"stream_name":"stderr","time":64.939212994,"data":"pulling 60e05f210007:  77% ▕█████████████     ▏ 3.6 GB/4.7 GB  193 MB/s      5s\u001b[K\u001b[?25h\u001b[?2026l\u001b[?2026h\u001b[?25l\u001b[A\u001b[1Gpulling manifest \u001b[K\n"}
,{"stream_name":"stderr","time":64.939218002,"data":"pulling 60e05f210007:  77% ▕█████████████     ▏ 3.6 GB/4.7 GB  193 MB/s      5s\u001b[K\u001b[?25h\u001b[?2026l\u001b[?2026h\u001b[?25l\u001b[A\u001b[1Gpulling manifest \u001b[K\n"}
,{"stream_name":"stderr","time":64.939222602,"data":"pulling 60e05f210007:  77% ▕█████████████     ▏ 3.6 GB/4.7 GB  193 MB/s      5s\u001b[K\u001b[?25h\u001b[?2026l\u001b[?2026h\u001b[?25l\u001b[A\u001b[1Gpulling manifest \u001b[K\n"}
,{"stream_name":"stderr","time":64.939227168,"data":"pulling 60e05f210007:  77% ▕█████████████     ▏ 3.6 GB/4.7 GB  193 MB/s      5s\u001b[K\u001b[?25h\u001b[?2026l\u001b[?2026h\u001b[?25l\u001b[A\u001b[1Gpulling manifest \u001b[K\n"}
,{"stream_name":"stderr","time":64.939541784,"data":"pulling 60e05f210007:  77% ▕█████████████     ▏ 3.6 GB/4.7 GB  193 MB/s      5s\u001b[K\u001b[?25h\u001b[?2026l\u001b[?2026h\u001b[?25l\u001b[A\u001b[1Gpulling manifest \u001b[K\n"}
,{"stream_name":"stderr","time":64.939546289,"data":"pulling 60e05f210007:  77% ▕█████████████     ▏ 3.6 GB/4.7 GB  133 MB/s      8s\u001b[K\u001b[?25h\u001b[?2026l\u001b[?2026h\u001b[?25l\u001b[A\u001b[1Gpulling manifest \u001b[K\n"}
,{"stream_name":"stderr","time":64.93955061,"data":"pulling 60e05f210007:  77% ▕█████████████     ▏ 3.6 GB/4.7 GB  133 MB/s      8s\u001b[K\u001b[?25h\u001b[?2026l\u001b[?2026h\u001b[?25l\u001b[A\u001b[1Gpulling manifest \u001b[K\n"}
,{"stream_name":"stderr","time":64.939555575,"data":"pulling 60e05f210007:  77% ▕█████████████     ▏ 3.6 GB/4.7 GB  133 MB/s      8s\u001b[K\u001b[?25h\u001b[?2026l\u001b[?2026h\u001b[?25l\u001b[A\u001b[1Gpulling manifest \u001b[K\n"}
,{"stream_name":"stderr","time":64.939569074,"data":"pulling 60e05f210007:  77% ▕█████████████     ▏ 3.6 GB/4.7 GB  133 MB/s      8s\u001b[K\u001b[?25h\u001b[?2026l\u001b[?2026h\u001b[?25l\u001b[A\u001b[1Gpulling manifest \u001b[K\n"}
,{"stream_name":"stderr","time":64.939574981,"data":"pulling 60e05f210007:  77% ▕█████████████     ▏ 3.6 GB/4.7 GB  133 MB/s      8s\u001b[K\u001b[?25h\u001b[?2026l\u001b[?2026h\u001b[?25l\u001b[A\u001b[1Gpulling manifest \u001b[K\n"}
,{"stream_name":"stderr","time":64.939579637,"data":"pulling 60e05f210007:  77% ▕█████████████     ▏ 3.6 GB/4.7 GB  133 MB/s      8s\u001b[K\u001b[?25h\u001b[?2026l\u001b[?2026h\u001b[?25l\u001b[A\u001b[1Gpulling manifest \u001b[K\n"}
,{"stream_name":"stderr","time":64.939583938,"data":"pulling 60e05f210007:  77% ▕█████████████     ▏ 3.6 GB/4.7 GB  133 MB/s      8s\u001b[K\u001b[?25h\u001b[?2026l\u001b[?2026h\u001b[?25l\u001b[A\u001b[1Gpulling manifest \u001b[K\n"}
,{"stream_name":"stderr","time":64.939588025,"data":"pulling 60e05f210007:  77% ▕█████████████     ▏ 3.6 GB/4.7 GB  133 MB/s      8s\u001b[K\u001b[?25h\u001b[?2026l\u001b[?2026h\u001b[?25l\u001b[A\u001b[1Gpulling manifest \u001b[K\n"}
,{"stream_name":"stderr","time":64.939593061,"data":"pulling 60e05f210007:  77% ▕█████████████     ▏ 3.6 GB/4.7 GB  133 MB/s      8s\u001b[K\u001b[?25h\u001b[?2026l\u001b[?2026h\u001b[?25l\u001b[A\u001b[1Gpulling manifest \u001b[K\n"}
,{"stream_name":"stderr","time":64.939616845,"data":"pulling 60e05f210007:  77% ▕█████████████     ▏ 3.6 GB/4.7 GB  133 MB/s      8s\u001b[K\u001b[?25h\u001b[?2026l\u001b[?2026h\u001b[?25l\u001b[A\u001b[1Gpulling manifest \u001b[K\n"}
,{"stream_name":"stderr","time":64.939622388,"data":"pulling 60e05f210007:  77% ▕█████████████     ▏ 3.6 GB/4.7 GB  133 MB/s      8s\u001b[K\u001b[?25h\u001b[?2026l\u001b[?2026h\u001b[?25l\u001b[A\u001b[1Gpulling manifest \u001b[K\n"}
,{"stream_name":"stderr","time":64.939626342,"data":"pulling 60e05f210007:  77% ▕█████████████     ▏ 3.6 GB/4.7 GB   79 MB/s     13s\u001b[K\u001b[?25h\u001b[?2026l\u001b[?2026h\u001b[?25l\u001b[A\u001b[1Gpulling manifest \u001b[K\n"}
,{"stream_name":"stderr","time":64.939630964,"data":"pulling 60e05f210007:  77% ▕█████████████     ▏ 3.6 GB/4.7 GB   79 MB/s     13s\u001b[K\u001b[?25h\u001b[?2026l\u001b[?2026h\u001b[?25l\u001b[A\u001b[1Gpulling manifest \u001b[K\n"}
,{"stream_name":"stderr","time":64.939635066,"data":"pulling 60e05f210007:  77% ▕█████████████     ▏ 3.6 GB/4.7 GB   79 MB/s     13s\u001b[K\u001b[?25h\u001b[?2026l\u001b[?2026h\u001b[?25l\u001b[A\u001b[1Gpulling manifest \u001b[K\n"}
,{"stream_name":"stderr","time":64.939639168,"data":"pulling 60e05f210007:  77% ▕█████████████     ▏ 3.6 GB/4.7 GB   79 MB/s     13s\u001b[K\u001b[?25h\u001b[?2026l\u001b[?2026h\u001b[?25l\u001b[A\u001b[1Gpulling manifest \u001b[K\n"}
,{"stream_name":"stderr","time":64.939643776,"data":"pulling 60e05f210007:  77% ▕█████████████     ▏ 3.6 GB/4.7 GB   79 MB/s     13s\u001b[K\u001b[?25h\u001b[?2026l\u001b[?2026h\u001b[?25l\u001b[A\u001b[1Gpulling manifest \u001b[K\n"}
,{"stream_name":"stderr","time":64.939648116,"data":"pulling 60e05f210007:  77% ▕█████████████     ▏ 3.6 GB/4.7 GB   79 MB/s     13s\u001b[K\u001b[?25h\u001b[?2026l\u001b[?2026h\u001b[?25l\u001b[A\u001b[1Gpulling manifest \u001b[K\n"}
,{"stream_name":"stderr","time":64.939652508,"data":"pulling 60e05f210007:  77% ▕█████████████     ▏ 3.6 GB/4.7 GB   79 MB/s     13s\u001b[K\u001b[?25h\u001b[?2026l\u001b[?2026h\u001b[?25l\u001b[A\u001b[1Gpulling manifest \u001b[K\n"}
,{"stream_name":"stderr","time":64.939656784,"data":"pulling 60e05f210007:  77% ▕█████████████     ▏ 3.6 GB/4.7 GB   79 MB/s     13s\u001b[K\u001b[?25h\u001b[?2026l\u001b[?2026h\u001b[?25l\u001b[A\u001b[1Gpulling manifest \u001b[K\n"}
,{"stream_name":"stderr","time":64.939661023,"data":"pulling 60e05f210007:  77% ▕█████████████     ▏ 3.6 GB/4.7 GB   79 MB/s     13s\u001b[K\u001b[?25h\u001b[?2026l\u001b[?2026h\u001b[?25l\u001b[A\u001b[1Gpulling manifest \u001b[K\n"}
,{"stream_name":"stderr","time":64.939665549,"data":"pulling 60e05f210007:  77% ▕█████████████     ▏ 3.6 GB/4.7 GB   79 MB/s     13s\u001b[K\u001b[?25h\u001b[?2026l\u001b[?2026h\u001b[?25l\u001b[A\u001b[1Gpulling manifest \u001b[K\n"}
,{"stream_name":"stderr","time":64.939669808,"data":"pulling 60e05f210007:  77% ▕█████████████     ▏ 3.6 GB/4.7 GB   20 MB/s     53s\u001b[K\u001b[?25h\u001b[?2026l\u001b[?2026h\u001b[?25l\u001b[A\u001b[1Gpulling manifest \u001b[K\n"}
,{"stream_name":"stderr","time":64.939674104,"data":"pulling 60e05f210007:  77% ▕█████████████     ▏ 3.6 GB/4.7 GB   20 MB/s     53s\u001b[K\u001b[?25h\u001b[?2026l\u001b[?2026h\u001b[?25l\u001b[A\u001b[1Gpulling manifest \u001b[K\n"}
,{"stream_name":"stderr","time":64.939678191,"data":"pulling 60e05f210007:  77% ▕█████████████     ▏ 3.6 GB/4.7 GB   20 MB/s     53s\u001b[K\u001b[?25h\u001b[?2026l\u001b[?2026h\u001b[?25l\u001b[A\u001b[1Gpulling manifest \u001b[K\n"}
,{"stream_name":"stderr","time":64.939697148,"data":"pulling 60e05f210007:  77% ▕█████████████     ▏ 3.6 GB/4.7 GB   20 MB/s     53s\u001b[K\u001b[?25h\u001b[?2026l\u001b[?2026h\u001b[?25l\u001b[A\u001b[1Gpulling manifest \u001b[K\n"}
,{"stream_name":"stderr","time":64.939701698,"data":"pulling 60e05f210007:  77% ▕█████████████     ▏ 3.6 GB/4.7 GB   20 MB/s     53s\u001b[K\u001b[?25h\u001b[?2026l\u001b[?2026h\u001b[?25l\u001b[A\u001b[1Gpulling manifest \u001b[K\n"}
,{"stream_name":"stderr","time":64.939706116,"data":"pulling 60e05f210007:  77% ▕█████████████     ▏ 3.6 GB/4.7 GB   20 MB/s     53s\u001b[K\u001b[?25h\u001b[?2026l\u001b[?2026h\u001b[?25l\u001b[A\u001b[1Gpulling manifest \u001b[K\n"}
,{"stream_name":"stderr","time":64.939710413,"data":"pulling 60e05f210007:  77% ▕█████████████     ▏ 3.6 GB/4.7 GB   20 MB/s     53s\u001b[K\u001b[?25h\u001b[?2026l\u001b[?2026h\u001b[?25l\u001b[A\u001b[1Gpulling manifest \u001b[K\n"}
,{"stream_name":"stderr","time":64.939719073,"data":"pulling 60e05f210007:  77% ▕█████████████     ▏ 3.6 GB/4.7 GB   20 MB/s     53s\u001b[K\u001b[?25h\u001b[?2026l\u001b[?2026h\u001b[?25l\u001b[A\u001b[1Gpulling manifest \u001b[K\n"}
,{"stream_name":"stderr","time":64.939723427,"data":"pulling 60e05f210007:  77% ▕█████████████     ▏ 3.6 GB/4.7 GB   20 MB/s     53s\u001b[K\u001b[?25h\u001b[?2026l\u001b[?2026h\u001b[?25l\u001b[A\u001b[1Gpulling manifest \u001b[K\n"}
,{"stream_name":"stderr","time":64.939727776,"data":"pulling 60e05f210007:  77% ▕█████████████     ▏ 3.6 GB/4.7 GB   20 MB/s     53s\u001b[K\u001b[?25h\u001b[?2026l\u001b[?2026h\u001b[?25l\u001b[A\u001b[1Gpulling manifest \u001b[K\n"}
,{"stream_name":"stderr","time":64.939732337,"data":"pulling 60e05f210007:  77% ▕█████████████     ▏ 3.6 GB/4.7 GB  3.7 MB/s   4m48s\u001b[K\u001b[?25h\u001b[?2026l\u001b[?2026h\u001b[?25l\u001b[A\u001b[1Gpulling manifest \u001b[K\n"}
,{"stream_name":"stderr","time":64.939736825,"data":"pulling 60e05f210007:  77% ▕█████████████     ▏ 3.6 GB/4.7 GB  3.7 MB/s   4m48s\u001b[K\u001b[?25h\u001b[?2026l\u001b[?2026h\u001b[?25l\u001b[A\u001b[1Gpulling manifest \u001b[K\n"}
,{"stream_name":"stderr","time":64.939741311,"data":"pulling 60e05f210007:  77% ▕█████████████     ▏ 3.6 GB/4.7 GB  3.7 MB/s   4m48s\u001b[K\u001b[?25h\u001b[?2026l\u001b[?2026h\u001b[?25l\u001b[A\u001b[1Gpulling manifest \u001b[K\n"}
,{"stream_name":"stderr","time":64.939745644,"data":"pulling 60e05f210007:  77% ▕█████████████     ▏ 3.6 GB/4.7 GB  3.7 MB/s   4m48s\u001b[K\u001b[?25h\u001b[?2026l\u001b[?2026h\u001b[?25l\u001b[A\u001b[1Gpulling manifest \u001b[K\n"}
,{"stream_name":"stderr","time":64.939750093,"data":"pulling 60e05f210007:  77% ▕█████████████     ▏ 3.6 GB/4.7 GB  3.7 MB/s   4m48s\u001b[K\u001b[?25h\u001b[?2026l\u001b[?2026h\u001b[?25l\u001b[A\u001b[1Gpulling manifest \u001b[K\n"}
,{"stream_name":"stderr","time":64.939754615,"data":"pulling 60e05f210007:  77% ▕█████████████     ▏ 3.6 GB/4.7 GB  3.7 MB/s   4m48s\u001b[K\u001b[?25h\u001b[?2026l\u001b[?2026h\u001b[?25l\u001b[A\u001b[1Gpulling manifest \u001b[K\n"}
,{"stream_name":"stderr","time":64.93975888,"data":"pulling 60e05f210007:  77% ▕█████████████     ▏ 3.6 GB/4.7 GB  3.7 MB/s   4m48s\u001b[K\u001b[?25h\u001b[?2026l\u001b[?2026h\u001b[?25l\u001b[A\u001b[1Gpulling manifest \u001b[K\n"}
,{"stream_name":"stderr","time":64.939763267,"data":"pulling 60e05f210007:  77% ▕█████████████     ▏ 3.6 GB/4.7 GB  3.7 MB/s   4m48s\u001b[K\u001b[?25h\u001b[?2026l\u001b[?2026h\u001b[?25l\u001b[A\u001b[1Gpulling manifest \u001b[K\n"}
,{"stream_name":"stderr","time":64.93978160099999,"data":"pulling 60e05f210007:  77% ▕█████████████     ▏ 3.6 GB/4.7 GB  3.7 MB/s   4m48s\u001b[K\u001b[?25h\u001b[?2026l\u001b[?2026h\u001b[?25l\u001b[A\u001b[1Gpulling manifest \u001b[K\n"}
,{"stream_name":"stderr","time":64.939786449,"data":"pulling 60e05f210007:  77% ▕█████████████     ▏ 3.6 GB/4.7 GB  3.7 MB/s   4m48s\u001b[K\u001b[?25h\u001b[?2026l\u001b[?2026h\u001b[?25l\u001b[A\u001b[1Gpulling manifest \u001b[K\n"}
,{"stream_name":"stderr","time":64.939790769,"data":"pulling 60e05f210007:  77% ▕█████████████     ▏ 3.6 GB/4.7 GB   21 KB/s   14h1m\u001b[K\u001b[?25h\u001b[?2026l\u001b[?2026h\u001b[?25l\u001b[A\u001b[1Gpulling manifest \u001b[K\n"}
,{"stream_name":"stderr","time":64.939795262,"data":"pulling 60e05f210007:  77% ▕█████████████     ▏ 3.6 GB/4.7 GB   21 KB/s   14h1m\u001b[K\u001b[?25h\u001b[?2026l\u001b[?2026h\u001b[?25l\u001b[A\u001b[1Gpulling manifest \u001b[K\n"}
,{"stream_name":"stderr","time":64.939799749,"data":"pulling 60e05f210007:  77% ▕█████████████     ▏ 3.6 GB/4.7 GB   21 KB/s   14h1m\u001b[K\u001b[?25h\u001b[?2026l\u001b[?2026h\u001b[?25l\u001b[A\u001b[1Gpulling manifest \u001b[K\n"}
,{"stream_name":"stderr","time":64.939804392,"data":"pulling 60e05f210007:  77% ▕█████████████     ▏ 3.6 GB/4.7 GB   21 KB/s   14h1m\u001b[K\u001b[?25h\u001b[?2026l\u001b[?2026h\u001b[?25l\u001b[A\u001b[1Gpulling manifest \u001b[K\n"}
,{"stream_name":"stderr","time":64.93980839,"data":"pulling 60e05f210007:  77% ▕█████████████     ▏ 3.6 GB/4.7 GB   21 KB/s   14h1m\u001b[K\u001b[?25h\u001b[?2026l\u001b[?2026h\u001b[?25l\u001b[A\u001b[1Gpulling manifest \u001b[K\n"}
,{"stream_name":"stderr","time":64.939812498,"data":"pulling 60e05f210007:  77% ▕█████████████     ▏ 3.6 GB/4.7 GB   21 KB/s   14h1m\u001b[K\u001b[?25h\u001b[?2026l\u001b[?2026h\u001b[?25l\u001b[A\u001b[1Gpulling manifest \u001b[K\n"}
,{"stream_name":"stderr","time":64.939816649,"data":"pulling 60e05f210007:  77% ▕█████████████     ▏ 3.6 GB/4.7 GB   21 KB/s   14h1m\u001b[K\u001b[?25h\u001b[?2026l\u001b[?2026h\u001b[?25l\u001b[A\u001b[1Gpulling manifest \u001b[K\n"}
,{"stream_name":"stderr","time":64.939821235,"data":"pulling 60e05f210007:  77% ▕█████████████     ▏ 3.6 GB/4.7 GB   21 KB/s   14h1m\u001b[K\u001b[?25h\u001b[?2026l\u001b[?2026h\u001b[?25l\u001b[A\u001b[1Gpulling manifest \u001b[K\n"}
,{"stream_name":"stderr","time":64.93982593,"data":"pulling 60e05f210007:  77% ▕█████████████     ▏ 3.6 GB/4.7 GB   21 KB/s   14h1m\u001b[K\u001b[?25h\u001b[?2026l\u001b[?2026h\u001b[?25l\u001b[A\u001b[1Gpulling manifest \u001b[K\n"}
,{"stream_name":"stderr","time":64.939830623,"data":"pulling 60e05f210007:  77% ▕█████████████     ▏ 3.6 GB/4.7 GB   21 KB/s   14h1m\u001b[K\u001b[?25h\u001b[?2026l\u001b[?2026h\u001b[?25l\u001b[A\u001b[1Gpulling manifest \u001b[K\n"}
,{"stream_name":"stderr","time":64.939835514,"data":"pulling 60e05f210007:  77% ▕█████████████     ▏ 3.6 GB/4.7 GB   21 KB/s   14h1m\u001b[K\u001b[?25h\u001b[?2026l\u001b[?2026h\u001b[?25l\u001b[A\u001b[1Gpulling manifest \u001b[K\n"}
,{"stream_name":"stderr","time":64.939840918,"data":"pulling 60e05f210007:  77% ▕█████████████     ▏ 3.6 GB/4.7 GB   21 KB/s   14h1m\u001b[K\u001b[?25h\u001b[?2026l\u001b[?2026h\u001b[?25l\u001b[A\u001b[1Gpulling manifest \u001b[K\n"}
,{"stream_name":"stderr","time":64.939845664,"data":"pulling 60e05f210007:  77% ▕█████████████     ▏ 3.6 GB/4.7 GB   21 KB/s   14h1m\u001b[K\u001b[?25h\u001b[?2026l\u001b[?2026h\u001b[?25l\u001b[A\u001b[1Gpulling manifest \u001b[K\n"}
,{"stream_name":"stderr","time":64.939862796,"data":"pulling 60e05f210007:  77% ▕█████████████     ▏ 3.6 GB/4.7 GB   21 KB/s   14h1m\u001b[K\u001b[?25h\u001b[?2026l\u001b[?2026h\u001b[?25l\u001b[A\u001b[1Gpulling manifest \u001b[K\n"}
,{"stream_name":"stderr","time":64.939867347,"data":"pulling 60e05f210007:  77% ▕█████████████     ▏ 3.6 GB/4.7 GB   21 KB/s   14h1m\u001b[K\u001b[?25h\u001b[?2026l\u001b[?2026h\u001b[?25l\u001b[A\u001b[1Gpulling manifest \u001b[K\n"}
,{"stream_name":"stderr","time":64.939871561,"data":"pulling 60e05f210007:  77% ▕█████████████     ▏ 3.6 GB/4.7 GB   21 KB/s   14h1m\u001b[K\u001b[?25h\u001b[?2026l\u001b[?2026h\u001b[?25l\u001b[A\u001b[1Gpulling manifest \u001b[K\n"}
,{"stream_name":"stderr","time":64.939875751,"data":"pulling 60e05f210007:  77% ▕█████████████     ▏ 3.6 GB/4.7 GB   21 KB/s   14h1m\u001b[K\u001b[?25h\u001b[?2026l\u001b[?2026h\u001b[?25l\u001b[A\u001b[1Gpulling manifest \u001b[K\n"}
,{"stream_name":"stderr","time":64.939880005,"data":"pulling 60e05f210007:  77% ▕█████████████     ▏ 3.6 GB/4.7 GB   21 KB/s   14h1m\u001b[K\u001b[?25h\u001b[?2026l\u001b[?2026h\u001b[?25l\u001b[A\u001b[1Gpulling manifest \u001b[K\n"}
,{"stream_name":"stderr","time":64.939884387,"data":"pulling 60e05f210007:  77% ▕█████████████     ▏ 3.6 GB/4.7 GB   21 KB/s   14h1m\u001b[K\u001b[?25h\u001b[?2026l\u001b[?2026h\u001b[?25l\u001b[A\u001b[1Gpulling manifest \u001b[K\n"}
,{"stream_name":"stderr","time":64.939888992,"data":"pulling 60e05f210007:  77% ▕█████████████     ▏ 3.6 GB/4.7 GB   21 KB/s   14h1m\u001b[K\u001b[?25h\u001b[?2026l\u001b[?2026h\u001b[?25l\u001b[A\u001b[1Gpulling manifest \u001b[K\n"}
,{"stream_name":"stderr","time":64.939893119,"data":"pulling 60e05f210007:  77% ▕█████████████     ▏ 3.6 GB/4.7 GB   21 KB/s   14h1m\u001b[K\u001b[?25h\u001b[?2026l\u001b[?2026h\u001b[?25l\u001b[A\u001b[1Gpulling manifest \u001b[K\n"}
,{"stream_name":"stderr","time":64.939897305,"data":"pulling 60e05f210007:  77% ▕█████████████     ▏ 3.6 GB/4.7 GB   21 KB/s   14h1m\u001b[K\u001b[?25h\u001b[?2026l\u001b[?2026h\u001b[?25l\u001b[A\u001b[1Gpulling manifest \u001b[K\n"}
,{"stream_name":"stderr","time":64.939901612,"data":"pulling 60e05f210007:  77% ▕█████████████     ▏ 3.6 GB/4.7 GB   21 KB/s   14h1m\u001b[K\u001b[?25h\u001b[?2026l\u001b[?2026h\u001b[?25l\u001b[A\u001b[1Gpulling manifest \u001b[K\n"}
,{"stream_name":"stderr","time":64.939906254,"data":"pulling 60e05f210007:  77% ▕█████████████     ▏ 3.6 GB/4.7 GB   21 KB/s   14h1m\u001b[K\u001b[?25h\u001b[?2026l\u001b[?2026h\u001b[?25l\u001b[A\u001b[1Gpulling manifest \u001b[K\n"}
,{"stream_name":"stderr","time":64.939910452,"data":"pulling 60e05f210007:  77% ▕█████████████     ▏ 3.6 GB/4.7 GB   21 KB/s   14h1m\u001b[K\u001b[?25h\u001b[?2026l\u001b[?2026h\u001b[?25l\u001b[A\u001b[1Gpulling manifest \u001b[K\n"}
,{"stream_name":"stderr","time":64.939915084,"data":"pulling 60e05f210007:  77% ▕█████████████     ▏ 3.6 GB/4.7 GB   21 KB/s   14h1m\u001b[K\u001b[?25h\u001b[?2026l\u001b[?2026h\u001b[?25l\u001b[A\u001b[1Gpulling manifest \u001b[K\n"}
,{"stream_name":"stderr","time":64.939919275,"data":"pulling 60e05f210007:  77% ▕█████████████     ▏ 3.6 GB/4.7 GB   21 KB/s   14h1m\u001b[K\u001b[?25h\u001b[?2026l\u001b[?2026h\u001b[?25l\u001b[A\u001b[1Gpulling manifest \u001b[K\n"}
,{"stream_name":"stderr","time":64.939936463,"data":"pulling 60e05f210007:  77% ▕█████████████     ▏ 3.6 GB/4.7 GB   21 KB/s   14h1m\u001b[K\u001b[?25h\u001b[?2026l\u001b[?2026h\u001b[?25l\u001b[A\u001b[1Gpulling manifest \u001b[K\n"}
,{"stream_name":"stderr","time":64.939941545,"data":"pulling 60e05f210007:  77% ▕█████████████     ▏ 3.6 GB/4.7 GB   21 KB/s   14h1m\u001b[K\u001b[?25h\u001b[?2026l\u001b[?2026h\u001b[?25l\u001b[A\u001b[1Gpulling manifest \u001b[K\n"}
,{"stream_name":"stderr","time":64.939946251,"data":"pulling 60e05f210007:  77% ▕█████████████     ▏ 3.6 GB/4.7 GB   21 KB/s   14h1m\u001b[K\u001b[?25h\u001b[?2026l\u001b[?2026h\u001b[?25l\u001b[A\u001b[1Gpulling manifest \u001b[K\n"}
,{"stream_name":"stderr","time":64.939950725,"data":"pulling 60e05f210007:  77% ▕█████████████     ▏ 3.6 GB/4.7 GB   21 KB/s   14h1m\u001b[K\u001b[?25h\u001b[?2026l\u001b[?2026h\u001b[?25l\u001b[A\u001b[1Gpulling manifest \u001b[K\n"}
,{"stream_name":"stderr","time":64.939954915,"data":"pulling 60e05f210007:  77% ▕█████████████     ▏ 3.6 GB/4.7 GB                  \u001b[K\u001b[?25h\u001b[?2026l\u001b[?2026h\u001b[?25l\u001b[A\u001b[1Gpulling manifest \u001b[K\n"}
,{"stream_name":"stderr","time":64.939975959,"data":"pulling 60e05f210007:  77% ▕█████████████     ▏ 3.6 GB/4.7 GB                  \u001b[K\u001b[?25h\u001b[?2026l\u001b[?2026h\u001b[?25l\u001b[A\u001b[1Gpulling manifest \u001b[K\n"}
,{"stream_name":"stderr","time":64.93998130599999,"data":"pulling 60e05f210007:  77% ▕█████████████     ▏ 3.6 GB/4.7 GB                  \u001b[K\u001b[?25h\u001b[?2026l\u001b[?2026h\u001b[?25l\u001b[A\u001b[1Gpulling manifest \u001b[K\n"}
,{"stream_name":"stderr","time":64.939985958,"data":"pulling 60e05f210007:  77% ▕█████████████     ▏ 3.6 GB/4.7 GB                  \u001b[K\u001b[?25h\u001b[?2026l\u001b[?2026h\u001b[?25l\u001b[A\u001b[1Gpulling manifest \u001b[K\n"}
,{"stream_name":"stderr","time":64.939991377,"data":"pulling 60e05f210007:  77% ▕█████████████     ▏ 3.6 GB/4.7 GB                  \u001b[K\u001b[?25h\u001b[?2026l\u001b[?2026h\u001b[?25l\u001b[A\u001b[1Gpulling manifest \u001b[K\n"}
,{"stream_name":"stderr","time":64.939995913,"data":"pulling 60e05f210007:  77% ▕█████████████     ▏ 3.6 GB/4.7 GB                  \u001b[K\u001b[?25h\u001b[?2026l\u001b[?2026h\u001b[?25l\u001b[A\u001b[1Gpulling manifest \u001b[K\n"}
,{"stream_name":"stderr","time":64.940000656,"data":"pulling 60e05f210007:  77% ▕█████████████     ▏ 3.6 GB/4.7 GB                  \u001b[K\u001b[?25h\u001b[?2026l\u001b[?2026h\u001b[?25l\u001b[A\u001b[1Gpulling manifest \u001b[K\n"}
,{"stream_name":"stderr","time":64.940005285,"data":"pulling 60e05f210007:  77% ▕█████████████     ▏ 3.6 GB/4.7 GB                  \u001b[K\u001b[?25h\u001b[?2026l\u001b[?2026h\u001b[?25l\u001b[A\u001b[1Gpulling manifest \u001b[K\n"}
,{"stream_name":"stderr","time":64.940009944,"data":"pulling 60e05f210007:  77% ▕█████████████     ▏ 3.6 GB/4.7 GB                  \u001b[K\u001b[?25h\u001b[?2026l\u001b[?2026h\u001b[?25l\u001b[A\u001b[1Gpulling manifest \u001b[K\n"}
,{"stream_name":"stderr","time":64.940014333,"data":"pulling 60e05f210007:  77% ▕█████████████     ▏ 3.6 GB/4.7 GB                  \u001b[K\u001b[?25h\u001b[?2026l\u001b[?2026h\u001b[?25l\u001b[A\u001b[1Gpulling manifest \u001b[K\n"}
,{"stream_name":"stderr","time":64.940019207,"data":"pulling 60e05f210007:  77% ▕█████████████     ▏ 3.6 GB/4.7 GB                  \u001b[K\u001b[?25h\u001b[?2026l\u001b[?2026h\u001b[?25l\u001b[A\u001b[1Gpulling manifest \u001b[K\n"}
,{"stream_name":"stderr","time":64.940044321,"data":"pulling 60e05f210007:  77% ▕█████████████     ▏ 3.6 GB/4.7 GB                  \u001b[K\u001b[?25h\u001b[?2026l\u001b[?2026h\u001b[?25l\u001b[A\u001b[1Gpulling manifest \u001b[K\n"}
,{"stream_name":"stderr","time":64.940049214,"data":"pulling 60e05f210007:  77% ▕█████████████     ▏ 3.6 GB/4.7 GB                  \u001b[K\u001b[?25h\u001b[?2026l\u001b[?2026h\u001b[?25l\u001b[A\u001b[1Gpulling manifest \u001b[K\n"}
,{"stream_name":"stderr","time":64.940053738,"data":"pulling 60e05f210007:  77% ▕█████████████     ▏ 3.6 GB/4.7 GB                  \u001b[K\u001b[?25h\u001b[?2026l\u001b[?2026h\u001b[?25l\u001b[A\u001b[1Gpulling manifest \u001b[K\n"}
,{"stream_name":"stderr","time":64.940058297,"data":"pulling 60e05f210007:  77% ▕█████████████     ▏ 3.6 GB/4.7 GB                  \u001b[K\u001b[?25h\u001b[?2026l\u001b[?2026h\u001b[?25l\u001b[A\u001b[1Gpulling manifest \u001b[K\n"}
,{"stream_name":"stderr","time":64.94006282,"data":"pulling 60e05f210007:  77% ▕█████████████     ▏ 3.6 GB/4.7 GB                  \u001b[K\u001b[?25h\u001b[?2026l\u001b[?2026h\u001b[?25l\u001b[A\u001b[1Gpulling manifest \u001b[K\n"}
,{"stream_name":"stderr","time":64.940067629,"data":"pulling 60e05f210007:  77% ▕█████████████     ▏ 3.6 GB/4.7 GB                  \u001b[K\u001b[?25h\u001b[?2026l\u001b[?2026h\u001b[?25l\u001b[A\u001b[1Gpulling manifest \u001b[K\n"}
,{"stream_name":"stderr","time":64.940072924,"data":"pulling 60e05f210007:  77% ▕█████████████     ▏ 3.6 GB/4.7 GB                  \u001b[K\u001b[?25h\u001b[?2026l\u001b[?2026h\u001b[?25l\u001b[A\u001b[1Gpulling manifest \u001b[K\n"}
,{"stream_name":"stderr","time":64.940077977,"data":"pulling 60e05f210007:  77% ▕█████████████     ▏ 3.6 GB/4.7 GB                  \u001b[K\u001b[?25h\u001b[?2026l\u001b[?2026h\u001b[?25l\u001b[A\u001b[1Gpulling manifest \u001b[K\n"}
,{"stream_name":"stderr","time":64.940082596,"data":"pulling 60e05f210007:  77% ▕█████████████     ▏ 3.6 GB/4.7 GB                  \u001b[K\u001b[?25h\u001b[?2026l\u001b[?2026h\u001b[?25l\u001b[A\u001b[1Gpulling manifest \u001b[K\n"}
,{"stream_name":"stderr","time":64.940087151,"data":"pulling 60e05f210007:  77% ▕█████████████     ▏ 3.6 GB/4.7 GB                  \u001b[K\u001b[?25h\u001b[?2026l\u001b[?2026h\u001b[?25l\u001b[A\u001b[1Gpulling manifest \u001b[K\n"}
,{"stream_name":"stderr","time":64.961469134,"data":"pulling 60e05f210007:  77% ▕█████████████     ▏ 3.6 GB/4.7 GB                  \u001b[K\u001b[?25h\u001b[?2026l\u001b[?2026h\u001b[?25l\u001b[A\u001b[1Gpulling manifest \u001b[K\n"}
,{"stream_name":"stderr","time":65.060611356,"data":"pulling 60e05f210007:  77% ▕█████████████     ▏ 3.6 GB/4.7 GB                  \u001b[K\u001b[?25h\u001b[?2026l\u001b[?2026h\u001b[?25l\u001b[A\u001b[1Gpulling manifest \u001b[K\n"}
,{"stream_name":"stderr","time":65.161350446,"data":"pulling 60e05f210007:  77% ▕█████████████     ▏ 3.6 GB/4.7 GB                  \u001b[K\u001b[?25h\u001b[?2026l\u001b[?2026h\u001b[?25l\u001b[A\u001b[1Gpulling manifest \u001b[K\n"}
,{"stream_name":"stderr","time":65.260267817,"data":"pulling 60e05f210007:  78% ▕█████████████     ▏ 3.6 GB/4.7 GB                  \u001b[K\u001b[?25h\u001b[?2026l\u001b[?2026h\u001b[?25l\u001b[A\u001b[1Gpulling manifest \u001b[K\n"}
,{"stream_name":"stderr","time":65.361375427,"data":"pulling 60e05f210007:  78% ▕██████████████    ▏ 3.7 GB/4.7 GB                  \u001b[K\u001b[?25h\u001b[?2026l\u001b[?2026h\u001b[?25l\u001b[A\u001b[1Gpulling manifest \u001b[K\n"}
,{"stream_name":"stderr","time":65.461363172,"data":"pulling 60e05f210007:  78% ▕██████████████    ▏ 3.7 GB/4.7 GB                  \u001b[K\u001b[?25h\u001b[?2026l\u001b[?2026h\u001b[?25l\u001b[A\u001b[1Gpulling manifest \u001b[K\n"}
,{"stream_name":"stderr","time":65.562555941,"data":"pulling 60e05f210007:  79% ▕██████████████    ▏ 3.7 GB/4.7 GB                  \u001b[K\u001b[?25h\u001b[?2026l\u001b[?2026h\u001b[?25l\u001b[A\u001b[1Gpulling manifest \u001b[K\n"}
,{"stream_name":"stderr","time":65.660429399,"data":"pulling 60e05f210007:  80% ▕██████████████    ▏ 3.7 GB/4.7 GB                  \u001b[K\u001b[?25h\u001b[?2026l\u001b[?2026h\u001b[?25l\u001b[A\u001b[1Gpulling manifest \u001b[K\n"}
,{"stream_name":"stderr","time":65.761123912,"data":"pulling 60e05f210007:  81% ▕██████████████    ▏ 3.8 GB/4.7 GB                  \u001b[K\u001b[?25h\u001b[?2026l\u001b[?2026h\u001b[?25l\u001b[A\u001b[1Gpulling manifest \u001b[K\n"}
,{"stream_name":"stderr","time":65.860667273,"data":"pulling 60e05f210007:  81% ▕██████████████    ▏ 3.8 GB/4.7 GB   22 MB/s     39s\u001b[K\u001b[?25h\u001b[?2026l\u001b[?2026h\u001b[?25l\u001b[A\u001b[1Gpulling manifest \u001b[K\n"}
,{"stream_name":"stderr","time":65.960813925,"data":"pulling 60e05f210007:  82% ▕██████████████    ▏ 3.8 GB/4.7 GB   22 MB/s     38s\u001b[K\u001b[?25h\u001b[?2026l\u001b[?2026h\u001b[?25l\u001b[A\u001b[1Gpulling manifest \u001b[K\n"}
,{"stream_name":"stderr","time":66.061265022,"data":"pulling 60e05f210007:  82% ▕██████████████    ▏ 3.8 GB/4.7 GB   22 MB/s     37s\u001b[K\u001b[?25h\u001b[?2026l\u001b[?2026h\u001b[?25l\u001b[A\u001b[1Gpulling manifest \u001b[K\n"}
,{"stream_name":"stderr","time":66.161760483,"data":"pulling 60e05f210007:  83% ▕██████████████    ▏ 3.9 GB/4.7 GB   22 MB/s     35s\u001b[K\u001b[?25h\u001b[?2026l\u001b[?2026h\u001b[?25l\u001b[A\u001b[1Gpulling manifest \u001b[K\n"}
,{"stream_name":"stderr","time":66.262490335,"data":"pulling 60e05f210007:  83% ▕██████████████    ▏ 3.9 GB/4.7 GB   22 MB/s     34s\u001b[K\u001b[?25h\u001b[?2026l\u001b[?2026h\u001b[?25l\u001b[A\u001b[1Gpulling manifest \u001b[K\n"}
,{"stream_name":"stderr","time":66.360357853,"data":"pulling 60e05f210007:  84% ▕███████████████   ▏ 3.9 GB/4.7 GB   22 MB/s     33s\u001b[K\u001b[?25h\u001b[?2026l\u001b[?2026h\u001b[?25l\u001b[A\u001b[1Gpulling manifest \u001b[K\n"}
,{"stream_name":"stderr","time":66.460471468,"data":"pulling 60e05f210007:  85% ▕███████████████   ▏ 4.0 GB/4.7 GB   22 MB/s     32s\u001b[K\u001b[?25h\u001b[?2026l\u001b[?2026h\u001b[?25l\u001b[A\u001b[1Gpulling manifest \u001b[K\n"}
,{"stream_name":"stderr","time":66.560701468,"data":"pulling 60e05f210007:  85% ▕███████████████   ▏ 4.0 GB/4.7 GB   22 MB/s     31s\u001b[K\u001b[?25h\u001b[?2026l\u001b[?2026h\u001b[?25l\u001b[A\u001b[1Gpulling manifest \u001b[K\n"}
,{"stream_name":"stderr","time":66.660981271,"data":"pulling 60e05f210007:  86% ▕███████████████   ▏ 4.0 GB/4.7 GB   22 MB/s     29s\u001b[K\u001b[?25h\u001b[?2026l\u001b[?2026h\u001b[?25l\u001b[A\u001b[1Gpulling manifest \u001b[K\n"}
,{"stream_name":"stderr","time":66.761764817,"data":"pulling 60e05f210007:  86% ▕███████████████   ▏ 4.0 GB/4.7 GB   22 MB/s     28s\u001b[K\u001b[?25h\u001b[?2026l\u001b[?2026h\u001b[?25l\u001b[A\u001b[1Gpulling manifest \u001b[K\n"}
,{"stream_name":"stderr","time":66.861011877,"data":"pulling 60e05f210007:  86% ▕███████████████   ▏ 4.0 GB/4.7 GB   22 MB/s     28s\u001b[K\u001b[?25h\u001b[?2026l\u001b[?2026h\u001b[?25l\u001b[A\u001b[1Gpulling manifest \u001b[K\n"}
,{"stream_name":"stderr","time":66.960726271,"data":"pulling 60e05f210007:  87% ▕███████████████   ▏ 4.1 GB/4.7 GB   51 MB/s     11s\u001b[K\u001b[?25h\u001b[?2026l\u001b[?2026h\u001b[?25l\u001b[A\u001b[1Gpulling manifest \u001b[K\n"}
,{"stream_name":"stderr","time":67.062271685,"data":"pulling 60e05f210007:  88% ▕███████████████   ▏ 4.1 GB/4.7 GB   51 MB/s     11s\u001b[K\u001b[?25h\u001b[?2026l\u001b[?2026h\u001b[?25l\u001b[A\u001b[1Gpulling manifest \u001b[K\n"}
,{"stream_name":"stderr","time":67.159851663,"data":"pulling 60e05f210007:  88% ▕███████████████   ▏ 4.1 GB/4.7 GB   51 MB/s     10s\u001b[K\u001b[?25h\u001b[?2026l\u001b[?2026h\u001b[?25l\u001b[A\u001b[1Gpulling manifest \u001b[K\n"}
,{"stream_name":"stderr","time":67.260242335,"data":"pulling 60e05f210007:  89% ▕███████████████   ▏ 4.2 GB/4.7 GB   51 MB/s     10s\u001b[K\u001b[?25h\u001b[?2026l\u001b[?2026h\u001b[?25l\u001b[A\u001b[1Gpulling manifest \u001b[K\n"}
,{"stream_name":"stderr","time":67.360302453,"data":"pulling 60e05f210007:  89% ▕████████████████  ▏ 4.2 GB/4.7 GB   51 MB/s      9s\u001b[K\u001b[?25h\u001b[?2026l\u001b[?2026h\u001b[?25l\u001b[A\u001b[1Gpulling manifest \u001b[K\n"}
,{"stream_name":"stderr","time":67.459815682,"data":"pulling 60e05f210007:  90% ▕████████████████  ▏ 4.2 GB/4.7 GB   51 MB/s      9s\u001b[K\u001b[?25h\u001b[?2026l\u001b[?2026h\u001b[?25l\u001b[A\u001b[1Gpulling manifest \u001b[K\n"}
,{"stream_name":"stderr","time":67.560097128,"data":"pulling 60e05f210007:  90% ▕████████████████  ▏ 4.2 GB/4.7 GB   51 MB/s      8s\u001b[K\u001b[?25h\u001b[?2026l\u001b[?2026h\u001b[?25l\u001b[A\u001b[1Gpulling manifest \u001b[K\n"}
,{"stream_name":"stderr","time":67.660131711,"data":"pulling 60e05f210007:  91% ▕████████████████  ▏ 4.3 GB/4.7 GB   51 MB/s      8s\u001b[K\u001b[?25h\u001b[?2026l\u001b[?2026h\u001b[?25l\u001b[A\u001b[1Gpulling manifest \u001b[K\n"}
,{"stream_name":"stderr","time":67.760114075,"data":"pulling 60e05f210007:  91% ▕████████████████  ▏ 4.3 GB/4.7 GB   51 MB/s      8s\u001b[K\u001b[?25h\u001b[?2026l\u001b[?2026h\u001b[?25l\u001b[A\u001b[1Gpulling manifest \u001b[K\n"}
,{"stream_name":"stderr","time":67.861135224,"data":"pulling 60e05f210007:  92% ▕████████████████  ▏ 4.3 GB/4.7 GB   51 MB/s      7s\u001b[K\u001b[?25h\u001b[?2026l\u001b[?2026h\u001b[?25l\u001b[A\u001b[1Gpulling manifest \u001b[K\n"}
,{"stream_name":"stderr","time":67.960147211,"data":"pulling 60e05f210007:  92% ▕████████████████  ▏ 4.3 GB/4.7 GB   77 MB/s      4s\u001b[K\u001b[?25h\u001b[?2026l\u001b[?2026h\u001b[?25l\u001b[A\u001b[1Gpulling manifest \u001b[K\n"}
,{"stream_name":"stderr","time":68.060655097,"data":"pulling 60e05f210007:  92% ▕████████████████  ▏ 4.3 GB/4.7 GB   77 MB/s      4s\u001b[K\u001b[?25h\u001b[?2026l\u001b[?2026h\u001b[?25l\u001b[A\u001b[1Gpulling manifest \u001b[K\n"}
,{"stream_name":"stderr","time":68.160366202,"data":"pulling 60e05f210007:  92% ▕████████████████  ▏ 4.3 GB/4.7 GB   77 MB/s      4s\u001b[K\u001b[?25h\u001b[?2026l\u001b[?2026h\u001b[?25l\u001b[A\u001b[1Gpulling manifest \u001b[K\n"}
,{"stream_name":"stderr","time":68.26077007,"data":"pulling 60e05f210007:  92% ▕████████████████  ▏ 4.3 GB/4.7 GB   77 MB/s      4s\u001b[K\u001b[?25h\u001b[?2026l\u001b[?2026h\u001b[?25l\u001b[A\u001b[1Gpulling manifest \u001b[K\n"}
,{"stream_name":"stderr","time":68.360227015,"data":"pulling 60e05f210007:  92% ▕████████████████  ▏ 4.3 GB/4.7 GB   77 MB/s      4s\u001b[K\u001b[?25h\u001b[?2026l\u001b[?2026h\u001b[?25l\u001b[A\u001b[1Gpulling manifest \u001b[K\n"}
,{"stream_name":"stderr","time":68.459946694,"data":"pulling 60e05f210007:  92% ▕████████████████  ▏ 4.3 GB/4.7 GB   77 MB/s      4s\u001b[K\u001b[?25h\u001b[?2026l\u001b[?2026h\u001b[?25l\u001b[A\u001b[1Gpulling manifest \u001b[K\n"}
,{"stream_name":"stderr","time":68.56040044,"data":"pulling 60e05f210007:  92% ▕████████████████  ▏ 4.3 GB/4.7 GB   77 MB/s      4s\u001b[K\u001b[?25h\u001b[?2026l\u001b[?2026h\u001b[?25l\u001b[A\u001b[1Gpulling manifest \u001b[K\n"}
,{"stream_name":"stderr","time":68.660862278,"data":"pulling 60e05f210007:  92% ▕████████████████  ▏ 4.3 GB/4.7 GB   77 MB/s      4s\u001b[K\u001b[?25h\u001b[?2026l\u001b[?2026h\u001b[?25l\u001b[A\u001b[1Gpulling manifest \u001b[K\n"}
,{"stream_name":"stderr","time":68.760635741,"data":"pulling 60e05f210007:  92% ▕████████████████  ▏ 4.3 GB/4.7 GB   77 MB/s      4s\u001b[K\u001b[?25h\u001b[?2026l\u001b[?2026h\u001b[?25l\u001b[A\u001b[1Gpulling manifest \u001b[K\n"}
,{"stream_name":"stderr","time":68.865629768,"data":"pulling 60e05f210007:  92% ▕████████████████  ▏ 4.3 GB/4.7 GB   77 MB/s      4s\u001b[K\u001b[?25h\u001b[?2026l\u001b[?2026h\u001b[?25l\u001b[A\u001b[1Gpulling manifest \u001b[K\n"}
,{"stream_name":"stderr","time":68.962182969,"data":"pulling 60e05f210007:  92% ▕████████████████  ▏ 4.3 GB/4.7 GB   77 MB/s      4s\u001b[K\u001b[?25h\u001b[?2026l\u001b[?2026h\u001b[?25l\u001b[A\u001b[1Gpulling manifest \u001b[K\n"}
,{"stream_name":"stderr","time":69.060086529,"data":"pulling 60e05f210007:  92% ▕████████████████  ▏ 4.3 GB/4.7 GB   77 MB/s      4s\u001b[K\u001b[?25h\u001b[?2026l\u001b[?2026h\u001b[?25l\u001b[A\u001b[1Gpulling manifest \u001b[K\n"}
,{"stream_name":"stderr","time":69.161466839,"data":"pulling 60e05f210007:  93% ▕████████████████  ▏ 4.3 GB/4.7 GB   77 MB/s      4s\u001b[K\u001b[?25h\u001b[?2026l\u001b[?2026h\u001b[?25l\u001b[A\u001b[1Gpulling manifest \u001b[K\n"}
,{"stream_name":"stderr","time":69.264119553,"data":"pulling 60e05f210007:  93% ▕████████████████  ▏ 4.3 GB/4.7 GB   77 MB/s      4s\u001b[K\u001b[?25h\u001b[?2026l\u001b[?2026h\u001b[?25l\u001b[A\u001b[1Gpulling manifest \u001b[K\n"}
,{"stream_name":"stderr","time":69.362218851,"data":"pulling 60e05f210007:  93% ▕████████████████  ▏ 4.4 GB/4.7 GB   77 MB/s      4s\u001b[K\u001b[?25h\u001b[?2026l\u001b[?2026h\u001b[?25l\u001b[A\u001b[1Gpulling manifest \u001b[K\n"}
,{"stream_name":"stderr","time":69.459888895,"data":"pulling 60e05f210007:  94% ▕████████████████  ▏ 4.4 GB/4.7 GB   77 MB/s      3s\u001b[K\u001b[?25h\u001b[?2026l\u001b[?2026h\u001b[?25l\u001b[A\u001b[1Gpulling manifest \u001b[K\n"}
,{"stream_name":"stderr","time":69.561518584,"data":"pulling 60e05f210007:  94% ▕████████████████  ▏ 4.4 GB/4.7 GB   77 MB/s      3s\u001b[K\u001b[?25h\u001b[?2026l\u001b[?2026h\u001b[?25l\u001b[A\u001b[1Gpulling manifest \u001b[K\n"}
,{"stream_name":"stderr","time":69.66029635,"data":"pulling 60e05f210007:  94% ▕████████████████  ▏ 4.4 GB/4.7 GB   77 MB/s      3s\u001b[K\u001b[?25h\u001b[?2026l\u001b[?2026h\u001b[?25l\u001b[A\u001b[1Gpulling manifest \u001b[K\n"}
,{"stream_name":"stderr","time":69.760794851,"data":"pulling 60e05f210007:  95% ▕█████████████████ ▏ 4.4 GB/4.7 GB   77 MB/s      3s\u001b[K\u001b[?25h\u001b[?2026l\u001b[?2026h\u001b[?25l\u001b[A\u001b[1Gpulling manifest \u001b[K\n"}
,{"stream_name":"stderr","time":69.860371284,"data":"pulling 60e05f210007:  95% ▕█████████████████ ▏ 4.5 GB/4.7 GB   77 MB/s      2s\u001b[K\u001b[?25h\u001b[?2026l\u001b[?2026h\u001b[?25l\u001b[A\u001b[1Gpulling manifest \u001b[K\n"}
,{"stream_name":"stderr","time":69.960038734,"data":"pulling 60e05f210007:  95% ▕█████████████████ ▏ 4.5 GB/4.7 GB   95 MB/s      2s\u001b[K\u001b[?25h\u001b[?2026l\u001b[?2026h\u001b[?25l\u001b[A\u001b[1Gpulling manifest \u001b[K\n"}
,{"stream_name":"stderr","time":70.059950496,"data":"pulling 60e05f210007:  96% ▕█████████████████ ▏ 4.5 GB/4.7 GB   95 MB/s      2s\u001b[K\u001b[?25h\u001b[?2026l\u001b[?2026h\u001b[?25l\u001b[A\u001b[1Gpulling manifest \u001b[K\n"}
,{"stream_name":"stderr","time":70.160290579,"data":"pulling 60e05f210007:  96% ▕█████████████████ ▏ 4.5 GB/4.7 GB   95 MB/s      2s\u001b[K\u001b[?25h\u001b[?2026l\u001b[?2026h\u001b[?25l\u001b[A\u001b[1Gpulling manifest \u001b[K\n"}
,{"stream_name":"stderr","time":70.260119506,"data":"pulling 60e05f210007:  96% ▕█████████████████ ▏ 4.5 GB/4.7 GB   95 MB/s      1s\u001b[K\u001b[?25h\u001b[?2026l\u001b[?2026h\u001b[?25l\u001b[A\u001b[1Gpulling manifest \u001b[K\n"}
,{"stream_name":"stderr","time":70.360344072,"data":"pulling 60e05f210007:  97% ▕█████████████████ ▏ 4.5 GB/4.7 GB   95 MB/s      1s\u001b[K\u001b[?25h\u001b[?2026l\u001b[?2026h\u001b[?25l\u001b[A\u001b[1Gpulling manifest \u001b[K\n"}
,{"stream_name":"stderr","time":70.46051602,"data":"pulling 60e05f210007:  97% ▕█████████████████ ▏ 4.5 GB/4.7 GB   95 MB/s      1s\u001b[K\u001b[?25h\u001b[?2026l\u001b[?2026h\u001b[?25l\u001b[A\u001b[1Gpulling manifest \u001b[K\n"}
,{"stream_name":"stderr","time":70.560295223,"data":"pulling 60e05f210007:  97% ▕█████████████████ ▏ 4.5 GB/4.7 GB   95 MB/s      1s\u001b[K\u001b[?25h\u001b[?2026l\u001b[?2026h\u001b[?25l\u001b[A\u001b[1Gpulling manifest \u001b[K\n"}
,{"stream_name":"stderr","time":70.660321897,"data":"pulling 60e05f210007:  97% ▕█████████████████ ▏ 4.5 GB/4.7 GB   95 MB/s      1s\u001b[K\u001b[?25h\u001b[?2026l\u001b[?2026h\u001b[?25l\u001b[A\u001b[1Gpulling manifest \u001b[K\n"}
,{"stream_name":"stderr","time":70.76081191,"data":"pulling 60e05f210007:  97% ▕█████████████████ ▏ 4.5 GB/4.7 GB   95 MB/s      1s\u001b[K\u001b[?25h\u001b[?2026l\u001b[?2026h\u001b[?25l\u001b[A\u001b[1Gpulling manifest \u001b[K\n"}
,{"stream_name":"stderr","time":70.86013004,"data":"pulling 60e05f210007:  97% ▕█████████████████ ▏ 4.6 GB/4.7 GB   95 MB/s      1s\u001b[K\u001b[?25h\u001b[?2026l\u001b[?2026h\u001b[?25l\u001b[A\u001b[1Gpulling manifest \u001b[K\n"}
,{"stream_name":"stderr","time":70.96080044,"data":"pulling 60e05f210007:  97% ▕█████████████████ ▏ 4.6 GB/4.7 GB  106 MB/s      1s\u001b[K\u001b[?25h\u001b[?2026l\u001b[?2026h\u001b[?25l\u001b[A\u001b[1Gpulling manifest \u001b[K\n"}
,{"stream_name":"stderr","time":71.060699962,"data":"pulling 60e05f210007:  98% ▕█████████████████ ▏ 4.6 GB/4.7 GB  106 MB/s      1s\u001b[K\u001b[?25h\u001b[?2026l\u001b[?2026h\u001b[?25l\u001b[A\u001b[1Gpulling manifest \u001b[K\n"}
,{"stream_name":"stderr","time":71.160112041,"data":"pulling 60e05f210007:  98% ▕█████████████████ ▏ 4.6 GB/4.7 GB  106 MB/s      1s\u001b[K\u001b[?25h\u001b[?2026l\u001b[?2026h\u001b[?25l\u001b[A\u001b[1Gpulling manifest \u001b[K\n"}
,{"stream_name":"stderr","time":71.260850817,"data":"pulling 60e05f210007:  98% ▕█████████████████ ▏ 4.6 GB/4.7 GB  106 MB/s      0s\u001b[K\u001b[?25h\u001b[?2026l\u001b[?2026h\u001b[?25l\u001b[A\u001b[1Gpulling manifest \u001b[K\n"}
,{"stream_name":"stderr","time":71.360854811,"data":"pulling 60e05f210007:  98% ▕█████████████████ ▏ 4.6 GB/4.7 GB  106 MB/s      0s\u001b[K\u001b[?25h\u001b[?2026l\u001b[?2026h\u001b[?25l\u001b[A\u001b[1Gpulling manifest \u001b[K\n"}
,{"stream_name":"stderr","time":71.459911992,"data":"pulling 60e05f210007:  98% ▕█████████████████ ▏ 4.6 GB/4.7 GB  106 MB/s      0s\u001b[K\u001b[?25h\u001b[?2026l\u001b[?2026h\u001b[?25l\u001b[A\u001b[1Gpulling manifest \u001b[K\n"}
,{"stream_name":"stderr","time":71.560518317,"data":"pulling 60e05f210007:  98% ▕█████████████████ ▏ 4.6 GB/4.7 GB  106 MB/s      0s\u001b[K\u001b[?25h\u001b[?2026l\u001b[?2026h\u001b[?25l\u001b[A\u001b[1Gpulling manifest \u001b[K\n"}
,{"stream_name":"stderr","time":71.660265613,"data":"pulling 60e05f210007:  98% ▕█████████████████ ▏ 4.6 GB/4.7 GB  106 MB/s      0s\u001b[K\u001b[?25h\u001b[?2026l\u001b[?2026h\u001b[?25l\u001b[A\u001b[1Gpulling manifest \u001b[K\n"}
,{"stream_name":"stderr","time":71.759882398,"data":"pulling 60e05f210007:  98% ▕█████████████████ ▏ 4.6 GB/4.7 GB  106 MB/s      0s\u001b[K\u001b[?25h\u001b[?2026l\u001b[?2026h\u001b[?25l\u001b[A\u001b[1Gpulling manifest \u001b[K\n"}
,{"stream_name":"stderr","time":71.86203294,"data":"pulling 60e05f210007:  98% ▕█████████████████ ▏ 4.6 GB/4.7 GB  106 MB/s      0s\u001b[K\u001b[?25h\u001b[?2026l\u001b[?2026h\u001b[?25l\u001b[A\u001b[1Gpulling manifest \u001b[K\n"}
,{"stream_name":"stderr","time":71.960275657,"data":"pulling 60e05f210007:  98% ▕█████████████████ ▏ 4.6 GB/4.7 GB  106 MB/s      0s\u001b[K\u001b[?25h\u001b[?2026l\u001b[?2026h\u001b[?25l\u001b[A\u001b[1Gpulling manifest \u001b[K\n"}
,{"stream_name":"stderr","time":72.05992142,"data":"pulling 60e05f210007:  99% ▕█████████████████ ▏ 4.6 GB/4.7 GB  112 MB/s      0s\u001b[K\u001b[?25h\u001b[?2026l\u001b[?2026h\u001b[?25l\u001b[A\u001b[1Gpulling manifest \u001b[K\n"}
,{"stream_name":"stderr","time":72.160453639,"data":"pulling 60e05f210007:  99% ▕█████████████████ ▏ 4.6 GB/4.7 GB  112 MB/s      0s\u001b[K\u001b[?25h\u001b[?2026l\u001b[?2026h\u001b[?25l\u001b[A\u001b[1Gpulling manifest \u001b[K\n"}
,{"stream_name":"stderr","time":72.260232524,"data":"pulling 60e05f210007:  99% ▕█████████████████ ▏ 4.6 GB/4.7 GB  112 MB/s      0s\u001b[K\u001b[?25h\u001b[?2026l\u001b[?2026h\u001b[?25l\u001b[A\u001b[1Gpulling manifest \u001b[K\n"}
,{"stream_name":"stderr","time":72.360683585,"data":"pulling 60e05f210007:  99% ▕█████████████████ ▏ 4.6 GB/4.7 GB  112 MB/s      0s\u001b[K\u001b[?25h\u001b[?2026l\u001b[?2026h\u001b[?25l\u001b[A\u001b[1Gpulling manifest \u001b[K\n"}
,{"stream_name":"stderr","time":72.459866578,"data":"pulling 60e05f210007:  99% ▕█████████████████ ▏ 4.6 GB/4.7 GB  112 MB/s      0s\u001b[K\u001b[?25h\u001b[?2026l\u001b[?2026h\u001b[?25l\u001b[A\u001b[1Gpulling manifest \u001b[K\n"}
,{"stream_name":"stderr","time":72.560698233,"data":"pulling 60e05f210007:  99% ▕█████████████████ ▏ 4.6 GB/4.7 GB  112 MB/s      0s\u001b[K\u001b[?25h\u001b[?2026l\u001b[?2026h\u001b[?25l\u001b[A\u001b[1Gpulling manifest \u001b[K\n"}
,{"stream_name":"stderr","time":72.660295749,"data":"pulling 60e05f210007:  99% ▕█████████████████ ▏ 4.6 GB/4.7 GB  112 MB/s      0s\u001b[K\u001b[?25h\u001b[?2026l\u001b[?2026h\u001b[?25l\u001b[A\u001b[1Gpulling manifest \u001b[K\n"}
,{"stream_name":"stderr","time":72.760712228,"data":"pulling 60e05f210007:  99% ▕█████████████████ ▏ 4.6 GB/4.7 GB  112 MB/s      0s\u001b[K\u001b[?25h\u001b[?2026l\u001b[?2026h\u001b[?25l\u001b[A\u001b[1Gpulling manifest \u001b[K\n"}
,{"stream_name":"stderr","time":72.860286869,"data":"pulling 60e05f210007:  99% ▕█████████████████ ▏ 4.6 GB/4.7 GB  112 MB/s      0s\u001b[K\u001b[?25h\u001b[?2026l\u001b[?2026h\u001b[?25l\u001b[A\u001b[1Gpulling manifest \u001b[K\n"}
,{"stream_name":"stderr","time":72.959994868,"data":"pulling 60e05f210007:  99% ▕█████████████████ ▏ 4.6 GB/4.7 GB  112 MB/s      0s\u001b[K\u001b[?25h\u001b[?2026l\u001b[?2026h\u001b[?25l\u001b[A\u001b[1Gpulling manifest \u001b[K\n"}
,{"stream_name":"stderr","time":73.060153575,"data":"pulling 60e05f210007:  99% ▕█████████████████ ▏ 4.6 GB/4.7 GB  113 MB/s      0s\u001b[K\u001b[?25h\u001b[?2026l\u001b[?2026h\u001b[?25l\u001b[A\u001b[1Gpulling manifest \u001b[K\n"}
,{"stream_name":"stderr","time":73.160311529,"data":"pulling 60e05f210007:  99% ▕█████████████████ ▏ 4.6 GB/4.7 GB  113 MB/s      0s\u001b[K\u001b[?25h\u001b[?2026l\u001b[?2026h\u001b[?25l\u001b[A\u001b[1Gpulling manifest \u001b[K\n"}
,{"stream_name":"stderr","time":73.260663849,"data":"pulling 60e05f210007:  99% ▕█████████████████ ▏ 4.6 GB/4.7 GB  113 MB/s      0s\u001b[K\u001b[?25h\u001b[?2026l\u001b[?2026h\u001b[?25l\u001b[A\u001b[1Gpulling manifest \u001b[K\n"}
,{"stream_name":"stderr","time":73.360179709,"data":"pulling 60e05f210007:  99% ▕█████████████████ ▏ 4.6 GB/4.7 GB  113 MB/s      0s\u001b[K\u001b[?25h\u001b[?2026l\u001b[?2026h\u001b[?25l\u001b[A\u001b[1Gpulling manifest \u001b[K\n"}
,{"stream_name":"stderr","time":73.460560099,"data":"pulling 60e05f210007:  99% ▕█████████████████ ▏ 4.6 GB/4.7 GB  113 MB/s      0s\u001b[K\u001b[?25h\u001b[?2026l\u001b[?2026h\u001b[?25l\u001b[A\u001b[1Gpulling manifest \u001b[K\n"}
,{"stream_name":"stderr","time":73.560244449,"data":"pulling 60e05f210007:  99% ▕█████████████████ ▏ 4.6 GB/4.7 GB  113 MB/s      0s\u001b[K\u001b[?25h\u001b[?2026l\u001b[?2026h\u001b[?25l\u001b[A\u001b[1Gpulling manifest \u001b[K\n"}
,{"stream_name":"stderr","time":73.660768599,"data":"pulling 60e05f210007:  99% ▕█████████████████ ▏ 4.6 GB/4.7 GB  113 MB/s      0s\u001b[K\u001b[?25h\u001b[?2026l\u001b[?2026h\u001b[?25l\u001b[A\u001b[1Gpulling manifest \u001b[K\n"}
,{"stream_name":"stderr","time":73.760249581,"data":"pulling 60e05f210007:  99% ▕█████████████████ ▏ 4.6 GB/4.7 GB  113 MB/s      0s\u001b[K\u001b[?25h\u001b[?2026l\u001b[?2026h\u001b[?25l\u001b[A\u001b[1Gpulling manifest \u001b[K\n"}
,{"stream_name":"stderr","time":73.860659588,"data":"pulling 60e05f210007:  99% ▕█████████████████ ▏ 4.7 GB/4.7 GB  113 MB/s      0s\u001b[K\u001b[?25h\u001b[?2026l\u001b[?2026h\u001b[?25l\u001b[A\u001b[1Gpulling manifest \u001b[K\n"}
,{"stream_name":"stderr","time":73.960342326,"data":"pulling 60e05f210007:  99% ▕█████████████████ ▏ 4.7 GB/4.7 GB  113 MB/s      0s\u001b[K\u001b[?25h\u001b[?2026l\u001b[?2026h\u001b[?25l\u001b[A\u001b[1Gpulling manifest \u001b[K\n"}
,{"stream_name":"stderr","time":74.0600991,"data":"pulling 60e05f210007:  99% ▕█████████████████ ▏ 4.7 GB/4.7 GB  117 MB/s      0s\u001b[K\u001b[?25h\u001b[?2026l\u001b[?2026h\u001b[?25l\u001b[A\u001b[1Gpulling manifest \u001b[K\n"}
,{"stream_name":"stderr","time":74.160141475,"data":"pulling 60e05f210007: 100% ▕█████████████████ ▏ 4.7 GB/4.7 GB  117 MB/s      0s\u001b[K\u001b[?25h\u001b[?2026l\u001b[?2026h\u001b[?25l\u001b[A\u001b[1Gpulling manifest \u001b[K\n"}
,{"stream_name":"stderr","time":74.260425931,"data":"pulling 60e05f210007: 100% ▕█████████████████ ▏ 4.7 GB/4.7 GB  117 MB/s      0s\u001b[K\u001b[?25h\u001b[?2026l\u001b[?2026h\u001b[?25l\u001b[A\u001b[1Gpulling manifest \u001b[K\n"}
,{"stream_name":"stderr","time":74.360781845,"data":"pulling 60e05f210007: 100% ▕█████████████████ ▏ 4.7 GB/4.7 GB  117 MB/s      0s\u001b[K\u001b[?25h\u001b[?2026l\u001b[?2026h\u001b[?25l\u001b[A\u001b[1Gpulling manifest \u001b[K\n"}
,{"stream_name":"stderr","time":74.460190848,"data":"pulling 60e05f210007: 100% ▕█████████████████ ▏ 4.7 GB/4.7 GB  117 MB/s      0s\u001b[K\u001b[?25h\u001b[?2026l\u001b[?2026h\u001b[?25l\u001b[A\u001b[1Gpulling manifest \u001b[K\n"}
,{"stream_name":"stderr","time":74.560220741,"data":"pulling 60e05f210007: 100% ▕█████████████████ ▏ 4.7 GB/4.7 GB  117 MB/s      0s\u001b[K\u001b[?25h\u001b[?2026l\u001b[?2026h\u001b[?25l\u001b[A\u001b[1Gpulling manifest \u001b[K\n"}
,{"stream_name":"stderr","time":74.660871899,"data":"pulling 60e05f210007: 100% ▕█████████████████ ▏ 4.7 GB/4.7 GB  117 MB/s      0s\u001b[K\u001b[?25h\u001b[?2026l\u001b[?2026h\u001b[?25l\u001b[A\u001b[1Gpulling manifest \u001b[K\n"}
,{"stream_name":"stderr","time":74.760370031,"data":"pulling 60e05f210007: 100% ▕█████████████████ ▏ 4.7 GB/4.7 GB  117 MB/s      0s\u001b[K\u001b[?25h\u001b[?2026l\u001b[?2026h\u001b[?25l\u001b[A\u001b[1Gpulling manifest \u001b[K\n"}
,{"stream_name":"stderr","time":74.860682928,"data":"pulling 60e05f210007: 100% ▕█████████████████ ▏ 4.7 GB/4.7 GB  117 MB/s      0s\u001b[K\u001b[?25h\u001b[?2026l\u001b[?2026h\u001b[?25l\u001b[A\u001b[1Gpulling manifest \u001b[K\n"}
,{"stream_name":"stderr","time":74.959945699,"data":"pulling 60e05f210007: 100% ▕█████████████████ ▏ 4.7 GB/4.7 GB  117 MB/s      0s\u001b[K\u001b[?25h\u001b[?2026l\u001b[?2026h\u001b[?25l\u001b[A\u001b[1Gpulling manifest \u001b[K\n"}
,{"stream_name":"stderr","time":75.060214955,"data":"pulling 60e05f210007: 100% ▕█████████████████ ▏ 4.7 GB/4.7 GB  117 MB/s      0s\u001b[K\u001b[?25h\u001b[?2026l\u001b[?2026h\u001b[?25l\u001b[A\u001b[1Gpulling manifest \u001b[K\n"}
,{"stream_name":"stderr","time":75.16070136,"data":"pulling 60e05f210007: 100% ▕█████████████████ ▏ 4.7 GB/4.7 GB  117 MB/s      0s\u001b[K\u001b[?25h\u001b[?2026l\u001b[?2026h\u001b[?25l\u001b[A\u001b[1Gpulling manifest \u001b[K\n"}
,{"stream_name":"stderr","time":75.259929878,"data":"pulling 60e05f210007: 100% ▕█████████████████ ▏ 4.7 GB/4.7 GB  117 MB/s      0s\u001b[K\u001b[?25h\u001b[?2026l\u001b[?2026h\u001b[?25l\u001b[A\u001b[1Gpulling manifest \u001b[K\n"}
,{"stream_name":"stderr","time":75.360279409,"data":"pulling 60e05f210007: 100% ▕█████████████████ ▏ 4.7 GB/4.7 GB  117 MB/s      0s\u001b[K\u001b[?25h\u001b[?2026l\u001b[?2026h\u001b[?25l\u001b[A\u001b[1Gpulling manifest \u001b[K\n"}
,{"stream_name":"stderr","time":75.460727772,"data":"pulling 60e05f210007: 100% ▕█████████████████ ▏ 4.7 GB/4.7 GB  117 MB/s      0s\u001b[K\u001b[?25h\u001b[?2026l\u001b[?2026h\u001b[?25l\u001b[A\u001b[1Gpulling manifest \u001b[K\n"}
,{"stream_name":"stderr","time":75.559897145,"data":"pulling 60e05f210007: 100% ▕█████████████████ ▏ 4.7 GB/4.7 GB  117 MB/s      0s\u001b[K\u001b[?25h\u001b[?2026l\u001b[?2026h\u001b[?25l\u001b[A\u001b[1Gpulling manifest \u001b[K\n"}
,{"stream_name":"stderr","time":75.660216781,"data":"pulling 60e05f210007: 100% ▕█████████████████ ▏ 4.7 GB/4.7 GB  117 MB/s      0s\u001b[K\u001b[?25h\u001b[?2026l\u001b[?2026h\u001b[?25l\u001b[A\u001b[1Gpulling manifest \u001b[K\n"}
,{"stream_name":"stderr","time":75.760387674,"data":"pulling 60e05f210007: 100% ▕█████████████████ ▏ 4.7 GB/4.7 GB  117 MB/s      0s\u001b[K\u001b[?25h\u001b[?2026l\u001b[?2026h\u001b[?25l\u001b[A\u001b[1Gpulling manifest \u001b[K\n"}
,{"stream_name":"stderr","time":75.859866498,"data":"pulling 60e05f210007: 100% ▕█████████████████ ▏ 4.7 GB/4.7 GB  117 MB/s      0s\u001b[K\u001b[?25h\u001b[?2026l\u001b[?2026h\u001b[?25l\u001b[A\u001b[1Gpulling manifest \u001b[K\n"}
,{"stream_name":"stderr","time":75.859924985,"data":"pulling 60e05f210007: 100% ▕█████████████████ ▏ 4.7 GB/4.7 GB  117 MB/s      0s\u001b[K\n"}
,{"stream_name":"stderr","time":75.960224089,"data":"pulling d9bb33f27869: 100% ▕██████████████████▏  487 B                         \u001b[K\u001b[?25h\u001b[?2026l\u001b[?2026h\u001b[?25l\u001b[A\u001b[A\u001b[1Gpulling manifest \u001b[K\n"}
,{"stream_name":"stderr","time":75.960271511,"data":"pulling 60e05f210007: 100% ▕█████████████████ ▏ 4.7 GB/4.7 GB  117 MB/s      0s\u001b[K\n"}
,{"stream_name":"stderr","time":76.060791887,"data":"pulling d9bb33f27869: 100% ▕██████████████████▏  487 B                         \u001b[K\u001b[?25h\u001b[?2026l\u001b[?2026h\u001b[?25l\u001b[A\u001b[A\u001b[1Gpulling manifest \u001b[K\n"}
,{"stream_name":"stderr","time":76.060830199,"data":"pulling 60e05f210007: 100% ▕█████████████████ ▏ 4.7 GB/4.7 GB  117 MB/s      0s\u001b[K\n"}
,{"stream_name":"stderr","time":76.160484177,"data":"pulling d9bb33f27869: 100% ▕██████████████████▏  487 B                         \u001b[K\u001b[?25h\u001b[?2026l\u001b[?2026h\u001b[?25l\u001b[A\u001b[A\u001b[1Gpulling manifest \u001b[K\n"}
,{"stream_name":"stderr","time":76.160532227,"data":"pulling 60e05f210007: 100% ▕█████████████████ ▏ 4.7 GB/4.7 GB  117 MB/s      0s\u001b[K\n"}
,{"stream_name":"stderr","time":76.260752043,"data":"pulling d9bb33f27869: 100% ▕██████████████████▏  487 B                         \u001b[K\u001b[?25h\u001b[?2026l\u001b[?2026h\u001b[?25l\u001b[A\u001b[A\u001b[1Gpulling manifest \u001b[K\n"}
,{"stream_name":"stderr","time":79.086483913,"data":"pulling 60e05f210007: 100% ▕█████████████████ ▏ 4.7 GB/4.7 GB  117 MB/s      0s\u001b[K\n"}
,{"stream_name":"stderr","time":79.086551979,"data":"pulling d9bb33f27869: 100% ▕██████████████████▏  487 B                         \u001b[K\u001b[?25h\u001b[?2026l\u001b[?2026h\u001b[?25l\u001b[A\u001b[A\u001b[1Gpulling manifest \u001b[K\n"}
,{"stream_name":"stderr","time":79.08656011,"data":"pulling 60e05f210007: 100% ▕█████████████████ ▏ 4.7 GB/4.7 GB  117 MB/s      0s\u001b[K\n"}
,{"stream_name":"stderr","time":79.086564406,"data":"pulling d9bb33f27869: 100% ▕██████████████████▏  487 B                         \u001b[K\u001b[?25h\u001b[?2026l\u001b[?2026h\u001b[?25l\u001b[A\u001b[A\u001b[1Gpulling manifest \u001b[K\n"}
,{"stream_name":"stderr","time":79.086594364,"data":"pulling 60e05f210007: 100% ▕█████████████████ ▏ 4.7 GB/4.7 GB  117 MB/s      0s\u001b[K\n"}
,{"stream_name":"stderr","time":79.086598675,"data":"pulling d9bb33f27869: 100% ▕██████████████████▏  487 B                         \u001b[K\u001b[?25h\u001b[?2026l\u001b[?2026h\u001b[?25l\u001b[A\u001b[A\u001b[1Gpulling manifest \u001b[K\n"}
,{"stream_name":"stderr","time":79.086602812,"data":"pulling 60e05f210007: 100% ▕█████████████████ ▏ 4.7 GB/4.7 GB  117 MB/s      0s\u001b[K\n"}
,{"stream_name":"stderr","time":79.086606833,"data":"pulling d9bb33f27869: 100% ▕██████████████████▏  487 B                         \u001b[K\u001b[?25h\u001b[?2026l\u001b[?2026h\u001b[?25l\u001b[A\u001b[A\u001b[1Gpulling manifest \u001b[K\n"}
,{"stream_name":"stderr","time":79.086611105,"data":"pulling 60e05f210007: 100% ▕█████████████████ ▏ 4.7 GB/4.7 GB  117 MB/s      0s\u001b[K\n"}
,{"stream_name":"stderr","time":79.08661522,"data":"pulling d9bb33f27869: 100% ▕██████████████████▏  487 B                         \u001b[K\u001b[?25h\u001b[?2026l\u001b[?2026h\u001b[?25l\u001b[A\u001b[A\u001b[1Gpulling manifest \u001b[K\n"}
,{"stream_name":"stderr","time":79.086619177,"data":"pulling 60e05f210007: 100% ▕█████████████████ ▏ 4.7 GB/4.7 GB  117 MB/s      0s\u001b[K\n"}
,{"stream_name":"stderr","time":79.086622995,"data":"pulling d9bb33f27869: 100% ▕██████████████████▏  487 B                         \u001b[K\u001b[?25h\u001b[?2026l\u001b[?2026h\u001b[?25l\u001b[A\u001b[A\u001b[1Gpulling manifest \u001b[K\n"}
,{"stream_name":"stderr","time":79.086627082,"data":"pulling 60e05f210007: 100% ▕█████████████████ ▏ 4.7 GB/4.7 GB  117 MB/s      0s\u001b[K\n"}
,{"stream_name":"stderr","time":79.086630714,"data":"pulling d9bb33f27869: 100% ▕██████████████████▏  487 B                         \u001b[K\u001b[?25h\u001b[?2026l\u001b[?2026h\u001b[?25l\u001b[A\u001b[A\u001b[1Gpulling manifest \u001b[K\n"}
,{"stream_name":"stderr","time":79.086635338,"data":"pulling 60e05f210007: 100% ▕█████████████████ ▏ 4.7 GB/4.7 GB  117 MB/s      0s\u001b[K\n"}
,{"stream_name":"stderr","time":79.086641056,"data":"pulling d9bb33f27869: 100% ▕██████████████████▏  487 B                         \u001b[K\u001b[?25h\u001b[?2026l\u001b[?2026h\u001b[?25l\u001b[A\u001b[A\u001b[1Gpulling manifest \u001b[K\n"}
,{"stream_name":"stderr","time":79.086645154,"data":"pulling 60e05f210007: 100% ▕█████████████████ ▏ 4.7 GB/4.7 GB  117 MB/s      0s\u001b[K\n"}
,{"stream_name":"stderr","time":79.086649887,"data":"pulling d9bb33f27869: 100% ▕██████████████████▏  487 B                         \u001b[K\u001b[?25h\u001b[?2026l\u001b[?2026h\u001b[?25l\u001b[A\u001b[A\u001b[1Gpulling manifest \u001b[K\n"}
,{"stream_name":"stderr","time":79.086653624,"data":"pulling 60e05f210007: 100% ▕█████████████████ ▏ 4.7 GB/4.7 GB  117 MB/s      0s\u001b[K\n"}
,{"stream_name":"stderr","time":79.0866576,"data":"pulling d9bb33f27869: 100% ▕██████████████████▏  487 B                         \u001b[K\u001b[?25h\u001b[?2026l\u001b[?2026h\u001b[?25l\u001b[A\u001b[A\u001b[1Gpulling manifest \u001b[K\n"}
,{"stream_name":"stderr","time":79.086666402,"data":"pulling 60e05f210007: 100% ▕█████████████████ ▏ 4.7 GB/4.7 GB  117 MB/s      0s\u001b[K\n"}
,{"stream_name":"stderr","time":79.086670146,"data":"pulling d9bb33f27869: 100% ▕██████████████████▏  487 B                         \u001b[K\u001b[?25h\u001b[?2026l\u001b[?2026h\u001b[?25l\u001b[A\u001b[A\u001b[1Gpulling manifest \u001b[K\n"}
,{"stream_name":"stderr","time":79.08667393,"data":"pulling 60e05f210007: 100% ▕█████████████████ ▏ 4.7 GB/4.7 GB  117 MB/s      0s\u001b[K\n"}
,{"stream_name":"stderr","time":79.086677574,"data":"pulling d9bb33f27869: 100% ▕██████████████████▏  487 B                         \u001b[K\u001b[?25h\u001b[?2026l\u001b[?2026h\u001b[?25l\u001b[A\u001b[A\u001b[1Gpulling manifest \u001b[K\n"}
,{"stream_name":"stderr","time":79.086681685,"data":"pulling 60e05f210007: 100% ▕█████████████████ ▏ 4.7 GB/4.7 GB  117 MB/s      0s\u001b[K\n"}
,{"stream_name":"stderr","time":79.086685841,"data":"pulling d9bb33f27869: 100% ▕██████████████████▏  487 B                         \u001b[K\u001b[?25h\u001b[?2026l\u001b[?2026h\u001b[?25l\u001b[A\u001b[A\u001b[1Gpulling manifest \u001b[K\n"}
,{"stream_name":"stderr","time":79.086689843,"data":"pulling 60e05f210007: 100% ▕█████████████████ ▏ 4.7 GB/4.7 GB  117 MB/s      0s\u001b[K\n"}
,{"stream_name":"stderr","time":79.086693804,"data":"pulling d9bb33f27869: 100% ▕██████████████████▏  487 B                         \u001b[K\u001b[?25h\u001b[?2026l\u001b[?2026h\u001b[?25l\u001b[A\u001b[A\u001b[1Gpulling manifest \u001b[K\n"}
,{"stream_name":"stderr","time":79.08669785,"data":"pulling 60e05f210007: 100% ▕█████████████████ ▏ 4.7 GB/4.7 GB  117 MB/s      0s\u001b[K\n"}
,{"stream_name":"stderr","time":79.086702509,"data":"pulling d9bb33f27869: 100% ▕██████████████████▏  487 B                         \u001b[K\u001b[?25h\u001b[?2026l\u001b[?2026h\u001b[?25l\u001b[A\u001b[A\u001b[1Gpulling manifest \u001b[K\n"}
,{"stream_name":"stderr","time":79.086706781,"data":"pulling 60e05f210007: 100% ▕█████████████████ ▏ 4.7 GB/4.7 GB  117 MB/s      0s\u001b[K\n"}
,{"stream_name":"stderr","time":79.086710732,"data":"pulling d9bb33f27869: 100% ▕██████████████████▏  487 B                         \u001b[K\u001b[?25h\u001b[?2026l\u001b[?2026h\u001b[?25l\u001b[A\u001b[A\u001b[1Gpulling manifest \u001b[K\n"}
,{"stream_name":"stderr","time":79.086714965,"data":"pulling 60e05f210007: 100% ▕█████████████████ ▏ 4.7 GB/4.7 GB  117 MB/s      0s\u001b[K\n"}
,{"stream_name":"stderr","time":79.086718916,"data":"pulling d9bb33f27869: 100% ▕██████████████████▏  487 B                         \u001b[K\u001b[?25h\u001b[?2026l\u001b[?2026h\u001b[?25l\u001b[A\u001b[A\u001b[1Gpulling manifest \u001b[K\n"}
,{"stream_name":"stderr","time":79.086723356,"data":"pulling 60e05f210007: 100% ▕█████████████████ ▏ 4.7 GB/4.7 GB  117 MB/s      0s\u001b[K\n"}
,{"stream_name":"stderr","time":79.086727611,"data":"pulling d9bb33f27869: 100% ▕██████████████████▏  487 B                         \u001b[K\u001b[?25h\u001b[?2026l\u001b[?2026h\u001b[?25l\u001b[A\u001b[A\u001b[1Gpulling manifest \u001b[K\n"}
,{"stream_name":"stderr","time":79.086732155,"data":"pulling 60e05f210007: 100% ▕█████████████████ ▏ 4.7 GB/4.7 GB  117 MB/s      0s\u001b[K\n"}
,{"stream_name":"stderr","time":79.086738773,"data":"pulling d9bb33f27869: 100% ▕██████████████████▏  487 B                         \u001b[K\u001b[?25h\u001b[?2026l\u001b[?2026h\u001b[?25l\u001b[A\u001b[A\u001b[1Gpulling manifest \u001b[K\n"}
,{"stream_name":"stderr","time":79.086742808,"data":"pulling 60e05f210007: 100% ▕█████████████████ ▏ 4.7 GB/4.7 GB  117 MB/s      0s\u001b[K\n"}
,{"stream_name":"stderr","time":79.08674632,"data":"pulling d9bb33f27869: 100% ▕██████████████████▏  487 B                         \u001b[K\u001b[?25h\u001b[?2026l\u001b[?2026h\u001b[?25l\u001b[A\u001b[A\u001b[1Gpulling manifest \u001b[K\n"}
,{"stream_name":"stderr","time":79.086751769,"data":"pulling 60e05f210007: 100% ▕█████████████████ ▏ 4.7 GB/4.7 GB  117 MB/s      0s\u001b[K\n"}
,{"stream_name":"stderr","time":79.086755645,"data":"pulling d9bb33f27869: 100% ▕██████████████████▏  487 B                         \u001b[K\u001b[?25h\u001b[?2026l\u001b[?2026h\u001b[?25l\u001b[A\u001b[A\u001b[1Gpulling manifest \u001b[K\n"}
,{"stream_name":"stderr","time":79.086761057,"data":"pulling 60e05f210007: 100% ▕█████████████████ ▏ 4.7 GB/4.7 GB  117 MB/s      0s\u001b[K\n"}
,{"stream_name":"stderr","time":79.086764587,"data":"pulling d9bb33f27869: 100% ▕██████████████████▏  487 B                         \u001b[K\u001b[?25h\u001b[?2026l\u001b[?2026h\u001b[?25l\u001b[A\u001b[A\u001b[1Gpulling manifest \u001b[K\n"}
,{"stream_name":"stderr","time":79.086768298,"data":"pulling 60e05f210007: 100% ▕█████████████████ ▏ 4.7 GB/4.7 GB  117 MB/s      0s\u001b[K\n"}
,{"stream_name":"stderr","time":79.086771768,"data":"pulling d9bb33f27869: 100% ▕██████████████████▏  487 B                         \u001b[K\u001b[?25h\u001b[?2026l\u001b[?2026h\u001b[?25l\u001b[A\u001b[A\u001b[1Gpulling manifest \u001b[K\n"}
,{"stream_name":"stderr","time":79.086775665,"data":"pulling 60e05f210007: 100% ▕█████████████████ ▏ 4.7 GB/4.7 GB  117 MB/s      0s\u001b[K\n"}
,{"stream_name":"stderr","time":79.086779679,"data":"pulling d9bb33f27869: 100% ▕██████████████████▏  487 B                         \u001b[K\u001b[?25h\u001b[?2026l\u001b[?2026h\u001b[?25l\u001b[A\u001b[A\u001b[1Gpulling manifest \u001b[K\n"}
,{"stream_name":"stderr","time":79.086783699,"data":"pulling 60e05f210007: 100% ▕█████████████████ ▏ 4.7 GB/4.7 GB  117 MB/s      0s\u001b[K\n"}
,{"stream_name":"stderr","time":79.08678751,"data":"pulling d9bb33f27869: 100% ▕██████████████████▏  487 B                         \u001b[K\u001b[?25h\u001b[?2026l\u001b[?2026h\u001b[?25l\u001b[A\u001b[A\u001b[1Gpulling manifest \u001b[K\n"}
,{"stream_name":"stderr","time":79.086791562,"data":"pulling 60e05f210007: 100% ▕█████████████████ ▏ 4.7 GB/4.7 GB  117 MB/s      0s\u001b[K\n"}
,{"stream_name":"stderr","time":79.086795186,"data":"pulling d9bb33f27869: 100% ▕██████████████████▏  487 B                         \u001b[K\u001b[?25h\u001b[?2026l\u001b[?2026h\u001b[?25l\u001b[A\u001b[A\u001b[1Gpulling manifest \u001b[K\n"}
,{"stream_name":"stderr","time":79.08679904,"data":"pulling 60e05f210007: 100% ▕█████████████████ ▏ 4.7 GB/4.7 GB  117 MB/s      0s\u001b[K\n"}
,{"stream_name":"stderr","time":79.086803212,"data":"pulling d9bb33f27869: 100% ▕██████████████████▏  487 B                         \u001b[K\u001b[?25h\u001b[?2026l\u001b[?2026h\u001b[?25l\u001b[A\u001b[A\u001b[1Gpulling manifest \u001b[K\n"}
,{"stream_name":"stderr","time":79.08681082,"data":"pulling 60e05f210007: 100% ▕█████████████████ ▏ 4.7 GB/4.7 GB  117 MB/s      0s\u001b[K\n"}
,{"stream_name":"stderr","time":79.086815315,"data":"pulling d9bb33f27869: 100% ▕██████████████████▏  487 B                         \u001b[K\u001b[?25h\u001b[?2026l\u001b[?2026h\u001b[?25l\u001b[A\u001b[A\u001b[1Gpulling manifest \u001b[K\n"}
,{"stream_name":"stderr","time":79.086819057,"data":"pulling 60e05f210007: 100% ▕█████████████████ ▏ 4.7 GB/4.7 GB  117 MB/s      0s\u001b[K\n"}
,{"stream_name":"stderr","time":79.16069693,"data":"pulling d9bb33f27869: 100% ▕██████████████████▏  487 B                         \u001b[K\u001b[?25h\u001b[?2026l\u001b[?2026h\u001b[?25l\u001b[A\u001b[A\u001b[1Gpulling manifest \u001b[K\n"}
,{"stream_name":"stderr","time":79.16073648,"data":"pulling 60e05f210007: 100% ▕█████████████████ ▏ 4.7 GB/4.7 GB  117 MB/s      0s\u001b[K\n"}
,{"stream_name":"stderr","time":79.160742638,"data":"pulling d9bb33f27869: 100% ▕██████████████████▏  487 B                         \u001b[K\n"}
,{"stream_name":"stderr","time":79.260294703,"data":"verifying sha256 digest ⠋ \u001b[K\u001b[?25h\u001b[?2026l\u001b[?2026h\u001b[?25l\u001b[A\u001b[A\u001b[A\u001b[1Gpulling manifest \u001b[K\n"}
,{"stream_name":"stderr","time":79.260340173,"data":"pulling 60e05f210007: 100% ▕█████████████████ ▏ 4.7 GB/4.7 GB  117 MB/s      0s\u001b[K\n"}
,{"stream_name":"stderr","time":79.26034637,"data":"pulling d9bb33f27869: 100% ▕██████████████████▏  487 B                         \u001b[K\n"}
,{"stream_name":"stderr","time":79.360742438,"data":"verifying sha256 digest ⠙ \u001b[K\u001b[?25h\u001b[?2026l\u001b[?2026h\u001b[?25l\u001b[A\u001b[A\u001b[A\u001b[1Gpulling manifest \u001b[K\n"}
,{"stream_name":"stderr","time":79.360789206,"data":"pulling 60e05f210007: 100% ▕█████████████████ ▏ 4.7 GB/4.7 GB  117 MB/s      0s\u001b[K\n"}
,{"stream_name":"stderr","time":79.36079311,"data":"pulling d9bb33f27869: 100% ▕██████████████████▏  487 B                         \u001b[K\n"}
,{"stream_name":"stderr","time":79.460360023,"data":"verifying sha256 digest ⠹ \u001b[K\u001b[?25h\u001b[?2026l\u001b[?2026h\u001b[?25l\u001b[A\u001b[A\u001b[A\u001b[1Gpulling manifest \u001b[K\n"}
,{"stream_name":"stderr","time":79.460404071,"data":"pulling 60e05f210007: 100% ▕█████████████████ ▏ 4.7 GB/4.7 GB  117 MB/s      0s\u001b[K\n"}
,{"stream_name":"stderr","time":79.460409871,"data":"pulling d9bb33f27869: 100% ▕██████████████████▏  487 B                         \u001b[K\n"}
,{"stream_name":"stderr","time":79.560904301,"data":"verifying sha256 digest ⠸ \u001b[K\u001b[?25h\u001b[?2026l\u001b[?2026h\u001b[?25l\u001b[A\u001b[A\u001b[A\u001b[1Gpulling manifest \u001b[K\n"}
,{"stream_name":"stderr","time":79.560939841,"data":"pulling 60e05f210007: 100% ▕█████████████████ ▏ 4.7 GB/4.7 GB  117 MB/s      0s\u001b[K\n"}
,{"stream_name":"stderr","time":79.560944144,"data":"pulling d9bb33f27869: 100% ▕██████████████████▏  487 B                         \u001b[K\n"}
,{"stream_name":"stderr","time":79.660458621,"data":"verifying sha256 digest ⠼ \u001b[K\u001b[?25h\u001b[?2026l\u001b[?2026h\u001b[?25l\u001b[A\u001b[A\u001b[A\u001b[1Gpulling manifest \u001b[K\n"}
,{"stream_name":"stderr","time":79.660512937,"data":"pulling 60e05f210007: 100% ▕█████████████████ ▏ 4.7 GB/4.7 GB  117 MB/s      0s\u001b[K\n"}
,{"stream_name":"stderr","time":79.66051864,"data":"pulling d9bb33f27869: 100% ▕██████████████████▏  487 B                         \u001b[K\n"}
,{"stream_name":"stderr","time":79.759946039,"data":"verifying sha256 digest ⠴ \u001b[K\u001b[?25h\u001b[?2026l\u001b[?2026h\u001b[?25l\u001b[A\u001b[A\u001b[A\u001b[1Gpulling manifest \u001b[K\n"}
,{"stream_name":"stderr","time":79.760008083,"data":"pulling 60e05f210007: 100% ▕█████████████████ ▏ 4.7 GB/4.7 GB  117 MB/s      0s\u001b[K\n"}
,{"stream_name":"stderr","time":79.760014413,"data":"pulling d9bb33f27869: 100% ▕██████████████████▏  487 B                         \u001b[K\n"}
,{"stream_name":"stderr","time":79.860457278,"data":"verifying sha256 digest ⠦ \u001b[K\u001b[?25h\u001b[?2026l\u001b[?2026h\u001b[?25l\u001b[A\u001b[A\u001b[A\u001b[1Gpulling manifest \u001b[K\n"}
,{"stream_name":"stderr","time":79.860493721,"data":"pulling 60e05f210007: 100% ▕█████████████████ ▏ 4.7 GB/4.7 GB  117 MB/s      0s\u001b[K\n"}
,{"stream_name":"stderr","time":79.860499206,"data":"pulling d9bb33f27869: 100% ▕██████████████████▏  487 B                         \u001b[K\n"}
,{"stream_name":"stderr","time":79.960159874,"data":"verifying sha256 digest ⠧ \u001b[K\u001b[?25h\u001b[?2026l\u001b[?2026h\u001b[?25l\u001b[A\u001b[A\u001b[A\u001b[1Gpulling manifest \u001b[K\n"}
,{"stream_name":"stderr","time":79.960202882,"data":"pulling 60e05f210007: 100% ▕█████████████████ ▏ 4.7 GB/4.7 GB  117 MB/s      0s\u001b[K\n"}
,{"stream_name":"stderr","time":79.96020988,"data":"pulling d9bb33f27869: 100% ▕██████████████████▏  487 B                         \u001b[K\n"}
,{"stream_name":"stderr","time":80.060628338,"data":"verifying sha256 digest ⠇ \u001b[K\u001b[?25h\u001b[?2026l\u001b[?2026h\u001b[?25l\u001b[A\u001b[A\u001b[A\u001b[1Gpulling manifest \u001b[K\n"}
,{"stream_name":"stderr","time":80.060663686,"data":"pulling 60e05f210007: 100% ▕█████████████████ ▏ 4.7 GB/4.7 GB  117 MB/s      0s\u001b[K\n"}
,{"stream_name":"stderr","time":80.060669545,"data":"pulling d9bb33f27869: 100% ▕██████████████████▏  487 B                         \u001b[K\n"}
,{"stream_name":"stderr","time":80.160312782,"data":"verifying sha256 digest ⠏ \u001b[K\u001b[?25h\u001b[?2026l\u001b[?2026h\u001b[?25l\u001b[A\u001b[A\u001b[A\u001b[1Gpulling manifest \u001b[K\n"}
,{"stream_name":"stderr","time":80.160344051,"data":"pulling 60e05f210007: 100% ▕█████████████████ ▏ 4.7 GB/4.7 GB  117 MB/s      0s\u001b[K\n"}
,{"stream_name":"stderr","time":80.160348359,"data":"pulling d9bb33f27869: 100% ▕██████████████████▏  487 B                         \u001b[K\n"}
,{"stream_name":"stderr","time":80.260693266,"data":"verifying sha256 digest ⠋ \u001b[K\u001b[?25h\u001b[?2026l\u001b[?2026h\u001b[?25l\u001b[A\u001b[A\u001b[A\u001b[1Gpulling manifest \u001b[K\n"}
,{"stream_name":"stderr","time":80.260725611,"data":"pulling 60e05f210007: 100% ▕█████████████████ ▏ 4.7 GB/4.7 GB  117 MB/s      0s\u001b[K\n"}
,{"stream_name":"stderr","time":80.260729643,"data":"pulling d9bb33f27869: 100% ▕██████████████████▏  487 B                         \u001b[K\n"}
,{"stream_name":"stderr","time":80.360221559,"data":"verifying sha256 digest ⠙ \u001b[K\u001b[?25h\u001b[?2026l\u001b[?2026h\u001b[?25l\u001b[A\u001b[A\u001b[A\u001b[1Gpulling manifest \u001b[K\n"}
,{"stream_name":"stderr","time":80.360257563,"data":"pulling 60e05f210007: 100% ▕█████████████████ ▏ 4.7 GB/4.7 GB  117 MB/s      0s\u001b[K\n"}
,{"stream_name":"stderr","time":80.360261733,"data":"pulling d9bb33f27869: 100% ▕██████████████████▏  487 B                         \u001b[K\n"}
,{"stream_name":"stderr","time":80.460597554,"data":"verifying sha256 digest ⠹ \u001b[K\u001b[?25h\u001b[?2026l\u001b[?2026h\u001b[?25l\u001b[A\u001b[A\u001b[A\u001b[1Gpulling manifest \u001b[K\n"}
,{"stream_name":"stderr","time":80.46063397,"data":"pulling 60e05f210007: 100% ▕█████████████████ ▏ 4.7 GB/4.7 GB  117 MB/s      0s\u001b[K\n"}
,{"stream_name":"stderr","time":80.460638887,"data":"pulling d9bb33f27869: 100% ▕██████████████████▏  487 B                         \u001b[K\n"}
,{"stream_name":"stderr","time":80.560355218,"data":"verifying sha256 digest ⠸ \u001b[K\u001b[?25h\u001b[?2026l\u001b[?2026h\u001b[?25l\u001b[A\u001b[A\u001b[A\u001b[1Gpulling manifest \u001b[K\n"}
,{"stream_name":"stderr","time":80.560397937,"data":"pulling 60e05f210007: 100% ▕█████████████████ ▏ 4.7 GB/4.7 GB  117 MB/s      0s\u001b[K\n"}
,{"stream_name":"stderr","time":80.560405051,"data":"pulling d9bb33f27869: 100% ▕██████████████████▏  487 B                         \u001b[K\n"}
,{"stream_name":"stderr","time":80.659887143,"data":"verifying sha256 digest ⠼ \u001b[K\u001b[?25h\u001b[?2026l\u001b[?2026h\u001b[?25l\u001b[A\u001b[A\u001b[A\u001b[1Gpulling manifest \u001b[K\n"}
,{"stream_name":"stderr","time":80.659936112,"data":"pulling 60e05f210007: 100% ▕█████████████████ ▏ 4.7 GB/4.7 GB  117 MB/s      0s\u001b[K\n"}
,{"stream_name":"stderr","time":80.65994246,"data":"pulling d9bb33f27869: 100% ▕██████████████████▏  487 B                         \u001b[K\n"}
,{"stream_name":"stderr","time":80.760428401,"data":"verifying sha256 digest ⠴ \u001b[K\u001b[?25h\u001b[?2026l\u001b[?2026h\u001b[?25l\u001b[A\u001b[A\u001b[A\u001b[1Gpulling manifest \u001b[K\n"}
,{"stream_name":"stderr","time":80.760467078,"data":"pulling 60e05f210007: 100% ▕█████████████████ ▏ 4.7 GB/4.7 GB  117 MB/s      0s\u001b[K\n"}
,{"stream_name":"stderr","time":80.760472448,"data":"pulling d9bb33f27869: 100% ▕██████████████████▏  487 B                         \u001b[K\n"}
,{"stream_name":"stderr","time":80.859998329,"data":"verifying sha256 digest ⠦ \u001b[K\u001b[?25h\u001b[?2026l\u001b[?2026h\u001b[?25l\u001b[A\u001b[A\u001b[A\u001b[1Gpulling manifest \u001b[K\n"}
,{"stream_name":"stderr","time":80.860050493,"data":"pulling 60e05f210007: 100% ▕█████████████████ ▏ 4.7 GB/4.7 GB  117 MB/s      0s\u001b[K\n"}
,{"stream_name":"stderr","time":80.860055886,"data":"pulling d9bb33f27869: 100% ▕██████████████████▏  487 B                         \u001b[K\n"}
,{"stream_name":"stderr","time":80.960471738,"data":"verifying sha256 digest ⠧ \u001b[K\u001b[?25h\u001b[?2026l\u001b[?2026h\u001b[?25l\u001b[A\u001b[A\u001b[A\u001b[1Gpulling manifest \u001b[K\n"}
,{"stream_name":"stderr","time":80.960507162,"data":"pulling 60e05f210007: 100% ▕█████████████████ ▏ 4.7 GB/4.7 GB  117 MB/s      0s\u001b[K\n"}
,{"stream_name":"stderr","time":80.960534515,"data":"pulling d9bb33f27869: 100% ▕██████████████████▏  487 B                         \u001b[K\n"}
,{"stream_name":"stderr","time":81.059979298,"data":"verifying sha256 digest ⠇ \u001b[K\u001b[?25h\u001b[?2026l\u001b[?2026h\u001b[?25l\u001b[A\u001b[A\u001b[A\u001b[1Gpulling manifest \u001b[K\n"}
,{"stream_name":"stderr","time":81.060026825,"data":"pulling 60e05f210007: 100% ▕█████████████████ ▏ 4.7 GB/4.7 GB  117 MB/s      0s\u001b[K\n"}
,{"stream_name":"stderr","time":81.060033355,"data":"pulling d9bb33f27869: 100% ▕██████████████████▏  487 B                         \u001b[K\n"}
,{"stream_name":"stderr","time":81.160545245,"data":"verifying sha256 digest ⠏ \u001b[K\u001b[?25h\u001b[?2026l\u001b[?2026h\u001b[?25l\u001b[A\u001b[A\u001b[A\u001b[1Gpulling manifest \u001b[K\n"}
,{"stream_name":"stderr","time":81.160584605,"data":"pulling 60e05f210007: 100% ▕█████████████████ ▏ 4.7 GB/4.7 GB  117 MB/s      0s\u001b[K\n"}
,{"stream_name":"stderr","time":81.160590192,"data":"pulling d9bb33f27869: 100% ▕██████████████████▏  487 B                         \u001b[K\n"}
,{"stream_name":"stderr","time":81.259899921,"data":"verifying sha256 digest ⠋ \u001b[K\u001b[?25h\u001b[?2026l\u001b[?2026h\u001b[?25l\u001b[A\u001b[A\u001b[A\u001b[1Gpulling manifest \u001b[K\n"}
,{"stream_name":"stderr","time":81.259951961,"data":"pulling 60e05f210007: 100% ▕█████████████████ ▏ 4.7 GB/4.7 GB  117 MB/s      0s\u001b[K\n"}
,{"stream_name":"stderr","time":81.260453905,"data":"pulling d9bb33f27869: 100% ▕██████████████████▏  487 B                         \u001b[K\n"}
,{"stream_name":"stderr","time":81.361292129,"data":"verifying sha256 digest ⠙ \u001b[K\u001b[?25h\u001b[?2026l\u001b[?2026h\u001b[?25l\u001b[A\u001b[A\u001b[A\u001b[1Gpulling manifest \u001b[K\n"}
,{"stream_name":"stderr","time":81.361334395,"data":"pulling 60e05f210007: 100% ▕█████████████████ ▏ 4.7 GB/4.7 GB  117 MB/s      0s\u001b[K\n"}
,{"stream_name":"stderr","time":81.361341314,"data":"pulling d9bb33f27869: 100% ▕██████████████████▏  487 B                         \u001b[K\n"}
,{"stream_name":"stderr","time":81.460706408,"data":"verifying sha256 digest ⠹ \u001b[K\u001b[?25h\u001b[?2026l\u001b[?2026h\u001b[?25l\u001b[A\u001b[A\u001b[A\u001b[1Gpulling manifest \u001b[K\n"}
,{"stream_name":"stderr","time":81.460756244,"data":"pulling 60e05f210007: 100% ▕█████████████████ ▏ 4.7 GB/4.7 GB  117 MB/s      0s\u001b[K\n"}
,{"stream_name":"stderr","time":81.460763241,"data":"pulling d9bb33f27869: 100% ▕██████████████████▏  487 B                         \u001b[K\n"}
,{"stream_name":"stderr","time":81.560744222,"data":"verifying sha256 digest ⠸ \u001b[K\u001b[?25h\u001b[?2026l\u001b[?2026h\u001b[?25l\u001b[A\u001b[A\u001b[A\u001b[1Gpulling manifest \u001b[K\n"}
,{"stream_name":"stderr","time":81.560784277,"data":"pulling 60e05f210007: 100% ▕█████████████████ ▏ 4.7 GB/4.7 GB  117 MB/s      0s\u001b[K\n"}
,{"stream_name":"stderr","time":81.560790022,"data":"pulling d9bb33f27869: 100% ▕██████████████████▏  487 B                         \u001b[K\n"}
,{"stream_name":"stderr","time":81.660741859,"data":"verifying sha256 digest ⠼ \u001b[K\u001b[?25h\u001b[?2026l\u001b[?2026h\u001b[?25l\u001b[A\u001b[A\u001b[A\u001b[1Gpulling manifest \u001b[K\n"}
,{"stream_name":"stderr","time":81.66079354,"data":"pulling 60e05f210007: 100% ▕█████████████████ ▏ 4.7 GB/4.7 GB  117 MB/s      0s\u001b[K\n"}
,{"stream_name":"stderr","time":81.660799141,"data":"pulling d9bb33f27869: 100% ▕██████████████████▏  487 B                         \u001b[K\n"}
,{"stream_name":"stderr","time":81.760389079,"data":"verifying sha256 digest ⠴ \u001b[K\u001b[?25h\u001b[?2026l\u001b[?2026h\u001b[?25l\u001b[A\u001b[A\u001b[A\u001b[1Gpulling manifest \u001b[K\n"}
,{"stream_name":"stderr","time":81.760432359,"data":"pulling 60e05f210007: 100% ▕█████████████████ ▏ 4.7 GB/4.7 GB  117 MB/s      0s\u001b[K\n"}
,{"stream_name":"stderr","time":81.760438469,"data":"pulling d9bb33f27869: 100% ▕██████████████████▏  487 B                         \u001b[K\n"}
,{"stream_name":"stderr","time":81.860950907,"data":"verifying sha256 digest ⠦ \u001b[K\u001b[?25h\u001b[?2026l\u001b[?2026h\u001b[?25l\u001b[A\u001b[A\u001b[A\u001b[1Gpulling manifest \u001b[K\n"}
,{"stream_name":"stderr","time":81.861017582,"data":"pulling 60e05f210007: 100% ▕█████████████████ ▏ 4.7 GB/4.7 GB  117 MB/s      0s\u001b[K\n"}
,{"stream_name":"stderr","time":81.861023133,"data":"pulling d9bb33f27869: 100% ▕██████████████████▏  487 B                         \u001b[K\n"}
,{"stream_name":"stderr","time":81.960754836,"data":"verifying sha256 digest ⠧ \u001b[K\u001b[?25h\u001b[?2026l\u001b[?2026h\u001b[?25l\u001b[A\u001b[A\u001b[A\u001b[1Gpulling manifest \u001b[K\n"}
,{"stream_name":"stderr","time":81.960798329,"data":"pulling 60e05f210007: 100% ▕█████████████████ ▏ 4.7 GB/4.7 GB  117 MB/s      0s\u001b[K\n"}
,{"stream_name":"stderr","time":81.960804474,"data":"pulling d9bb33f27869: 100% ▕██████████████████▏  487 B                         \u001b[K\n"}
,{"stream_name":"stderr","time":82.060295029,"data":"verifying sha256 digest ⠇ \u001b[K\u001b[?25h\u001b[?2026l\u001b[?2026h\u001b[?25l\u001b[A\u001b[A\u001b[A\u001b[1Gpulling manifest \u001b[K\n"}
,{"stream_name":"stderr","time":82.060349417,"data":"pulling 60e05f210007: 100% ▕█████████████████ ▏ 4.7 GB/4.7 GB  117 MB/s      0s\u001b[K\n"}
,{"stream_name":"stderr","time":82.060356065,"data":"pulling d9bb33f27869: 100% ▕██████████████████▏  487 B                         \u001b[K\n"}
,{"stream_name":"stderr","time":82.160795468,"data":"verifying sha256 digest ⠏ \u001b[K\u001b[?25h\u001b[?2026l\u001b[?2026h\u001b[?25l\u001b[A\u001b[A\u001b[A\u001b[1Gpulling manifest \u001b[K\n"}
,{"stream_name":"stderr","time":82.160838271,"data":"pulling 60e05f210007: 100% ▕█████████████████ ▏ 4.7 GB/4.7 GB  117 MB/s      0s\u001b[K\n"}
,{"stream_name":"stderr","time":82.160844647,"data":"pulling d9bb33f27869: 100% ▕██████████████████▏  487 B                         \u001b[K\n"}
,{"stream_name":"stderr","time":82.260409246,"data":"verifying sha256 digest ⠋ \u001b[K\u001b[?25h\u001b[?2026l\u001b[?2026h\u001b[?25l\u001b[A\u001b[A\u001b[A\u001b[1Gpulling manifest \u001b[K\n"}
,{"stream_name":"stderr","time":82.26045821,"data":"pulling 60e05f210007: 100% ▕█████████████████ ▏ 4.7 GB/4.7 GB  117 MB/s      0s\u001b[K\n"}
,{"stream_name":"stderr","time":82.260464543,"data":"pulling d9bb33f27869: 100% ▕██████████████████▏  487 B                         \u001b[K\n"}
,{"stream_name":"stderr","time":82.359910799,"data":"verifying sha256 digest ⠙ \u001b[K\u001b[?25h\u001b[?2026l\u001b[?2026h\u001b[?25l\u001b[A\u001b[A\u001b[A\u001b[1Gpulling manifest \u001b[K\n"}
,{"stream_name":"stderr","time":82.360002986,"data":"pulling 60e05f210007: 100% ▕█████████████████ ▏ 4.7 GB/4.7 GB  117 MB/s      0s\u001b[K\n"}
,{"stream_name":"stderr","time":82.3600119,"data":"pulling d9bb33f27869: 100% ▕██████████████████▏  487 B                         \u001b[K\n"}
,{"stream_name":"stderr","time":82.460503328,"data":"verifying sha256 digest ⠹ \u001b[K\u001b[?25h\u001b[?2026l\u001b[?2026h\u001b[?25l\u001b[A\u001b[A\u001b[A\u001b[1Gpulling manifest \u001b[K\n"}
,{"stream_name":"stderr","time":82.460543136,"data":"pulling 60e05f210007: 100% ▕█████████████████ ▏ 4.7 GB/4.7 GB  117 MB/s      0s\u001b[K\n"}
,{"stream_name":"stderr","time":82.460549149,"data":"pulling d9bb33f27869: 100% ▕██████████████████▏  487 B                         \u001b[K\n"}
,{"stream_name":"stderr","time":82.560057983,"data":"verifying sha256 digest ⠸ \u001b[K\u001b[?25h\u001b[?2026l\u001b[?2026h\u001b[?25l\u001b[A\u001b[A\u001b[A\u001b[1Gpulling manifest \u001b[K\n"}
,{"stream_name":"stderr","time":82.56009414,"data":"pulling 60e05f210007: 100% ▕█████████████████ ▏ 4.7 GB/4.7 GB  117 MB/s      0s\u001b[K\n"}
,{"stream_name":"stderr","time":82.560099884,"data":"pulling d9bb33f27869: 100% ▕██████████████████▏  487 B                         \u001b[K\n"}
,{"stream_name":"stderr","time":82.660560739,"data":"verifying sha256 digest ⠼ \u001b[K\u001b[?25h\u001b[?2026l\u001b[?2026h\u001b[?25l\u001b[A\u001b[A\u001b[A\u001b[1Gpulling manifest \u001b[K\n"}
,{"stream_name":"stderr","time":82.660603199,"data":"pulling 60e05f210007: 100% ▕█████████████████ ▏ 4.7 GB/4.7 GB  117 MB/s      0s\u001b[K\n"}
,{"stream_name":"stderr","time":82.660609128,"data":"pulling d9bb33f27869: 100% ▕██████████████████▏  487 B                         \u001b[K\n"}
,{"stream_name":"stderr","time":82.760046788,"data":"verifying sha256 digest ⠴ \u001b[K\u001b[?25h\u001b[?2026l\u001b[?2026h\u001b[?25l\u001b[A\u001b[A\u001b[A\u001b[1Gpulling manifest \u001b[K\n"}
,{"stream_name":"stderr","time":82.760088852,"data":"pulling 60e05f210007: 100% ▕█████████████████ ▏ 4.7 GB/4.7 GB  117 MB/s      0s\u001b[K\n"}
,{"stream_name":"stderr","time":82.760095412,"data":"pulling d9bb33f27869: 100% ▕██████████████████▏  487 B                         \u001b[K\n"}
,{"stream_name":"stderr","time":82.860620625,"data":"verifying sha256 digest ⠦ \u001b[K\u001b[?25h\u001b[?2026l\u001b[?2026h\u001b[?25l\u001b[A\u001b[A\u001b[A\u001b[1Gpulling manifest \u001b[K\n"}
,{"stream_name":"stderr","time":82.860660857,"data":"pulling 60e05f210007: 100% ▕█████████████████ ▏ 4.7 GB/4.7 GB  117 MB/s      0s\u001b[K\n"}
,{"stream_name":"stderr","time":82.860665373,"data":"pulling d9bb33f27869: 100% ▕██████████████████▏  487 B                         \u001b[K\n"}
,{"stream_name":"stderr","time":82.96014207,"data":"verifying sha256 digest ⠧ \u001b[K\u001b[?25h\u001b[?2026l\u001b[?2026h\u001b[?25l\u001b[A\u001b[A\u001b[A\u001b[1Gpulling manifest \u001b[K\n"}
,{"stream_name":"stderr","time":82.960190197,"data":"pulling 60e05f210007: 100% ▕█████████████████ ▏ 4.7 GB/4.7 GB  117 MB/s      0s\u001b[K\n"}
,{"stream_name":"stderr","time":82.960195625,"data":"pulling d9bb33f27869: 100% ▕██████████████████▏  487 B                         \u001b[K\n"}
,{"stream_name":"stderr","time":83.060649166,"data":"verifying sha256 digest ⠇ \u001b[K\u001b[?25h\u001b[?2026l\u001b[?2026h\u001b[?25l\u001b[A\u001b[A\u001b[A\u001b[1Gpulling manifest \u001b[K\n"}
,{"stream_name":"stderr","time":83.060690705,"data":"pulling 60e05f210007: 100% ▕█████████████████ ▏ 4.7 GB/4.7 GB  117 MB/s      0s\u001b[K\n"}
,{"stream_name":"stderr","time":83.060696025,"data":"pulling d9bb33f27869: 100% ▕██████████████████▏  487 B                         \u001b[K\n"}
,{"stream_name":"stderr","time":83.160232121,"data":"verifying sha256 digest ⠏ \u001b[K\u001b[?25h\u001b[?2026l\u001b[?2026h\u001b[?25l\u001b[A\u001b[A\u001b[A\u001b[1Gpulling manifest \u001b[K\n"}
,{"stream_name":"stderr","time":83.160270135,"data":"pulling 60e05f210007: 100% ▕█████████████████ ▏ 4.7 GB/4.7 GB  117 MB/s      0s\u001b[K\n"}
,{"stream_name":"stderr","time":83.160274309,"data":"pulling d9bb33f27869: 100% ▕██████████████████▏  487 B                         \u001b[K\n"}
,{"stream_name":"stderr","time":83.260722926,"data":"verifying sha256 digest ⠋ \u001b[K\u001b[?25h\u001b[?2026l\u001b[?2026h\u001b[?25l\u001b[A\u001b[A\u001b[A\u001b[1Gpulling manifest \u001b[K\n"}
,{"stream_name":"stderr","time":83.260761282,"data":"pulling 60e05f210007: 100% ▕█████████████████ ▏ 4.7 GB/4.7 GB  117 MB/s      0s\u001b[K\n"}
,{"stream_name":"stderr","time":83.260766183,"data":"pulling d9bb33f27869: 100% ▕██████████████████▏  487 B                         \u001b[K\n"}
,{"stream_name":"stderr","time":83.360245743,"data":"verifying sha256 digest ⠙ \u001b[K\u001b[?25h\u001b[?2026l\u001b[?2026h\u001b[?25l\u001b[A\u001b[A\u001b[A\u001b[1Gpulling manifest \u001b[K\n"}
,{"stream_name":"stderr","time":83.360286179,"data":"pulling 60e05f210007: 100% ▕█████████████████ ▏ 4.7 GB/4.7 GB  117 MB/s      0s\u001b[K\n"}
,{"stream_name":"stderr","time":83.360291706,"data":"pulling d9bb33f27869: 100% ▕██████████████████▏  487 B                         \u001b[K\n"}
,{"stream_name":"stderr","time":83.460660058,"data":"verifying sha256 digest ⠹ \u001b[K\u001b[?25h\u001b[?2026l\u001b[?2026h\u001b[?25l\u001b[A\u001b[A\u001b[A\u001b[1Gpulling manifest \u001b[K\n"}
,{"stream_name":"stderr","time":83.460699621,"data":"pulling 60e05f210007: 100% ▕█████████████████ ▏ 4.7 GB/4.7 GB  117 MB/s      0s\u001b[K\n"}
,{"stream_name":"stderr","time":83.460705323,"data":"pulling d9bb33f27869: 100% ▕██████████████████▏  487 B                         \u001b[K\n"}
,{"stream_name":"stderr","time":83.560248018,"data":"verifying sha256 digest ⠸ \u001b[K\u001b[?25h\u001b[?2026l\u001b[?2026h\u001b[?25l\u001b[A\u001b[A\u001b[A\u001b[1Gpulling manifest \u001b[K\n"}
,{"stream_name":"stderr","time":83.560296341,"data":"pulling 60e05f210007: 100% ▕█████████████████ ▏ 4.7 GB/4.7 GB  117 MB/s      0s\u001b[K\n"}
,{"stream_name":"stderr","time":83.560302136,"data":"pulling d9bb33f27869: 100% ▕██████████████████▏  487 B                         \u001b[K\n"}
,{"stream_name":"stderr","time":83.66065987,"data":"verifying sha256 digest ⠼ \u001b[K\u001b[?25h\u001b[?2026l\u001b[?2026h\u001b[?25l\u001b[A\u001b[A\u001b[A\u001b[1Gpulling manifest \u001b[K\n"}
,{"stream_name":"stderr","time":83.660695477,"data":"pulling 60e05f210007: 100% ▕█████████████████ ▏ 4.7 GB/4.7 GB  117 MB/s      0s\u001b[K\n"}
,{"stream_name":"stderr","time":83.660716439,"data":"pulling d9bb33f27869: 100% ▕██████████████████▏  487 B                         \u001b[K\n"}
,{"stream_name":"stderr","time":83.760372133,"data":"verifying sha256 digest ⠴ \u001b[K\u001b[?25h\u001b[?2026l\u001b[?2026h\u001b[?25l\u001b[A\u001b[A\u001b[A\u001b[1Gpulling manifest \u001b[K\n"}
,{"stream_name":"stderr","time":83.760417639,"data":"pulling 60e05f210007: 100% ▕█████████████████ ▏ 4.7 GB/4.7 GB  117 MB/s      0s\u001b[K\n"}
,{"stream_name":"stderr","time":83.760424821,"data":"pulling d9bb33f27869: 100% ▕██████████████████▏  487 B                         \u001b[K\n"}
,{"stream_name":"stderr","time":83.860920626,"data":"verifying sha256 digest ⠦ \u001b[K\u001b[?25h\u001b[?2026l\u001b[?2026h\u001b[?25l\u001b[A\u001b[A\u001b[A\u001b[1Gpulling manifest \u001b[K\n"}
,{"stream_name":"stderr","time":83.86098573,"data":"pulling 60e05f210007: 100% ▕█████████████████ ▏ 4.7 GB/4.7 GB  117 MB/s      0s\u001b[K\n"}
,{"stream_name":"stderr","time":83.860995525,"data":"pulling d9bb33f27869: 100% ▕██████████████████▏  487 B                         \u001b[K\n"}
,{"stream_name":"stderr","time":83.960504115,"data":"verifying sha256 digest ⠧ \u001b[K\u001b[?25h\u001b[?2026l\u001b[?2026h\u001b[?25l\u001b[A\u001b[A\u001b[A\u001b[1Gpulling manifest \u001b[K\n"}
,{"stream_name":"stderr","time":83.960544058,"data":"pulling 60e05f210007: 100% ▕█████████████████ ▏ 4.7 GB/4.7 GB  117 MB/s      0s\u001b[K\n"}
,{"stream_name":"stderr","time":83.960550367,"data":"pulling d9bb33f27869: 100% ▕██████████████████▏  487 B                         \u001b[K\n"}
,{"stream_name":"stderr","time":84.060085567,"data":"verifying sha256 digest ⠇ \u001b[K\u001b[?25h\u001b[?2026l\u001b[?2026h\u001b[?25l\u001b[A\u001b[A\u001b[A\u001b[1Gpulling manifest \u001b[K\n"}
,{"stream_name":"stderr","time":84.060122814,"data":"pulling 60e05f210007: 100% ▕█████████████████ ▏ 4.7 GB/4.7 GB  117 MB/s      0s\u001b[K\n"}
,{"stream_name":"stderr","time":84.060128052,"data":"pulling d9bb33f27869: 100% ▕██████████████████▏  487 B                         \u001b[K\n"}
,{"stream_name":"stderr","time":84.160579541,"data":"verifying sha256 digest ⠏ \u001b[K\u001b[?25h\u001b[?2026l\u001b[?2026h\u001b[?25l\u001b[A\u001b[A\u001b[A\u001b[1Gpulling manifest \u001b[K\n"}
,{"stream_name":"stderr","time":84.160618017,"data":"pulling 60e05f210007: 100% ▕█████████████████ ▏ 4.7 GB/4.7 GB  117 MB/s      0s\u001b[K\n"}
,{"stream_name":"stderr","time":84.160623471,"data":"pulling d9bb33f27869: 100% ▕██████████████████▏  487 B                         \u001b[K\n"}
,{"stream_name":"stderr","time":84.26026222,"data":"verifying sha256 digest ⠋ \u001b[K\u001b[?25h\u001b[?2026l\u001b[?2026h\u001b[?25l\u001b[A\u001b[A\u001b[A\u001b[1Gpulling manifest \u001b[K\n"}
,{"stream_name":"stderr","time":84.260303,"data":"pulling 60e05f210007: 100% ▕█████████████████ ▏ 4.7 GB/4.7 GB  117 MB/s      0s\u001b[K\n"}
,{"stream_name":"stderr","time":84.260308675,"data":"pulling d9bb33f27869: 100% ▕██████████████████▏  487 B                         \u001b[K\n"}
,{"stream_name":"stderr","time":84.360797733,"data":"verifying sha256 digest ⠙ \u001b[K\u001b[?25h\u001b[?2026l\u001b[?2026h\u001b[?25l\u001b[A\u001b[A\u001b[A\u001b[1Gpulling manifest \u001b[K\n"}
,{"stream_name":"stderr","time":84.360855276,"data":"pulling 60e05f210007: 100% ▕█████████████████ ▏ 4.7 GB/4.7 GB  117 MB/s      0s\u001b[K\n"}
,{"stream_name":"stderr","time":84.360861713,"data":"pulling d9bb33f27869: 100% ▕██████████████████▏  487 B                         \u001b[K\n"}
,{"stream_name":"stderr","time":84.460212773,"data":"verifying sha256 digest ⠹ \u001b[K\u001b[?25h\u001b[?2026l\u001b[?2026h\u001b[?25l\u001b[A\u001b[A\u001b[A\u001b[1Gpulling manifest \u001b[K\n"}
,{"stream_name":"stderr","time":84.460248729,"data":"pulling 60e05f210007: 100% ▕█████████████████ ▏ 4.7 GB/4.7 GB  117 MB/s      0s\u001b[K\n"}
,{"stream_name":"stderr","time":84.460254259,"data":"pulling d9bb33f27869: 100% ▕██████████████████▏  487 B                         \u001b[K\n"}
,{"stream_name":"stderr","time":84.560687869,"data":"verifying sha256 digest ⠸ \u001b[K\u001b[?25h\u001b[?2026l\u001b[?2026h\u001b[?25l\u001b[A\u001b[A\u001b[A\u001b[1Gpulling manifest \u001b[K\n"}
,{"stream_name":"stderr","time":84.560722663,"data":"pulling 60e05f210007: 100% ▕█████████████████ ▏ 4.7 GB/4.7 GB  117 MB/s      0s\u001b[K\n"}
,{"stream_name":"stderr","time":84.560728257,"data":"pulling d9bb33f27869: 100% ▕██████████████████▏  487 B                         \u001b[K\n"}
,{"stream_name":"stderr","time":84.660234052,"data":"verifying sha256 digest ⠼ \u001b[K\u001b[?25h\u001b[?2026l\u001b[?2026h\u001b[?25l\u001b[A\u001b[A\u001b[A\u001b[1Gpulling manifest \u001b[K\n"}
,{"stream_name":"stderr","time":84.660270822,"data":"pulling 60e05f210007: 100% ▕█████████████████ ▏ 4.7 GB/4.7 GB  117 MB/s      0s\u001b[K\n"}
,{"stream_name":"stderr","time":84.66027609,"data":"pulling d9bb33f27869: 100% ▕██████████████████▏  487 B                         \u001b[K\n"}
,{"stream_name":"stderr","time":84.760736465,"data":"verifying sha256 digest ⠴ \u001b[K\u001b[?25h\u001b[?2026l\u001b[?2026h\u001b[?25l\u001b[A\u001b[A\u001b[A\u001b[1Gpulling manifest \u001b[K\n"}
,{"stream_name":"stderr","time":84.76077235,"data":"pulling 60e05f210007: 100% ▕█████████████████ ▏ 4.7 GB/4.7 GB  117 MB/s      0s\u001b[K\n"}
,{"stream_name":"stderr","time":84.76077827,"data":"pulling d9bb33f27869: 100% ▕██████████████████▏  487 B                         \u001b[K\n"}
,{"stream_name":"stderr","time":84.860326186,"data":"verifying sha256 digest ⠦ \u001b[K\u001b[?25h\u001b[?2026l\u001b[?2026h\u001b[?25l\u001b[A\u001b[A\u001b[A\u001b[1Gpulling manifest \u001b[K\n"}
,{"stream_name":"stderr","time":84.860362976,"data":"pulling 60e05f210007: 100% ▕█████████████████ ▏ 4.7 GB/4.7 GB  117 MB/s      0s\u001b[K\n"}
,{"stream_name":"stderr","time":84.860367225,"data":"pulling d9bb33f27869: 100% ▕██████████████████▏  487 B                         \u001b[K\n"}
,{"stream_name":"stderr","time":84.960806536,"data":"verifying sha256 digest ⠧ \u001b[K\u001b[?25h\u001b[?2026l\u001b[?2026h\u001b[?25l\u001b[A\u001b[A\u001b[A\u001b[1Gpulling manifest \u001b[K\n"}
,{"stream_name":"stderr","time":84.960843423,"data":"pulling 60e05f210007: 100% ▕█████████████████ ▏ 4.7 GB/4.7 GB  117 MB/s      0s\u001b[K\n"}
,{"stream_name":"stderr","time":84.960848763,"data":"pulling d9bb33f27869: 100% ▕██████████████████▏  487 B                         \u001b[K\n"}
,{"stream_name":"stderr","time":85.060210482,"data":"verifying sha256 digest ⠇ \u001b[K\u001b[?25h\u001b[?2026l\u001b[?2026h\u001b[?25l\u001b[A\u001b[A\u001b[A\u001b[1Gpulling manifest \u001b[K\n"}
,{"stream_name":"stderr","time":85.060262397,"data":"pulling 60e05f210007: 100% ▕█████████████████ ▏ 4.7 GB/4.7 GB  117 MB/s      0s\u001b[K\n"}
,{"stream_name":"stderr","time":85.060267569,"data":"pulling d9bb33f27869: 100% ▕██████████████████▏  487 B                         \u001b[K\n"}
,{"stream_name":"stderr","time":85.160794884,"data":"verifying sha256 digest ⠏ \u001b[K\u001b[?25h\u001b[?2026l\u001b[?2026h\u001b[?25l\u001b[A\u001b[A\u001b[A\u001b[1Gpulling manifest \u001b[K\n"}
,{"stream_name":"stderr","time":85.160838118,"data":"pulling 60e05f210007: 100% ▕█████████████████ ▏ 4.7 GB/4.7 GB  117 MB/s      0s\u001b[K\n"}
,{"stream_name":"stderr","time":85.160844048,"data":"pulling d9bb33f27869: 100% ▕██████████████████▏  487 B                         \u001b[K\n"}
,{"stream_name":"stderr","time":85.260377393,"data":"verifying sha256 digest ⠋ \u001b[K\u001b[?25h\u001b[?2026l\u001b[?2026h\u001b[?25l\u001b[A\u001b[A\u001b[A\u001b[1Gpulling manifest \u001b[K\n"}
,{"stream_name":"stderr","time":85.260419193,"data":"pulling 60e05f210007: 100% ▕█████████████████ ▏ 4.7 GB/4.7 GB  117 MB/s      0s\u001b[K\n"}
,{"stream_name":"stderr","time":85.260425252,"data":"pulling d9bb33f27869: 100% ▕██████████████████▏  487 B                         \u001b[K\n"}
,{"stream_name":"stderr","time":85.359896387,"data":"verifying sha256 digest ⠙ \u001b[K\u001b[?25h\u001b[?2026l\u001b[?2026h\u001b[?25l\u001b[A\u001b[A\u001b[A\u001b[1Gpulling manifest \u001b[K\n"}
,{"stream_name":"stderr","time":85.359937857,"data":"pulling 60e05f210007: 100% ▕█████████████████ ▏ 4.7 GB/4.7 GB  117 MB/s      0s\u001b[K\n"}
,{"stream_name":"stderr","time":85.359944239,"data":"pulling d9bb33f27869: 100% ▕██████████████████▏  487 B                         \u001b[K\n"}
,{"stream_name":"stderr","time":85.460636919,"data":"verifying sha256 digest ⠹ \u001b[K\u001b[?25h\u001b[?2026l\u001b[?2026h\u001b[?25l\u001b[A\u001b[A\u001b[A\u001b[1Gpulling manifest \u001b[K\n"}
,{"stream_name":"stderr","time":85.460675195,"data":"pulling 60e05f210007: 100% ▕█████████████████ ▏ 4.7 GB/4.7 GB  117 MB/s      0s\u001b[K\n"}
,{"stream_name":"stderr","time":85.460681533,"data":"pulling d9bb33f27869: 100% ▕██████████████████▏  487 B                         \u001b[K\n"}
,{"stream_name":"stderr","time":85.560276278,"data":"verifying sha256 digest ⠸ \u001b[K\u001b[?25h\u001b[?2026l\u001b[?2026h\u001b[?25l\u001b[A\u001b[A\u001b[A\u001b[1Gpulling manifest \u001b[K\n"}
,{"stream_name":"stderr","time":85.560316798,"data":"pulling 60e05f210007: 100% ▕█████████████████ ▏ 4.7 GB/4.7 GB  117 MB/s      0s\u001b[K\n"}
,{"stream_name":"stderr","time":85.560321267,"data":"pulling d9bb33f27869: 100% ▕██████████████████▏  487 B                         \u001b[K\n"}
,{"stream_name":"stderr","time":85.660752937,"data":"verifying sha256 digest ⠼ \u001b[K\u001b[?25h\u001b[?2026l\u001b[?2026h\u001b[?25l\u001b[A\u001b[A\u001b[A\u001b[1Gpulling manifest \u001b[K\n"}
,{"stream_name":"stderr","time":85.660789874,"data":"pulling 60e05f210007: 100% ▕█████████████████ ▏ 4.7 GB/4.7 GB  117 MB/s      0s\u001b[K\n"}
,{"stream_name":"stderr","time":85.660795117,"data":"pulling d9bb33f27869: 100% ▕██████████████████▏  487 B                         \u001b[K\n"}
,{"stream_name":"stderr","time":85.760231587,"data":"verifying sha256 digest ⠴ \u001b[K\u001b[?25h\u001b[?2026l\u001b[?2026h\u001b[?25l\u001b[A\u001b[A\u001b[A\u001b[1Gpulling manifest \u001b[K\n"}
,{"stream_name":"stderr","time":85.760278881,"data":"pulling 60e05f210007: 100% ▕█████████████████ ▏ 4.7 GB/4.7 GB  117 MB/s      0s\u001b[K\n"}
,{"stream_name":"stderr","time":85.760286958,"data":"pulling d9bb33f27869: 100% ▕██████████████████▏  487 B                         \u001b[K\n"}
,{"stream_name":"stderr","time":85.860753794,"data":"verifying sha256 digest ⠦ \u001b[K\u001b[?25h\u001b[?2026l\u001b[?2026h\u001b[?25l\u001b[A\u001b[A\u001b[A\u001b[1Gpulling manifest \u001b[K\n"}
,{"stream_name":"stderr","time":85.860790328,"data":"pulling 60e05f210007: 100% ▕█████████████████ ▏ 4.7 GB/4.7 GB  117 MB/s      0s\u001b[K\n"}
,{"stream_name":"stderr","time":85.860795865,"data":"pulling d9bb33f27869: 100% ▕██████████████████▏  487 B                         \u001b[K\n"}
,{"stream_name":"stderr","time":85.960316689,"data":"verifying sha256 digest ⠧ \u001b[K\u001b[?25h\u001b[?2026l\u001b[?2026h\u001b[?25l\u001b[A\u001b[A\u001b[A\u001b[1Gpulling manifest \u001b[K\n"}
,{"stream_name":"stderr","time":85.960368507,"data":"pulling 60e05f210007: 100% ▕█████████████████ ▏ 4.7 GB/4.7 GB  117 MB/s      0s\u001b[K\n"}
,{"stream_name":"stderr","time":85.960374244,"data":"pulling d9bb33f27869: 100% ▕██████████████████▏  487 B                         \u001b[K\n"}
,{"stream_name":"stderr","time":86.060636567,"data":"verifying sha256 digest ⠇ \u001b[K\u001b[?25h\u001b[?2026l\u001b[?2026h\u001b[?25l\u001b[A\u001b[A\u001b[A\u001b[1Gpulling manifest \u001b[K\n"}
,{"stream_name":"stderr","time":86.060670876,"data":"pulling 60e05f210007: 100% ▕█████████████████ ▏ 4.7 GB/4.7 GB  117 MB/s      0s\u001b[K\n"}
,{"stream_name":"stderr","time":86.060676126,"data":"pulling d9bb33f27869: 100% ▕██████████████████▏  487 B                         \u001b[K\n"}
,{"stream_name":"stderr","time":86.160394007,"data":"verifying sha256 digest ⠏ \u001b[K\u001b[?25h\u001b[?2026l\u001b[?2026h\u001b[?25l\u001b[A\u001b[A\u001b[A\u001b[1Gpulling manifest \u001b[K\n"}
,{"stream_name":"stderr","time":86.160435678,"data":"pulling 60e05f210007: 100% ▕█████████████████ ▏ 4.7 GB/4.7 GB  117 MB/s      0s\u001b[K\n"}
,{"stream_name":"stderr","time":86.160441127,"data":"pulling d9bb33f27869: 100% ▕██████████████████▏  487 B                         \u001b[K\n"}
,{"stream_name":"stderr","time":86.260052473,"data":"verifying sha256 digest ⠋ \u001b[K\u001b[?25h\u001b[?2026l\u001b[?2026h\u001b[?25l\u001b[A\u001b[A\u001b[A\u001b[1Gpulling manifest \u001b[K\n"}
,{"stream_name":"stderr","time":86.260101061,"data":"pulling 60e05f210007: 100% ▕█████████████████ ▏ 4.7 GB/4.7 GB  117 MB/s      0s\u001b[K\n"}
,{"stream_name":"stderr","time":86.260107215,"data":"pulling d9bb33f27869: 100% ▕██████████████████▏  487 B                         \u001b[K\n"}
,{"stream_name":"stderr","time":86.360617328,"data":"verifying sha256 digest ⠙ \u001b[K\u001b[?25h\u001b[?2026l\u001b[?2026h\u001b[?25l\u001b[A\u001b[A\u001b[A\u001b[1Gpulling manifest \u001b[K\n"}
,{"stream_name":"stderr","time":86.360659461,"data":"pulling 60e05f210007: 100% ▕█████████████████ ▏ 4.7 GB/4.7 GB  117 MB/s      0s\u001b[K\n"}
,{"stream_name":"stderr","time":86.360684058,"data":"pulling d9bb33f27869: 100% ▕██████████████████▏  487 B                         \u001b[K\n"}
,{"stream_name":"stderr","time":86.460348939,"data":"verifying sha256 digest ⠹ \u001b[K\u001b[?25h\u001b[?2026l\u001b[?2026h\u001b[?25l\u001b[A\u001b[A\u001b[A\u001b[1Gpulling manifest \u001b[K\n"}
,{"stream_name":"stderr","time":86.460400955,"data":"pulling 60e05f210007: 100% ▕█████████████████ ▏ 4.7 GB/4.7 GB  117 MB/s      0s\u001b[K\n"}
,{"stream_name":"stderr","time":86.460407498,"data":"pulling d9bb33f27869: 100% ▕██████████████████▏  487 B                         \u001b[K\n"}
,{"stream_name":"stderr","time":86.560765695,"data":"verifying sha256 digest ⠸ \u001b[K\u001b[?25h\u001b[?2026l\u001b[?2026h\u001b[?25l\u001b[A\u001b[A\u001b[A\u001b[1Gpulling manifest \u001b[K\n"}
,{"stream_name":"stderr","time":86.56081167,"data":"pulling 60e05f210007: 100% ▕█████████████████ ▏ 4.7 GB/4.7 GB  117 MB/s      0s\u001b[K\n"}
,{"stream_name":"stderr","time":86.560817615,"data":"pulling d9bb33f27869: 100% ▕██████████████████▏  487 B                         \u001b[K\n"}
,{"stream_name":"stderr","time":86.660354804,"data":"verifying sha256 digest ⠼ \u001b[K\u001b[?25h\u001b[?2026l\u001b[?2026h\u001b[?25l\u001b[A\u001b[A\u001b[A\u001b[1Gpulling manifest \u001b[K\n"}
,{"stream_name":"stderr","time":86.660394357,"data":"pulling 60e05f210007: 100% ▕█████████████████ ▏ 4.7 GB/4.7 GB  117 MB/s      0s\u001b[K\n"}
,{"stream_name":"stderr","time":86.660400284,"data":"pulling d9bb33f27869: 100% ▕██████████████████▏  487 B                         \u001b[K\n"}
,{"stream_name":"stderr","time":86.759866094,"data":"verifying sha256 digest ⠴ \u001b[K\u001b[?25h\u001b[?2026l\u001b[?2026h\u001b[?25l\u001b[A\u001b[A\u001b[A\u001b[1Gpulling manifest \u001b[K\n"}
,{"stream_name":"stderr","time":86.759907033,"data":"pulling 60e05f210007: 100% ▕█████████████████ ▏ 4.7 GB/4.7 GB  117 MB/s      0s\u001b[K\n"}
,{"stream_name":"stderr","time":86.759912917,"data":"pulling d9bb33f27869: 100% ▕██████████████████▏  487 B                         \u001b[K\n"}
,{"stream_name":"stderr","time":86.860387908,"data":"verifying sha256 digest ⠦ \u001b[K\u001b[?25h\u001b[?2026l\u001b[?2026h\u001b[?25l\u001b[A\u001b[A\u001b[A\u001b[1Gpulling manifest \u001b[K\n"}
,{"stream_name":"stderr","time":86.860425304,"data":"pulling 60e05f210007: 100% ▕█████████████████ ▏ 4.7 GB/4.7 GB  117 MB/s      0s\u001b[K\n"}
,{"stream_name":"stderr","time":86.860430878,"data":"pulling d9bb33f27869: 100% ▕██████████████████▏  487 B                         \u001b[K\n"}
,{"stream_name":"stderr","time":86.959916214,"data":"verifying sha256 digest ⠧ \u001b[K\u001b[?25h\u001b[?2026l\u001b[?2026h\u001b[?25l\u001b[A\u001b[A\u001b[A\u001b[1Gpulling manifest \u001b[K\n"}
,{"stream_name":"stderr","time":86.959951857,"data":"pulling 60e05f210007: 100% ▕█████████████████ ▏ 4.7 GB/4.7 GB  117 MB/s      0s\u001b[K\n"}
,{"stream_name":"stderr","time":86.959977823,"data":"pulling d9bb33f27869: 100% ▕██████████████████▏  487 B                         \u001b[K\n"}
,{"stream_name":"stderr","time":87.060585997,"data":"verifying sha256 digest ⠇ \u001b[K\u001b[?25h\u001b[?2026l\u001b[?2026h\u001b[?25l\u001b[A\u001b[A\u001b[A\u001b[1Gpulling manifest \u001b[K\n"}
,{"stream_name":"stderr","time":87.060644136,"data":"pulling 60e05f210007: 100% ▕█████████████████ ▏ 4.7 GB/4.7 GB  117 MB/s      0s\u001b[K\n"}
,{"stream_name":"stderr","time":87.06064996,"data":"pulling d9bb33f27869: 100% ▕██████████████████▏  487 B                         \u001b[K\n"}
,{"stream_name":"stderr","time":87.159934513,"data":"verifying sha256 digest ⠏ \u001b[K\u001b[?25h\u001b[?2026l\u001b[?2026h\u001b[?25l\u001b[A\u001b[A\u001b[A\u001b[1Gpulling manifest \u001b[K\n"}
,{"stream_name":"stderr","time":87.159992795,"data":"pulling 60e05f210007: 100% ▕█████████████████ ▏ 4.7 GB/4.7 GB  117 MB/s      0s\u001b[K\n"}
,{"stream_name":"stderr","time":87.160002207,"data":"pulling d9bb33f27869: 100% ▕██████████████████▏  487 B                         \u001b[K\n"}
,{"stream_name":"stderr","time":87.260589372,"data":"verifying sha256 digest ⠋ \u001b[K\u001b[?25h\u001b[?2026l\u001b[?2026h\u001b[?25l\u001b[A\u001b[A\u001b[A\u001b[1Gpulling manifest \u001b[K\n"}
,{"stream_name":"stderr","time":87.260631015,"data":"pulling 60e05f210007: 100% ▕█████████████████ ▏ 4.7 GB/4.7 GB  117 MB/s      0s\u001b[K\n"}
,{"stream_name":"stderr","time":87.260637187,"data":"pulling d9bb33f27869: 100% ▕██████████████████▏  487 B                         \u001b[K\n"}
,{"stream_name":"stderr","time":87.360157823,"data":"verifying sha256 digest ⠙ \u001b[K\u001b[?25h\u001b[?2026l\u001b[?2026h\u001b[?25l\u001b[A\u001b[A\u001b[A\u001b[1Gpulling manifest \u001b[K\n"}
,{"stream_name":"stderr","time":87.36019915,"data":"pulling 60e05f210007: 100% ▕█████████████████ ▏ 4.7 GB/4.7 GB  117 MB/s      0s\u001b[K\n"}
,{"stream_name":"stderr","time":87.36020543,"data":"pulling d9bb33f27869: 100% ▕██████████████████▏  487 B                         \u001b[K\n"}
,{"stream_name":"stderr","time":87.460701328,"data":"verifying sha256 digest ⠹ \u001b[K\u001b[?25h\u001b[?2026l\u001b[?2026h\u001b[?25l\u001b[A\u001b[A\u001b[A\u001b[1Gpulling manifest \u001b[K\n"}
,{"stream_name":"stderr","time":87.460740998,"data":"pulling 60e05f210007: 100% ▕█████████████████ ▏ 4.7 GB/4.7 GB  117 MB/s      0s\u001b[K\n"}
,{"stream_name":"stderr","time":87.460746427,"data":"pulling d9bb33f27869: 100% ▕██████████████████▏  487 B                         \u001b[K\n"}
,{"stream_name":"stderr","time":87.560340652,"data":"verifying sha256 digest ⠸ \u001b[K\u001b[?25h\u001b[?2026l\u001b[?2026h\u001b[?25l\u001b[A\u001b[A\u001b[A\u001b[1Gpulling manifest \u001b[K\n"}
,{"stream_name":"stderr","time":87.560391615,"data":"pulling 60e05f210007: 100% ▕█████████████████ ▏ 4.7 GB/4.7 GB  117 MB/s      0s\u001b[K\n"}
,{"stream_name":"stderr","time":87.560397392,"data":"pulling d9bb33f27869: 100% ▕██████████████████▏  487 B                         \u001b[K\n"}
,{"stream_name":"stderr","time":87.660816807,"data":"verifying sha256 digest ⠼ \u001b[K\u001b[?25h\u001b[?2026l\u001b[?2026h\u001b[?25l\u001b[A\u001b[A\u001b[A\u001b[1Gpulling manifest \u001b[K\n"}
,{"stream_name":"stderr","time":87.6608549,"data":"pulling 60e05f210007: 100% ▕█████████████████ ▏ 4.7 GB/4.7 GB  117 MB/s      0s\u001b[K\n"}
,{"stream_name":"stderr","time":87.660860389,"data":"pulling d9bb33f27869: 100% ▕██████████████████▏  487 B                         \u001b[K\n"}
,{"stream_name":"stderr","time":87.760340643,"data":"verifying sha256 digest ⠴ \u001b[K\u001b[?25h\u001b[?2026l\u001b[?2026h\u001b[?25l\u001b[A\u001b[A\u001b[A\u001b[1Gpulling manifest \u001b[K\n"}
,{"stream_name":"stderr","time":87.760395174,"data":"pulling 60e05f210007: 100% ▕█████████████████ ▏ 4.7 GB/4.7 GB  117 MB/s      0s\u001b[K\n"}
,{"stream_name":"stderr","time":87.760400916,"data":"pulling d9bb33f27869: 100% ▕██████████████████▏  487 B                         \u001b[K\n"}
,{"stream_name":"stderr","time":87.86094904,"data":"verifying sha256 digest ⠦ \u001b[K\u001b[?25h\u001b[?2026l\u001b[?2026h\u001b[?25l\u001b[A\u001b[A\u001b[A\u001b[1Gpulling manifest \u001b[K\n"}
,{"stream_name":"stderr","time":87.861012958,"data":"pulling 60e05f210007: 100% ▕█████████████████ ▏ 4.7 GB/4.7 GB  117 MB/s      0s\u001b[K\n"}
,{"stream_name":"stderr","time":87.861019481,"data":"pulling d9bb33f27869: 100% ▕██████████████████▏  487 B                         \u001b[K\n"}
,{"stream_name":"stderr","time":87.960481811,"data":"verifying sha256 digest ⠧ \u001b[K\u001b[?25h\u001b[?2026l\u001b[?2026h\u001b[?25l\u001b[A\u001b[A\u001b[A\u001b[1Gpulling manifest \u001b[K\n"}
,{"stream_name":"stderr","time":87.960521569,"data":"pulling 60e05f210007: 100% ▕█████████████████ ▏ 4.7 GB/4.7 GB  117 MB/s      0s\u001b[K\n"}
,{"stream_name":"stderr","time":87.960527723,"data":"pulling d9bb33f27869: 100% ▕██████████████████▏  487 B                         \u001b[K\n"}
,{"stream_name":"stderr","time":88.060929053,"data":"verifying sha256 digest ⠇ \u001b[K\u001b[?25h\u001b[?2026l\u001b[?2026h\u001b[?25l\u001b[A\u001b[A\u001b[A\u001b[1Gpulling manifest \u001b[K\n"}
,{"stream_name":"stderr","time":88.061027349,"data":"pulling 60e05f210007: 100% ▕█████████████████ ▏ 4.7 GB/4.7 GB  117 MB/s      0s\u001b[K\n"}
,{"stream_name":"stderr","time":88.061035993,"data":"pulling d9bb33f27869: 100% ▕██████████████████▏  487 B                         \u001b[K\n"}
,{"stream_name":"stderr","time":88.160443163,"data":"verifying sha256 digest ⠏ \u001b[K\u001b[?25h\u001b[?2026l\u001b[?2026h\u001b[?25l\u001b[A\u001b[A\u001b[A\u001b[1Gpulling manifest \u001b[K\n"}
,{"stream_name":"stderr","time":88.160482641,"data":"pulling 60e05f210007: 100% ▕█████████████████ ▏ 4.7 GB/4.7 GB  117 MB/s      0s\u001b[K\n"}
,{"stream_name":"stderr","time":88.160488324,"data":"pulling d9bb33f27869: 100% ▕██████████████████▏  487 B                         \u001b[K\n"}
,{"stream_name":"stderr","time":88.259932859,"data":"verifying sha256 digest ⠋ \u001b[K\u001b[?25h\u001b[?2026l\u001b[?2026h\u001b[?25l\u001b[A\u001b[A\u001b[A\u001b[1Gpulling manifest \u001b[K\n"}
,{"stream_name":"stderr","time":88.260000003,"data":"pulling 60e05f210007: 100% ▕█████████████████ ▏ 4.7 GB/4.7 GB  117 MB/s      0s\u001b[K\n"}
,{"stream_name":"stderr","time":88.260010695,"data":"pulling d9bb33f27869: 100% ▕██████████████████▏  487 B                         \u001b[K\n"}
,{"stream_name":"stderr","time":88.36042553,"data":"verifying sha256 digest ⠙ \u001b[K\u001b[?25h\u001b[?2026l\u001b[?2026h\u001b[?25l\u001b[A\u001b[A\u001b[A\u001b[1Gpulling manifest \u001b[K\n"}
,{"stream_name":"stderr","time":88.360466338,"data":"pulling 60e05f210007: 100% ▕█████████████████ ▏ 4.7 GB/4.7 GB  117 MB/s      0s\u001b[K\n"}
,{"stream_name":"stderr","time":88.36047184,"data":"pulling d9bb33f27869: 100% ▕██████████████████▏  487 B                         \u001b[K\n"}
,{"stream_name":"stderr","time":88.459934374,"data":"verifying sha256 digest ⠹ \u001b[K\u001b[?25h\u001b[?2026l\u001b[?2026h\u001b[?25l\u001b[A\u001b[A\u001b[A\u001b[1Gpulling manifest \u001b[K\n"}
,{"stream_name":"stderr","time":88.459993418,"data":"pulling 60e05f210007: 100% ▕█████████████████ ▏ 4.7 GB/4.7 GB  117 MB/s      0s\u001b[K\n"}
,{"stream_name":"stderr","time":88.460001901,"data":"pulling d9bb33f27869: 100% ▕██████████████████▏  487 B                         \u001b[K\n"}
,{"stream_name":"stderr","time":88.560478881,"data":"verifying sha256 digest ⠸ \u001b[K\u001b[?25h\u001b[?2026l\u001b[?2026h\u001b[?25l\u001b[A\u001b[A\u001b[A\u001b[1Gpulling manifest \u001b[K\n"}
,{"stream_name":"stderr","time":88.560517702,"data":"pulling 60e05f210007: 100% ▕█████████████████ ▏ 4.7 GB/4.7 GB  117 MB/s      0s\u001b[K\n"}
,{"stream_name":"stderr","time":88.560523279,"data":"pulling d9bb33f27869: 100% ▕██████████████████▏  487 B                         \u001b[K\n"}
,{"stream_name":"stderr","time":88.660101479,"data":"verifying sha256 digest ⠼ \u001b[K\u001b[?25h\u001b[?2026l\u001b[?2026h\u001b[?25l\u001b[A\u001b[A\u001b[A\u001b[1Gpulling manifest \u001b[K\n"}
,{"stream_name":"stderr","time":88.660142414,"data":"pulling 60e05f210007: 100% ▕█████████████████ ▏ 4.7 GB/4.7 GB  117 MB/s      0s\u001b[K\n"}
,{"stream_name":"stderr","time":88.660148275,"data":"pulling d9bb33f27869: 100% ▕██████████████████▏  487 B                         \u001b[K\n"}
,{"stream_name":"stderr","time":88.760668034,"data":"verifying sha256 digest ⠴ \u001b[K\u001b[?25h\u001b[?2026l\u001b[?2026h\u001b[?25l\u001b[A\u001b[A\u001b[A\u001b[1Gpulling manifest \u001b[K\n"}
,{"stream_name":"stderr","time":88.760708438,"data":"pulling 60e05f210007: 100% ▕█████████████████ ▏ 4.7 GB/4.7 GB  117 MB/s      0s\u001b[K\n"}
,{"stream_name":"stderr","time":88.760714927,"data":"pulling d9bb33f27869: 100% ▕██████████████████▏  487 B                         \u001b[K\n"}
,{"stream_name":"stderr","time":88.86007976,"data":"verifying sha256 digest ⠦ \u001b[K\u001b[?25h\u001b[?2026l\u001b[?2026h\u001b[?25l\u001b[A\u001b[A\u001b[A\u001b[1Gpulling manifest \u001b[K\n"}
,{"stream_name":"stderr","time":88.860116245,"data":"pulling 60e05f210007: 100% ▕█████████████████ ▏ 4.7 GB/4.7 GB  117 MB/s      0s\u001b[K\n"}
,{"stream_name":"stderr","time":88.860121815,"data":"pulling d9bb33f27869: 100% ▕██████████████████▏  487 B                         \u001b[K\n"}
,{"stream_name":"stderr","time":88.96056189,"data":"verifying sha256 digest ⠧ \u001b[K\u001b[?25h\u001b[?2026l\u001b[?2026h\u001b[?25l\u001b[A\u001b[A\u001b[A\u001b[1Gpulling manifest \u001b[K\n"}
,{"stream_name":"stderr","time":88.960602387,"data":"pulling 60e05f210007: 100% ▕█████████████████ ▏ 4.7 GB/4.7 GB  117 MB/s      0s\u001b[K\n"}
,{"stream_name":"stderr","time":88.960609525,"data":"pulling d9bb33f27869: 100% ▕██████████████████▏  487 B                         \u001b[K\n"}
,{"stream_name":"stderr","time":89.060214108,"data":"verifying sha256 digest ⠇ \u001b[K\u001b[?25h\u001b[?2026l\u001b[?2026h\u001b[?25l\u001b[A\u001b[A\u001b[A\u001b[1Gpulling manifest \u001b[K\n"}
,{"stream_name":"stderr","time":89.060256675,"data":"pulling 60e05f210007: 100% ▕█████████████████ ▏ 4.7 GB/4.7 GB  117 MB/s      0s\u001b[K\n"}
,{"stream_name":"stderr","time":89.060314596,"data":"pulling d9bb33f27869: 100% ▕██████████████████▏  487 B                         \u001b[K\n"}
,{"stream_name":"stderr","time":89.160935918,"data":"verifying sha256 digest ⠏ \u001b[K\u001b[?25h\u001b[?2026l\u001b[?2026h\u001b[?25l\u001b[A\u001b[A\u001b[A\u001b[1Gpulling manifest \u001b[K\n"}
,{"stream_name":"stderr","time":89.160997531,"data":"pulling 60e05f210007: 100% ▕█████████████████ ▏ 4.7 GB/4.7 GB  117 MB/s      0s\u001b[K\n"}
,{"stream_name":"stderr","time":89.161005169,"data":"pulling d9bb33f27869: 100% ▕██████████████████▏  487 B                         \u001b[K\n"}
,{"stream_name":"stderr","time":89.2603728,"data":"verifying sha256 digest ⠋ \u001b[K\u001b[?25h\u001b[?2026l\u001b[?2026h\u001b[?25l\u001b[A\u001b[A\u001b[A\u001b[1Gpulling manifest \u001b[K\n"}
,{"stream_name":"stderr","time":89.260415582,"data":"pulling 60e05f210007: 100% ▕█████████████████ ▏ 4.7 GB/4.7 GB  117 MB/s      0s\u001b[K\n"}
,{"stream_name":"stderr","time":89.260421553,"data":"pulling d9bb33f27869: 100% ▕██████████████████▏  487 B                         \u001b[K\n"}
,{"stream_name":"stderr","time":89.359974904,"data":"verifying sha256 digest ⠙ \u001b[K\u001b[?25h\u001b[?2026l\u001b[?2026h\u001b[?25l\u001b[A\u001b[A\u001b[A\u001b[1Gpulling manifest \u001b[K\n"}
,{"stream_name":"stderr","time":89.360019507,"data":"pulling 60e05f210007: 100% ▕█████████████████ ▏ 4.7 GB/4.7 GB  117 MB/s      0s\u001b[K\n"}
,{"stream_name":"stderr","time":89.360024943,"data":"pulling d9bb33f27869: 100% ▕██████████████████▏  487 B                         \u001b[K\n"}
,{"stream_name":"stderr","time":89.460537535,"data":"verifying sha256 digest ⠹ \u001b[K\u001b[?25h\u001b[?2026l\u001b[?2026h\u001b[?25l\u001b[A\u001b[A\u001b[A\u001b[1Gpulling manifest \u001b[K\n"}
,{"stream_name":"stderr","time":89.460579032,"data":"pulling 60e05f210007: 100% ▕█████████████████ ▏ 4.7 GB/4.7 GB  117 MB/s      0s\u001b[K\n"}
,{"stream_name":"stderr","time":89.460583176,"data":"pulling d9bb33f27869: 100% ▕██████████████████▏  487 B                         \u001b[K\n"}
,{"stream_name":"stderr","time":89.560152472,"data":"verifying sha256 digest ⠸ \u001b[K\u001b[?25h\u001b[?2026l\u001b[?2026h\u001b[?25l\u001b[A\u001b[A\u001b[A\u001b[1Gpulling manifest \u001b[K\n"}
,{"stream_name":"stderr","time":89.560190098,"data":"pulling 60e05f210007: 100% ▕█████████████████ ▏ 4.7 GB/4.7 GB  117 MB/s      0s\u001b[K\n"}
,{"stream_name":"stderr","time":89.560195229,"data":"pulling d9bb33f27869: 100% ▕██████████████████▏  487 B                         \u001b[K\n"}
,{"stream_name":"stderr","time":89.660736431,"data":"verifying sha256 digest ⠼ \u001b[K\u001b[?25h\u001b[?2026l\u001b[?2026h\u001b[?25l\u001b[A\u001b[A\u001b[A\u001b[1Gpulling manifest \u001b[K\n"}
,{"stream_name":"stderr","time":89.660773974,"data":"pulling 60e05f210007: 100% ▕█████████████████ ▏ 4.7 GB/4.7 GB  117 MB/s      0s\u001b[K\n"}
,{"stream_name":"stderr","time":89.660779704,"data":"pulling d9bb33f27869: 100% ▕██████████████████▏  487 B                         \u001b[K\n"}
,{"stream_name":"stderr","time":89.760263114,"data":"verifying sha256 digest ⠴ \u001b[K\u001b[?25h\u001b[?2026l\u001b[?2026h\u001b[?25l\u001b[A\u001b[A\u001b[A\u001b[1Gpulling manifest \u001b[K\n"}
,{"stream_name":"stderr","time":89.760415694,"data":"pulling 60e05f210007: 100% ▕█████████████████ ▏ 4.7 GB/4.7 GB  117 MB/s      0s\u001b[K\n"}
,{"stream_name":"stderr","time":89.760424906,"data":"pulling d9bb33f27869: 100% ▕██████████████████▏  487 B                         \u001b[K\n"}
,{"stream_name":"stderr","time":89.860680681,"data":"verifying sha256 digest ⠦ \u001b[K\u001b[?25h\u001b[?2026l\u001b[?2026h\u001b[?25l\u001b[A\u001b[A\u001b[A\u001b[1Gpulling manifest \u001b[K\n"}
,{"stream_name":"stderr","time":89.860718992,"data":"pulling 60e05f210007: 100% ▕█████████████████ ▏ 4.7 GB/4.7 GB  117 MB/s      0s\u001b[K\n"}
,{"stream_name":"stderr","time":89.860724642,"data":"pulling d9bb33f27869: 100% ▕██████████████████▏  487 B                         \u001b[K\n"}
,{"stream_name":"stderr","time":89.960288558,"data":"verifying sha256 digest ⠧ \u001b[K\u001b[?25h\u001b[?2026l\u001b[?2026h\u001b[?25l\u001b[A\u001b[A\u001b[A\u001b[1Gpulling manifest \u001b[K\n"}
,{"stream_name":"stderr","time":89.960329168,"data":"pulling 60e05f210007: 100% ▕█████████████████ ▏ 4.7 GB/4.7 GB  117 MB/s      0s\u001b[K\n"}
,{"stream_name":"stderr","time":89.960335922,"data":"pulling d9bb33f27869: 100% ▕██████████████████▏  487 B                         \u001b[K\n"}
,{"stream_name":"stderr","time":90.060635245,"data":"verifying sha256 digest ⠇ \u001b[K\u001b[?25h\u001b[?2026l\u001b[?2026h\u001b[?25l\u001b[A\u001b[A\u001b[A\u001b[1Gpulling manifest \u001b[K\n"}
,{"stream_name":"stderr","time":90.060682638,"data":"pulling 60e05f210007: 100% ▕█████████████████ ▏ 4.7 GB/4.7 GB  117 MB/s      0s\u001b[K\n"}
,{"stream_name":"stderr","time":90.060691755,"data":"pulling d9bb33f27869: 100% ▕██████████████████▏  487 B                         \u001b[K\n"}
,{"stream_name":"stderr","time":90.160130683,"data":"verifying sha256 digest ⠏ \u001b[K\u001b[?25h\u001b[?2026l\u001b[?2026h\u001b[?25l\u001b[A\u001b[A\u001b[A\u001b[1Gpulling manifest \u001b[K\n"}
,{"stream_name":"stderr","time":90.1601747,"data":"pulling 60e05f210007: 100% ▕█████████████████ ▏ 4.7 GB/4.7 GB  117 MB/s      0s\u001b[K\n"}
,{"stream_name":"stderr","time":90.16018208,"data":"pulling d9bb33f27869: 100% ▕██████████████████▏  487 B                         \u001b[K\n"}
,{"stream_name":"stderr","time":90.260702139,"data":"verifying sha256 digest ⠋ \u001b[K\u001b[?25h\u001b[?2026l\u001b[?2026h\u001b[?25l\u001b[A\u001b[A\u001b[A\u001b[1Gpulling manifest \u001b[K\n"}
,{"stream_name":"stderr","time":90.260742875,"data":"pulling 60e05f210007: 100% ▕█████████████████ ▏ 4.7 GB/4.7 GB  117 MB/s      0s\u001b[K\n"}
,{"stream_name":"stderr","time":90.260751121,"data":"pulling d9bb33f27869: 100% ▕██████████████████▏  487 B                         \u001b[K\n"}
,{"stream_name":"stderr","time":90.360308881,"data":"verifying sha256 digest ⠙ \u001b[K\u001b[?25h\u001b[?2026l\u001b[?2026h\u001b[?25l\u001b[A\u001b[A\u001b[A\u001b[1Gpulling manifest \u001b[K\n"}
,{"stream_name":"stderr","time":90.360352545,"data":"pulling 60e05f210007: 100% ▕█████████████████ ▏ 4.7 GB/4.7 GB  117 MB/s      0s\u001b[K\n"}
,{"stream_name":"stderr","time":90.360360145,"data":"pulling d9bb33f27869: 100% ▕██████████████████▏  487 B                         \u001b[K\n"}
,{"stream_name":"stderr","time":90.460828725,"data":"verifying sha256 digest ⠹ \u001b[K\u001b[?25h\u001b[?2026l\u001b[?2026h\u001b[?25l\u001b[A\u001b[A\u001b[A\u001b[1Gpulling manifest \u001b[K\n"}
,{"stream_name":"stderr","time":90.460956561,"data":"pulling 60e05f210007: 100% ▕█████████████████ ▏ 4.7 GB/4.7 GB  117 MB/s      0s\u001b[K\n"}
,{"stream_name":"stderr","time":90.461012146,"data":"pulling d9bb33f27869: 100% ▕██████████████████▏  487 B                         \u001b[K\n"}
,{"stream_name":"stderr","time":90.560410703,"data":"verifying sha256 digest ⠸ \u001b[K\u001b[?25h\u001b[?2026l\u001b[?2026h\u001b[?25l\u001b[A\u001b[A\u001b[A\u001b[1Gpulling manifest \u001b[K\n"}
,{"stream_name":"stderr","time":90.560449502,"data":"pulling 60e05f210007: 100% ▕█████████████████ ▏ 4.7 GB/4.7 GB  117 MB/s      0s\u001b[K\n"}
,{"stream_name":"stderr","time":90.560454745,"data":"pulling d9bb33f27869: 100% ▕██████████████████▏  487 B                         \u001b[K\n"}
,{"stream_name":"stderr","time":90.660152813,"data":"verifying sha256 digest ⠼ \u001b[K\u001b[?25h\u001b[?2026l\u001b[?2026h\u001b[?25l\u001b[A\u001b[A\u001b[A\u001b[1Gpulling manifest \u001b[K\n"}
,{"stream_name":"stderr","time":90.660199495,"data":"pulling 60e05f210007: 100% ▕█████████████████ ▏ 4.7 GB/4.7 GB  117 MB/s      0s\u001b[K\n"}
,{"stream_name":"stderr","time":90.660207564,"data":"pulling d9bb33f27869: 100% ▕██████████████████▏  487 B                         \u001b[K\n"}
,{"stream_name":"stderr","time":90.760753817,"data":"verifying sha256 digest ⠴ \u001b[K\u001b[?25h\u001b[?2026l\u001b[?2026h\u001b[?25l\u001b[A\u001b[A\u001b[A\u001b[1Gpulling manifest \u001b[K\n"}
,{"stream_name":"stderr","time":90.760792536,"data":"pulling 60e05f210007: 100% ▕█████████████████ ▏ 4.7 GB/4.7 GB  117 MB/s      0s\u001b[K\n"}
,{"stream_name":"stderr","time":90.760798638,"data":"pulling d9bb33f27869: 100% ▕██████████████████▏  487 B                         \u001b[K\n"}
,{"stream_name":"stderr","time":90.86043741,"data":"verifying sha256 digest ⠦ \u001b[K\u001b[?25h\u001b[?2026l\u001b[?2026h\u001b[?25l\u001b[A\u001b[A\u001b[A\u001b[1Gpulling manifest \u001b[K\n"}
,{"stream_name":"stderr","time":90.860474173,"data":"pulling 60e05f210007: 100% ▕█████████████████ ▏ 4.7 GB/4.7 GB  117 MB/s      0s\u001b[K\n"}
,{"stream_name":"stderr","time":90.860479637,"data":"pulling d9bb33f27869: 100% ▕██████████████████▏  487 B                         \u001b[K\n"}
,{"stream_name":"stderr","time":90.960082206,"data":"verifying sha256 digest ⠧ \u001b[K\u001b[?25h\u001b[?2026l\u001b[?2026h\u001b[?25l\u001b[A\u001b[A\u001b[A\u001b[1Gpulling manifest \u001b[K\n"}
,{"stream_name":"stderr","time":90.960128093,"data":"pulling 60e05f210007: 100% ▕█████████████████ ▏ 4.7 GB/4.7 GB  117 MB/s      0s\u001b[K\n"}
,{"stream_name":"stderr","time":90.960136982,"data":"pulling d9bb33f27869: 100% ▕██████████████████▏  487 B                         \u001b[K\n"}
,{"stream_name":"stderr","time":91.060812633,"data":"verifying sha256 digest ⠇ \u001b[K\u001b[?25h\u001b[?2026l\u001b[?2026h\u001b[?25l\u001b[A\u001b[A\u001b[A\u001b[1Gpulling manifest \u001b[K\n"}
,{"stream_name":"stderr","time":91.060852225,"data":"pulling 60e05f210007: 100% ▕█████████████████ ▏ 4.7 GB/4.7 GB  117 MB/s      0s\u001b[K\n"}
,{"stream_name":"stderr","time":91.060859285,"data":"pulling d9bb33f27869: 100% ▕██████████████████▏  487 B                         \u001b[K\n"}
,{"stream_name":"stderr","time":91.16021557,"data":"verifying sha256 digest ⠏ \u001b[K\u001b[?25h\u001b[?2026l\u001b[?2026h\u001b[?25l\u001b[A\u001b[A\u001b[A\u001b[1Gpulling manifest \u001b[K\n"}
,{"stream_name":"stderr","time":91.160254794,"data":"pulling 60e05f210007: 100% ▕█████████████████ ▏ 4.7 GB/4.7 GB  117 MB/s      0s\u001b[K\n"}
,{"stream_name":"stderr","time":91.160262187,"data":"pulling d9bb33f27869: 100% ▕██████████████████▏  487 B                         \u001b[K\n"}
,{"stream_name":"stderr","time":91.26073708,"data":"verifying sha256 digest ⠋ \u001b[K\u001b[?25h\u001b[?2026l\u001b[?2026h\u001b[?25l\u001b[A\u001b[A\u001b[A\u001b[1Gpulling manifest \u001b[K\n"}
,{"stream_name":"stderr","time":91.26077304,"data":"pulling 60e05f210007: 100% ▕█████████████████ ▏ 4.7 GB/4.7 GB  117 MB/s      0s\u001b[K\n"}
,{"stream_name":"stderr","time":91.260778702,"data":"pulling d9bb33f27869: 100% ▕██████████████████▏  487 B                         \u001b[K\n"}
,{"stream_name":"stderr","time":91.361781173,"data":"verifying sha256 digest ⠙ \u001b[K\u001b[?25h\u001b[?2026l\u001b[?2026h\u001b[?25l\u001b[A\u001b[A\u001b[A\u001b[1Gpulling manifest \u001b[K\n"}
,{"stream_name":"stderr","time":91.361815606,"data":"pulling 60e05f210007: 100% ▕█████████████████ ▏ 4.7 GB/4.7 GB  117 MB/s      0s\u001b[K\n"}
,{"stream_name":"stderr","time":91.361820879,"data":"pulling d9bb33f27869: 100% ▕██████████████████▏  487 B                         \u001b[K\n"}
,{"stream_name":"stderr","time":91.460095236,"data":"verifying sha256 digest ⠹ \u001b[K\u001b[?25h\u001b[?2026l\u001b[?2026h\u001b[?25l\u001b[A\u001b[A\u001b[A\u001b[1Gpulling manifest \u001b[K\n"}
,{"stream_name":"stderr","time":91.460133549,"data":"pulling 60e05f210007: 100% ▕█████████████████ ▏ 4.7 GB/4.7 GB  117 MB/s      0s\u001b[K\n"}
,{"stream_name":"stderr","time":91.46013919,"data":"pulling d9bb33f27869: 100% ▕██████████████████▏  487 B                         \u001b[K\n"}
,{"stream_name":"stderr","time":91.560808696,"data":"verifying sha256 digest ⠸ \u001b[K\u001b[?25h\u001b[?2026l\u001b[?2026h\u001b[?25l\u001b[A\u001b[A\u001b[A\u001b[1Gpulling manifest \u001b[K\n"}
,{"stream_name":"stderr","time":91.560858134,"data":"pulling 60e05f210007: 100% ▕█████████████████ ▏ 4.7 GB/4.7 GB  117 MB/s      0s\u001b[K\n"}
,{"stream_name":"stderr","time":91.560866192,"data":"pulling d9bb33f27869: 100% ▕██████████████████▏  487 B                         \u001b[K\n"}
,{"stream_name":"stderr","time":91.660468368,"data":"verifying sha256 digest ⠼ \u001b[K\u001b[?25h\u001b[?2026l\u001b[?2026h\u001b[?25l\u001b[A\u001b[A\u001b[A\u001b[1Gpulling manifest \u001b[K\n"}
,{"stream_name":"stderr","time":91.66051376,"data":"pulling 60e05f210007: 100% ▕█████████████████ ▏ 4.7 GB/4.7 GB  117 MB/s      0s\u001b[K\n"}
,{"stream_name":"stderr","time":91.660520161,"data":"pulling d9bb33f27869: 100% ▕██████████████████▏  487 B                         \u001b[K\n"}
,{"stream_name":"stderr","time":91.760133394,"data":"verifying sha256 digest ⠴ \u001b[K\u001b[?25h\u001b[?2026l\u001b[?2026h\u001b[?25l\u001b[A\u001b[A\u001b[A\u001b[1Gpulling manifest \u001b[K\n"}
,{"stream_name":"stderr","time":91.760173512,"data":"pulling 60e05f210007: 100% ▕█████████████████ ▏ 4.7 GB/4.7 GB  117 MB/s      0s\u001b[K\n"}
,{"stream_name":"stderr","time":91.760197872,"data":"pulling d9bb33f27869: 100% ▕██████████████████▏  487 B                         \u001b[K\n"}
,{"stream_name":"stderr","time":91.860681883,"data":"verifying sha256 digest ⠦ \u001b[K\u001b[?25h\u001b[?2026l\u001b[?2026h\u001b[?25l\u001b[A\u001b[A\u001b[A\u001b[1Gpulling manifest \u001b[K\n"}
,{"stream_name":"stderr","time":91.860723578,"data":"pulling 60e05f210007: 100% ▕█████████████████ ▏ 4.7 GB/4.7 GB  117 MB/s      0s\u001b[K\n"}
,{"stream_name":"stderr","time":91.860729472,"data":"pulling d9bb33f27869: 100% ▕██████████████████▏  487 B                         \u001b[K\n"}
,{"stream_name":"stderr","time":91.960344777,"data":"verifying sha256 digest ⠧ \u001b[K\u001b[?25h\u001b[?2026l\u001b[?2026h\u001b[?25l\u001b[A\u001b[A\u001b[A\u001b[1Gpulling manifest \u001b[K\n"}
,{"stream_name":"stderr","time":91.960386308,"data":"pulling 60e05f210007: 100% ▕█████████████████ ▏ 4.7 GB/4.7 GB  117 MB/s      0s\u001b[K\n"}
,{"stream_name":"stderr","time":91.960392976,"data":"pulling d9bb33f27869: 100% ▕██████████████████▏  487 B                         \u001b[K\n"}
,{"stream_name":"stderr","time":92.059983412,"data":"verifying sha256 digest ⠇ \u001b[K\u001b[?25h\u001b[?2026l\u001b[?2026h\u001b[?25l\u001b[A\u001b[A\u001b[A\u001b[1Gpulling manifest \u001b[K\n"}
,{"stream_name":"stderr","time":92.060027653,"data":"pulling 60e05f210007: 100% ▕█████████████████ ▏ 4.7 GB/4.7 GB  117 MB/s      0s\u001b[K\n"}
,{"stream_name":"stderr","time":92.06003316,"data":"pulling d9bb33f27869: 100% ▕██████████████████▏  487 B                         \u001b[K\n"}
,{"stream_name":"stderr","time":92.160468323,"data":"verifying sha256 digest ⠏ \u001b[K\u001b[?25h\u001b[?2026l\u001b[?2026h\u001b[?25l\u001b[A\u001b[A\u001b[A\u001b[1Gpulling manifest \u001b[K\n"}
,{"stream_name":"stderr","time":92.16050726,"data":"pulling 60e05f210007: 100% ▕█████████████████ ▏ 4.7 GB/4.7 GB  117 MB/s      0s\u001b[K\n"}
,{"stream_name":"stderr","time":92.160513132,"data":"pulling d9bb33f27869: 100% ▕██████████████████▏  487 B                         \u001b[K\n"}
,{"stream_name":"stderr","time":92.260180835,"data":"verifying sha256 digest ⠋ \u001b[K\u001b[?25h\u001b[?2026l\u001b[?2026h\u001b[?25l\u001b[A\u001b[A\u001b[A\u001b[1Gpulling manifest \u001b[K\n"}
,{"stream_name":"stderr","time":92.260219861,"data":"pulling 60e05f210007: 100% ▕█████████████████ ▏ 4.7 GB/4.7 GB  117 MB/s      0s\u001b[K\n"}
,{"stream_name":"stderr","time":92.260225626,"data":"pulling d9bb33f27869: 100% ▕██████████████████▏  487 B                         \u001b[K\n"}
,{"stream_name":"stderr","time":92.360706936,"data":"verifying sha256 digest ⠙ \u001b[K\u001b[?25h\u001b[?2026l\u001b[?2026h\u001b[?25l\u001b[A\u001b[A\u001b[A\u001b[1Gpulling manifest \u001b[K\n"}
,{"stream_name":"stderr","time":92.360744357,"data":"pulling 60e05f210007: 100% ▕█████████████████ ▏ 4.7 GB/4.7 GB  117 MB/s      0s\u001b[K\n"}
,{"stream_name":"stderr","time":92.360750332,"data":"pulling d9bb33f27869: 100% ▕██████████████████▏  487 B                         \u001b[K\n"}
,{"stream_name":"stderr","time":92.460328559,"data":"verifying sha256 digest ⠹ \u001b[K\u001b[?25h\u001b[?2026l\u001b[?2026h\u001b[?25l\u001b[A\u001b[A\u001b[A\u001b[1Gpulling manifest \u001b[K\n"}
,{"stream_name":"stderr","time":92.460368396,"data":"pulling 60e05f210007: 100% ▕█████████████████ ▏ 4.7 GB/4.7 GB  117 MB/s      0s\u001b[K\n"}
,{"stream_name":"stderr","time":92.46039337,"data":"pulling d9bb33f27869: 100% ▕██████████████████▏  487 B                         \u001b[K\n"}
,{"stream_name":"stderr","time":92.560883827,"data":"verifying sha256 digest ⠸ \u001b[K\u001b[?25h\u001b[?2026l\u001b[?2026h\u001b[?25l\u001b[A\u001b[A\u001b[A\u001b[1Gpulling manifest \u001b[K\n"}
,{"stream_name":"stderr","time":92.560940229,"data":"pulling 60e05f210007: 100% ▕█████████████████ ▏ 4.7 GB/4.7 GB  117 MB/s      0s\u001b[K\n"}
,{"stream_name":"stderr","time":92.560948279,"data":"pulling d9bb33f27869: 100% ▕██████████████████▏  487 B                         \u001b[K\n"}
,{"stream_name":"stderr","time":92.660539267,"data":"verifying sha256 digest ⠼ \u001b[K\u001b[?25h\u001b[?2026l\u001b[?2026h\u001b[?25l\u001b[A\u001b[A\u001b[A\u001b[1Gpulling manifest \u001b[K\n"}
,{"stream_name":"stderr","time":92.660578011,"data":"pulling 60e05f210007: 100% ▕█████████████████ ▏ 4.7 GB/4.7 GB  117 MB/s      0s\u001b[K\n"}
,{"stream_name":"stderr","time":92.660583208,"data":"pulling d9bb33f27869: 100% ▕██████████████████▏  487 B                         \u001b[K\n"}
,{"stream_name":"stderr","time":92.760158989,"data":"verifying sha256 digest ⠴ \u001b[K\u001b[?25h\u001b[?2026l\u001b[?2026h\u001b[?25l\u001b[A\u001b[A\u001b[A\u001b[1Gpulling manifest \u001b[K\n"}
,{"stream_name":"stderr","time":92.760200082,"data":"pulling 60e05f210007: 100% ▕█████████████████ ▏ 4.7 GB/4.7 GB  117 MB/s      0s\u001b[K\n"}
,{"stream_name":"stderr","time":92.760205672,"data":"pulling d9bb33f27869: 100% ▕██████████████████▏  487 B                         \u001b[K\n"}
,{"stream_name":"stderr","time":92.860744903,"data":"verifying sha256 digest ⠦ \u001b[K\u001b[?25h\u001b[?2026l\u001b[?2026h\u001b[?25l\u001b[A\u001b[A\u001b[A\u001b[1Gpulling manifest \u001b[K\n"}
,{"stream_name":"stderr","time":92.860785056,"data":"pulling 60e05f210007: 100% ▕█████████████████ ▏ 4.7 GB/4.7 GB  117 MB/s      0s\u001b[K\n"}
,{"stream_name":"stderr","time":92.860790944,"data":"pulling d9bb33f27869: 100% ▕██████████████████▏  487 B                         \u001b[K\n"}
,{"stream_name":"stderr","time":92.960369217,"data":"verifying sha256 digest ⠧ \u001b[K\u001b[?25h\u001b[?2026l\u001b[?2026h\u001b[?25l\u001b[A\u001b[A\u001b[A\u001b[1Gpulling manifest \u001b[K\n"}
,{"stream_name":"stderr","time":92.960409935,"data":"pulling 60e05f210007: 100% ▕█████████████████ ▏ 4.7 GB/4.7 GB  117 MB/s      0s\u001b[K\n"}
,{"stream_name":"stderr","time":92.960415487,"data":"pulling d9bb33f27869: 100% ▕██████████████████▏  487 B                         \u001b[K\n"}
,{"stream_name":"stderr","time":93.060050456,"data":"verifying sha256 digest ⠇ \u001b[K\u001b[?25h\u001b[?2026l\u001b[?2026h\u001b[?25l\u001b[A\u001b[A\u001b[A\u001b[1Gpulling manifest \u001b[K\n"}
,{"stream_name":"stderr","time":93.060090708,"data":"pulling 60e05f210007: 100% ▕█████████████████ ▏ 4.7 GB/4.7 GB  117 MB/s      0s\u001b[K\n"}
,{"stream_name":"stderr","time":93.060095922,"data":"pulling d9bb33f27869: 100% ▕██████████████████▏  487 B                         \u001b[K\n"}
,{"stream_name":"stderr","time":93.160525212,"data":"verifying sha256 digest ⠏ \u001b[K\u001b[?25h\u001b[?2026l\u001b[?2026h\u001b[?25l\u001b[A\u001b[A\u001b[A\u001b[1Gpulling manifest \u001b[K\n"}
,{"stream_name":"stderr","time":93.160579854,"data":"pulling 60e05f210007: 100% ▕█████████████████ ▏ 4.7 GB/4.7 GB  117 MB/s      0s\u001b[K\n"}
,{"stream_name":"stderr","time":93.160586206,"data":"pulling d9bb33f27869: 100% ▕██████████████████▏  487 B                         \u001b[K\n"}
,{"stream_name":"stderr","time":93.260152526,"data":"verifying sha256 digest ⠋ \u001b[K\u001b[?25h\u001b[?2026l\u001b[?2026h\u001b[?25l\u001b[A\u001b[A\u001b[A\u001b[1Gpulling manifest \u001b[K\n"}
,{"stream_name":"stderr","time":93.260189721,"data":"pulling 60e05f210007: 100% ▕█████████████████ ▏ 4.7 GB/4.7 GB  117 MB/s      0s\u001b[K\n"}
,{"stream_name":"stderr","time":93.260195018,"data":"pulling d9bb33f27869: 100% ▕██████████████████▏  487 B                         \u001b[K\n"}
,{"stream_name":"stderr","time":93.360706745,"data":"verifying sha256 digest ⠙ \u001b[K\u001b[?25h\u001b[?2026l\u001b[?2026h\u001b[?25l\u001b[A\u001b[A\u001b[A\u001b[1Gpulling manifest \u001b[K\n"}
,{"stream_name":"stderr","time":93.360746855,"data":"pulling 60e05f210007: 100% ▕█████████████████ ▏ 4.7 GB/4.7 GB  117 MB/s      0s\u001b[K\n"}
,{"stream_name":"stderr","time":93.360753232,"data":"pulling d9bb33f27869: 100% ▕██████████████████▏  487 B                         \u001b[K\n"}
,{"stream_name":"stderr","time":93.460350192,"data":"verifying sha256 digest ⠹ \u001b[K\u001b[?25h\u001b[?2026l\u001b[?2026h\u001b[?25l\u001b[A\u001b[A\u001b[A\u001b[1Gpulling manifest \u001b[K\n"}
,{"stream_name":"stderr","time":93.46039304,"data":"pulling 60e05f210007: 100% ▕█████████████████ ▏ 4.7 GB/4.7 GB  117 MB/s      0s\u001b[K\n"}
,{"stream_name":"stderr","time":93.460400154,"data":"pulling d9bb33f27869: 100% ▕██████████████████▏  487 B                         \u001b[K\n"}
,{"stream_name":"stderr","time":93.55987839,"data":"verifying sha256 digest ⠸ \u001b[K\u001b[?25h\u001b[?2026l\u001b[?2026h\u001b[?25l\u001b[A\u001b[A\u001b[A\u001b[1Gpulling manifest \u001b[K\n"}
,{"stream_name":"stderr","time":93.559923578,"data":"pulling 60e05f210007: 100% ▕█████████████████ ▏ 4.7 GB/4.7 GB  117 MB/s      0s\u001b[K\n"}
,{"stream_name":"stderr","time":93.559930089,"data":"pulling d9bb33f27869: 100% ▕██████████████████▏  487 B                         \u001b[K\n"}
,{"stream_name":"stderr","time":93.660529402,"data":"verifying sha256 digest ⠼ \u001b[K\u001b[?25h\u001b[?2026l\u001b[?2026h\u001b[?25l\u001b[A\u001b[A\u001b[A\u001b[1Gpulling manifest \u001b[K\n"}
,{"stream_name":"stderr","time":93.660570352,"data":"pulling 60e05f210007: 100% ▕█████████████████ ▏ 4.7 GB/4.7 GB  117 MB/s      0s\u001b[K\n"}
,{"stream_name":"stderr","time":93.660576343,"data":"pulling d9bb33f27869: 100% ▕██████████████████▏  487 B                         \u001b[K\n"}
,{"stream_name":"stderr","time":93.760103501,"data":"verifying sha256 digest ⠴ \u001b[K\u001b[?25h\u001b[?2026l\u001b[?2026h\u001b[?25l\u001b[A\u001b[A\u001b[A\u001b[1Gpulling manifest \u001b[K\n"}
,{"stream_name":"stderr","time":93.760144071,"data":"pulling 60e05f210007: 100% ▕█████████████████ ▏ 4.7 GB/4.7 GB  117 MB/s      0s\u001b[K\n"}
,{"stream_name":"stderr","time":93.760150551,"data":"pulling d9bb33f27869: 100% ▕██████████████████▏  487 B                         \u001b[K\n"}
,{"stream_name":"stderr","time":93.86066401,"data":"verifying sha256 digest ⠦ \u001b[K\u001b[?25h\u001b[?2026l\u001b[?2026h\u001b[?25l\u001b[A\u001b[A\u001b[A\u001b[1Gpulling manifest \u001b[K\n"}
,{"stream_name":"stderr","time":93.860703311,"data":"pulling 60e05f210007: 100% ▕█████████████████ ▏ 4.7 GB/4.7 GB  117 MB/s      0s\u001b[K\n"}
,{"stream_name":"stderr","time":93.860708903,"data":"pulling d9bb33f27869: 100% ▕██████████████████▏  487 B                         \u001b[K\n"}
,{"stream_name":"stderr","time":93.960307982,"data":"verifying sha256 digest ⠧ \u001b[K\u001b[?25h\u001b[?2026l\u001b[?2026h\u001b[?25l\u001b[A\u001b[A\u001b[A\u001b[1Gpulling manifest \u001b[K\n"}
,{"stream_name":"stderr","time":93.960362353,"data":"pulling 60e05f210007: 100% ▕█████████████████ ▏ 4.7 GB/4.7 GB  117 MB/s      0s\u001b[K\n"}
,{"stream_name":"stderr","time":93.960368469,"data":"pulling d9bb33f27869: 100% ▕██████████████████▏  487 B                         \u001b[K\n"}
,{"stream_name":"stderr","time":94.060071071,"data":"verifying sha256 digest ⠇ \u001b[K\u001b[?25h\u001b[?2026l\u001b[?2026h\u001b[?25l\u001b[A\u001b[A\u001b[A\u001b[1Gpulling manifest \u001b[K\n"}
,{"stream_name":"stderr","time":94.060110961,"data":"pulling 60e05f210007: 100% ▕█████████████████ ▏ 4.7 GB/4.7 GB  117 MB/s      0s\u001b[K\n"}
,{"stream_name":"stderr","time":94.060116894,"data":"pulling d9bb33f27869: 100% ▕██████████████████▏  487 B                         \u001b[K\n"}
,{"stream_name":"stderr","time":94.160638153,"data":"verifying sha256 digest ⠏ \u001b[K\u001b[?25h\u001b[?2026l\u001b[?2026h\u001b[?25l\u001b[A\u001b[A\u001b[A\u001b[1Gpulling manifest \u001b[K\n"}
,{"stream_name":"stderr","time":94.160676782,"data":"pulling 60e05f210007: 100% ▕█████████████████ ▏ 4.7 GB/4.7 GB  117 MB/s      0s\u001b[K\n"}
,{"stream_name":"stderr","time":94.160683006,"data":"pulling d9bb33f27869: 100% ▕██████████████████▏  487 B                         \u001b[K\n"}
,{"stream_name":"stderr","time":94.26023169,"data":"verifying sha256 digest ⠋ \u001b[K\u001b[?25h\u001b[?2026l\u001b[?2026h\u001b[?25l\u001b[A\u001b[A\u001b[A\u001b[1Gpulling manifest \u001b[K\n"}
,{"stream_name":"stderr","time":94.260274737,"data":"pulling 60e05f210007: 100% ▕█████████████████ ▏ 4.7 GB/4.7 GB  117 MB/s      0s\u001b[K\n"}
,{"stream_name":"stderr","time":94.260282426,"data":"pulling d9bb33f27869: 100% ▕██████████████████▏  487 B                         \u001b[K\n"}
,{"stream_name":"stderr","time":94.360725734,"data":"verifying sha256 digest ⠙ \u001b[K\u001b[?25h\u001b[?2026l\u001b[?2026h\u001b[?25l\u001b[A\u001b[A\u001b[A\u001b[1Gpulling manifest \u001b[K\n"}
,{"stream_name":"stderr","time":94.360801687,"data":"pulling 60e05f210007: 100% ▕█████████████████ ▏ 4.7 GB/4.7 GB  117 MB/s      0s\u001b[K\n"}
,{"stream_name":"stderr","time":94.360809735,"data":"pulling d9bb33f27869: 100% ▕██████████████████▏  487 B                         \u001b[K\n"}
,{"stream_name":"stderr","time":94.460253787,"data":"verifying sha256 digest ⠹ \u001b[K\u001b[?25h\u001b[?2026l\u001b[?2026h\u001b[?25l\u001b[A\u001b[A\u001b[A\u001b[1Gpulling manifest \u001b[K\n"}
,{"stream_name":"stderr","time":94.460291709,"data":"pulling 60e05f210007: 100% ▕█████████████████ ▏ 4.7 GB/4.7 GB  117 MB/s      0s\u001b[K\n"}
,{"stream_name":"stderr","time":94.460312435,"data":"pulling d9bb33f27869: 100% ▕██████████████████▏  487 B                         \u001b[K\n"}
,{"stream_name":"stderr","time":94.560817905,"data":"verifying sha256 digest ⠸ \u001b[K\u001b[?25h\u001b[?2026l\u001b[?2026h\u001b[?25l\u001b[A\u001b[A\u001b[A\u001b[1Gpulling manifest \u001b[K\n"}
,{"stream_name":"stderr","time":94.560858101,"data":"pulling 60e05f210007: 100% ▕█████████████████ ▏ 4.7 GB/4.7 GB  117 MB/s      0s\u001b[K\n"}
,{"stream_name":"stderr","time":94.560864131,"data":"pulling d9bb33f27869: 100% ▕██████████████████▏  487 B                         \u001b[K\n"}
,{"stream_name":"stderr","time":94.660396614,"data":"verifying sha256 digest ⠼ \u001b[K\u001b[?25h\u001b[?2026l\u001b[?2026h\u001b[?25l\u001b[A\u001b[A\u001b[A\u001b[1Gpulling manifest \u001b[K\n"}
,{"stream_name":"stderr","time":94.660433225,"data":"pulling 60e05f210007: 100% ▕█████████████████ ▏ 4.7 GB/4.7 GB  117 MB/s      0s\u001b[K\n"}
,{"stream_name":"stderr","time":94.660439032,"data":"pulling d9bb33f27869: 100% ▕██████████████████▏  487 B                         \u001b[K\n"}
,{"stream_name":"stderr","time":94.759949918,"data":"verifying sha256 digest ⠴ \u001b[K\u001b[?25h\u001b[?2026l\u001b[?2026h\u001b[?25l\u001b[A\u001b[A\u001b[A\u001b[1Gpulling manifest \u001b[K\n"}
,{"stream_name":"stderr","time":94.760011664,"data":"pulling 60e05f210007: 100% ▕█████████████████ ▏ 4.7 GB/4.7 GB  117 MB/s      0s\u001b[K\n"}
,{"stream_name":"stderr","time":94.760017239,"data":"pulling d9bb33f27869: 100% ▕██████████████████▏  487 B                         \u001b[K\n"}
,{"stream_name":"stderr","time":94.860717589,"data":"verifying sha256 digest ⠦ \u001b[K\u001b[?25h\u001b[?2026l\u001b[?2026h\u001b[?25l\u001b[A\u001b[A\u001b[A\u001b[1Gpulling manifest \u001b[K\n"}
,{"stream_name":"stderr","time":94.860758171,"data":"pulling 60e05f210007: 100% ▕█████████████████ ▏ 4.7 GB/4.7 GB  117 MB/s      0s\u001b[K\n"}
,{"stream_name":"stderr","time":94.860763695,"data":"pulling d9bb33f27869: 100% ▕██████████████████▏  487 B                         \u001b[K\n"}
,{"stream_name":"stderr","time":94.960495013,"data":"verifying sha256 digest ⠧ \u001b[K\u001b[?25h\u001b[?2026l\u001b[?2026h\u001b[?25l\u001b[A\u001b[A\u001b[A\u001b[1Gpulling manifest \u001b[K\n"}
,{"stream_name":"stderr","time":94.960532083,"data":"pulling 60e05f210007: 100% ▕█████████████████ ▏ 4.7 GB/4.7 GB  117 MB/s      0s\u001b[K\n"}
,{"stream_name":"stderr","time":94.960537626,"data":"pulling d9bb33f27869: 100% ▕██████████████████▏  487 B                         \u001b[K\n"}
,{"stream_name":"stderr","time":95.060099897,"data":"verifying sha256 digest ⠇ \u001b[K\u001b[?25h\u001b[?2026l\u001b[?2026h\u001b[?25l\u001b[A\u001b[A\u001b[A\u001b[1Gpulling manifest \u001b[K\n"}
,{"stream_name":"stderr","time":95.060141124,"data":"pulling 60e05f210007: 100% ▕█████████████████ ▏ 4.7 GB/4.7 GB  117 MB/s      0s\u001b[K\n"}
,{"stream_name":"stderr","time":95.06014625,"data":"pulling d9bb33f27869: 100% ▕██████████████████▏  487 B                         \u001b[K\n"}
,{"stream_name":"stderr","time":95.160676278,"data":"verifying sha256 digest ⠏ \u001b[K\u001b[?25h\u001b[?2026l\u001b[?2026h\u001b[?25l\u001b[A\u001b[A\u001b[A\u001b[1Gpulling manifest \u001b[K\n"}
,{"stream_name":"stderr","time":95.160716024,"data":"pulling 60e05f210007: 100% ▕█████████████████ ▏ 4.7 GB/4.7 GB  117 MB/s      0s\u001b[K\n"}
,{"stream_name":"stderr","time":95.16074208,"data":"pulling d9bb33f27869: 100% ▕██████████████████▏  487 B                         \u001b[K\n"}
,{"stream_name":"stderr","time":95.260293807,"data":"verifying sha256 digest ⠋ \u001b[K\u001b[?25h\u001b[?2026l\u001b[?2026h\u001b[?25l\u001b[A\u001b[A\u001b[A\u001b[1Gpulling manifest \u001b[K\n"}
,{"stream_name":"stderr","time":95.260332132,"data":"pulling 60e05f210007: 100% ▕█████████████████ ▏ 4.7 GB/4.7 GB  117 MB/s      0s\u001b[K\n"}
,{"stream_name":"stderr","time":95.260337678,"data":"pulling d9bb33f27869: 100% ▕██████████████████▏  487 B                         \u001b[K\n"}
,{"stream_name":"stderr","time":95.360028503,"data":"verifying sha256 digest ⠙ \u001b[K\u001b[?25h\u001b[?2026l\u001b[?2026h\u001b[?25l\u001b[A\u001b[A\u001b[A\u001b[1Gpulling manifest \u001b[K\n"}
,{"stream_name":"stderr","time":95.360082045,"data":"pulling 60e05f210007: 100% ▕█████████████████ ▏ 4.7 GB/4.7 GB  117 MB/s      0s\u001b[K\n"}
,{"stream_name":"stderr","time":95.360086127,"data":"pulling d9bb33f27869: 100% ▕██████████████████▏  487 B                         \u001b[K\n"}
,{"stream_name":"stderr","time":95.460667828,"data":"verifying sha256 digest ⠹ \u001b[K\u001b[?25h\u001b[?2026l\u001b[?2026h\u001b[?25l\u001b[A\u001b[A\u001b[A\u001b[1Gpulling manifest \u001b[K\n"}
,{"stream_name":"stderr","time":95.460708884,"data":"pulling 60e05f210007: 100% ▕█████████████████ ▏ 4.7 GB/4.7 GB  117 MB/s      0s\u001b[K\n"}
,{"stream_name":"stderr","time":95.4607145,"data":"pulling d9bb33f27869: 100% ▕██████████████████▏  487 B                         \u001b[K\n"}
,{"stream_name":"stderr","time":95.560294428,"data":"verifying sha256 digest ⠸ \u001b[K\u001b[?25h\u001b[?2026l\u001b[?2026h\u001b[?25l\u001b[A\u001b[A\u001b[A\u001b[1Gpulling manifest \u001b[K\n"}
,{"stream_name":"stderr","time":95.560335899,"data":"pulling 60e05f210007: 100% ▕█████████████████ ▏ 4.7 GB/4.7 GB  117 MB/s      0s\u001b[K\n"}
,{"stream_name":"stderr","time":95.560341278,"data":"pulling d9bb33f27869: 100% ▕██████████████████▏  487 B                         \u001b[K\n"}
,{"stream_name":"stderr","time":95.660896204,"data":"verifying sha256 digest ⠼ \u001b[K\u001b[?25h\u001b[?2026l\u001b[?2026h\u001b[?25l\u001b[A\u001b[A\u001b[A\u001b[1Gpulling manifest \u001b[K\n"}
,{"stream_name":"stderr","time":95.660982256,"data":"pulling 60e05f210007: 100% ▕█████████████████ ▏ 4.7 GB/4.7 GB  117 MB/s      0s\u001b[K\n"}
,{"stream_name":"stderr","time":95.660994699,"data":"pulling d9bb33f27869: 100% ▕██████████████████▏  487 B                         \u001b[K\n"}
,{"stream_name":"stderr","time":95.760677253,"data":"verifying sha256 digest ⠴ \u001b[K\u001b[?25h\u001b[?2026l\u001b[?2026h\u001b[?25l\u001b[A\u001b[A\u001b[A\u001b[1Gpulling manifest \u001b[K\n"}
,{"stream_name":"stderr","time":95.760717144,"data":"pulling 60e05f210007: 100% ▕█████████████████ ▏ 4.7 GB/4.7 GB  117 MB/s      0s\u001b[K\n"}
,{"stream_name":"stderr","time":95.760721554,"data":"pulling d9bb33f27869: 100% ▕██████████████████▏  487 B                         \u001b[K\n"}
,{"stream_name":"stderr","time":95.860538233,"data":"verifying sha256 digest ⠦ \u001b[K\u001b[?25h\u001b[?2026l\u001b[?2026h\u001b[?25l\u001b[A\u001b[A\u001b[A\u001b[1Gpulling manifest \u001b[K\n"}
,{"stream_name":"stderr","time":95.860604544,"data":"pulling 60e05f210007: 100% ▕█████████████████ ▏ 4.7 GB/4.7 GB  117 MB/s      0s\u001b[K\n"}
,{"stream_name":"stderr","time":95.860609888,"data":"pulling d9bb33f27869: 100% ▕██████████████████▏  487 B                         \u001b[K\n"}
,{"stream_name":"stderr","time":95.96037848,"data":"verifying sha256 digest ⠧ \u001b[K\u001b[?25h\u001b[?2026l\u001b[?2026h\u001b[?25l\u001b[A\u001b[A\u001b[A\u001b[1Gpulling manifest \u001b[K\n"}
,{"stream_name":"stderr","time":95.960421086,"data":"pulling 60e05f210007: 100% ▕█████████████████ ▏ 4.7 GB/4.7 GB  117 MB/s      0s\u001b[K\n"}
,{"stream_name":"stderr","time":95.96042708,"data":"pulling d9bb33f27869: 100% ▕██████████████████▏  487 B                         \u001b[K\n"}
,{"stream_name":"stderr","time":96.060117751,"data":"verifying sha256 digest ⠇ \u001b[K\u001b[?25h\u001b[?2026l\u001b[?2026h\u001b[?25l\u001b[A\u001b[A\u001b[A\u001b[1Gpulling manifest \u001b[K\n"}
,{"stream_name":"stderr","time":96.060160353,"data":"pulling 60e05f210007: 100% ▕█████████████████ ▏ 4.7 GB/4.7 GB  117 MB/s      0s\u001b[K\n"}
,{"stream_name":"stderr","time":96.060166849,"data":"pulling d9bb33f27869: 100% ▕██████████████████▏  487 B                         \u001b[K\n"}
,{"stream_name":"stderr","time":96.16084921,"data":"verifying sha256 digest ⠏ \u001b[K\u001b[?25h\u001b[?2026l\u001b[?2026h\u001b[?25l\u001b[A\u001b[A\u001b[A\u001b[1Gpulling manifest \u001b[K\n"}
,{"stream_name":"stderr","time":96.160982022,"data":"pulling 60e05f210007: 100% ▕█████████████████ ▏ 4.7 GB/4.7 GB  117 MB/s      0s\u001b[K\n"}
,{"stream_name":"stderr","time":96.161011598,"data":"pulling d9bb33f27869: 100% ▕██████████████████▏  487 B                         \u001b[K\n"}
,{"stream_name":"stderr","time":96.260499653,"data":"verifying sha256 digest ⠋ \u001b[K\u001b[?25h\u001b[?2026l\u001b[?2026h\u001b[?25l\u001b[A\u001b[A\u001b[A\u001b[1Gpulling manifest \u001b[K\n"}
,{"stream_name":"stderr","time":96.260536443,"data":"pulling 60e05f210007: 100% ▕█████████████████ ▏ 4.7 GB/4.7 GB  117 MB/s      0s\u001b[K\n"}
,{"stream_name":"stderr","time":96.260542091,"data":"pulling d9bb33f27869: 100% ▕██████████████████▏  487 B                         \u001b[K\n"}
,{"stream_name":"stderr","time":96.360294558,"data":"verifying sha256 digest ⠙ \u001b[K\u001b[?25h\u001b[?2026l\u001b[?2026h\u001b[?25l\u001b[A\u001b[A\u001b[A\u001b[1Gpulling manifest \u001b[K\n"}
,{"stream_name":"stderr","time":96.360334694,"data":"pulling 60e05f210007: 100% ▕█████████████████ ▏ 4.7 GB/4.7 GB  117 MB/s      0s\u001b[K\n"}
,{"stream_name":"stderr","time":96.360340059,"data":"pulling d9bb33f27869: 100% ▕██████████████████▏  487 B                         \u001b[K\n"}
,{"stream_name":"stderr","time":96.460859384,"data":"verifying sha256 digest ⠹ \u001b[K\u001b[?25h\u001b[?2026l\u001b[?2026h\u001b[?25l\u001b[A\u001b[A\u001b[A\u001b[1Gpulling manifest \u001b[K\n"}
,{"stream_name":"stderr","time":96.46089866,"data":"pulling 60e05f210007: 100% ▕█████████████████ ▏ 4.7 GB/4.7 GB  117 MB/s      0s\u001b[K\n"}
,{"stream_name":"stderr","time":96.460904709,"data":"pulling d9bb33f27869: 100% ▕██████████████████▏  487 B                         \u001b[K\n"}
,{"stream_name":"stderr","time":96.560424484,"data":"verifying sha256 digest ⠸ \u001b[K\u001b[?25h\u001b[?2026l\u001b[?2026h\u001b[?25l\u001b[A\u001b[A\u001b[A\u001b[1Gpulling manifest \u001b[K\n"}
,{"stream_name":"stderr","time":96.560461978,"data":"pulling 60e05f210007: 100% ▕█████████████████ ▏ 4.7 GB/4.7 GB  117 MB/s      0s\u001b[K\n"}
,{"stream_name":"stderr","time":96.560467318,"data":"pulling d9bb33f27869: 100% ▕██████████████████▏  487 B                         \u001b[K\n"}
,{"stream_name":"stderr","time":96.659934084,"data":"verifying sha256 digest ⠼ \u001b[K\u001b[?25h\u001b[?2026l\u001b[?2026h\u001b[?25l\u001b[A\u001b[A\u001b[A\u001b[1Gpulling manifest \u001b[K\n"}
,{"stream_name":"stderr","time":96.659996686,"data":"pulling 60e05f210007: 100% ▕█████████████████ ▏ 4.7 GB/4.7 GB  117 MB/s      0s\u001b[K\n"}
,{"stream_name":"stderr","time":96.661357501,"data":"pulling d9bb33f27869: 100% ▕██████████████████▏  487 B                         \u001b[K\n"}
,{"stream_name":"stderr","time":96.760429483,"data":"verifying sha256 digest ⠴ \u001b[K\u001b[?25h\u001b[?2026l\u001b[?2026h\u001b[?25l\u001b[A\u001b[A\u001b[A\u001b[1Gpulling manifest \u001b[K\n"}
,{"stream_name":"stderr","time":96.760465535,"data":"pulling 60e05f210007: 100% ▕█████████████████ ▏ 4.7 GB/4.7 GB  117 MB/s      0s\u001b[K\n"}
,{"stream_name":"stderr","time":96.760471365,"data":"pulling d9bb33f27869: 100% ▕██████████████████▏  487 B                         \u001b[K\n"}
,{"stream_name":"stderr","time":96.860249583,"data":"verifying sha256 digest ⠦ \u001b[K\u001b[?25h\u001b[?2026l\u001b[?2026h\u001b[?25l\u001b[A\u001b[A\u001b[A\u001b[1Gpulling manifest \u001b[K\n"}
,{"stream_name":"stderr","time":96.860287732,"data":"pulling 60e05f210007: 100% ▕█████████████████ ▏ 4.7 GB/4.7 GB  117 MB/s      0s\u001b[K\n"}
,{"stream_name":"stderr","time":96.860291862,"data":"pulling d9bb33f27869: 100% ▕██████████████████▏  487 B                         \u001b[K\n"}
,{"stream_name":"stderr","time":96.959859701,"data":"verifying sha256 digest ⠧ \u001b[K\u001b[?25h\u001b[?2026l\u001b[?2026h\u001b[?25l\u001b[A\u001b[A\u001b[A\u001b[1Gpulling manifest \u001b[K\n"}
,{"stream_name":"stderr","time":96.959901488,"data":"pulling 60e05f210007: 100% ▕█████████████████ ▏ 4.7 GB/4.7 GB  117 MB/s      0s\u001b[K\n"}
,{"stream_name":"stderr","time":96.959906849,"data":"pulling d9bb33f27869: 100% ▕██████████████████▏  487 B                         \u001b[K\n"}
,{"stream_name":"stderr","time":97.060457633,"data":"verifying sha256 digest ⠇ \u001b[K\u001b[?25h\u001b[?2026l\u001b[?2026h\u001b[?25l\u001b[A\u001b[A\u001b[A\u001b[1Gpulling manifest \u001b[K\n"}
,{"stream_name":"stderr","time":97.060499518,"data":"pulling 60e05f210007: 100% ▕█████████████████ ▏ 4.7 GB/4.7 GB  117 MB/s      0s\u001b[K\n"}
,{"stream_name":"stderr","time":97.060504948,"data":"pulling d9bb33f27869: 100% ▕██████████████████▏  487 B                         \u001b[K\n"}
,{"stream_name":"stderr","time":97.160185659,"data":"verifying sha256 digest ⠏ \u001b[K\u001b[?25h\u001b[?2026l\u001b[?2026h\u001b[?25l\u001b[A\u001b[A\u001b[A\u001b[1Gpulling manifest \u001b[K\n"}
,{"stream_name":"stderr","time":97.160227084,"data":"pulling 60e05f210007: 100% ▕█████████████████ ▏ 4.7 GB/4.7 GB  117 MB/s      0s\u001b[K\n"}
,{"stream_name":"stderr","time":97.160268655,"data":"pulling d9bb33f27869: 100% ▕██████████████████▏  487 B                         \u001b[K\n"}
,{"stream_name":"stderr","time":97.260837063,"data":"verifying sha256 digest ⠋ \u001b[K\u001b[?25h\u001b[?2026l\u001b[?2026h\u001b[?25l\u001b[A\u001b[A\u001b[A\u001b[1Gpulling manifest \u001b[K\n"}
,{"stream_name":"stderr","time":97.260891618,"data":"pulling 60e05f210007: 100% ▕█████████████████ ▏ 4.7 GB/4.7 GB  117 MB/s      0s\u001b[K\n"}
,{"stream_name":"stderr","time":97.260898922,"data":"pulling d9bb33f27869: 100% ▕██████████████████▏  487 B                         \u001b[K\n"}
,{"stream_name":"stderr","time":97.326465347,"data":"verifying sha256 digest ⠙ \u001b[K\u001b[?25h\u001b[?2026l\u001b[?2026h\u001b[?25l\u001b[A\u001b[A\u001b[A\u001b[1Gpulling manifest \u001b[K\n"}
,{"stream_name":"stderr","time":97.326496055,"data":"pulling 60e05f210007: 100% ▕█████████████████ ▏ 4.7 GB/4.7 GB  117 MB/s      0s\u001b[K\n"}
,{"stream_name":"stderr","time":97.326501438,"data":"pulling d9bb33f27869: 100% ▕██████████████████▏  487 B                         \u001b[K\n"}
,{"stream_name":"stderr","time":97.326506099,"data":"verifying sha256 digest \u001b[K\n"}
,{"stream_name":"stderr","time":97.326509793,"data":"writing manifest \u001b[K\n"}
,{"stream_name":"stderr","time":97.32651356,"data":"success \u001b[K\u001b[?25h\u001b[?2026l\n"}
,{"stream_name":"stdout","time":97.330064047,"data":"$ cd /kaggle/working/repo/PPO_IBM/experiments/program_control \u0026\u0026 EVOLVE_RUNS_DIR=/kaggle/working/evolve EVOLVE_WORKERS=4 EVOLVE_DEADLINE_EPOCH=1790733734.4654377 PYTHONUNBUFFERED=1 python evolve.py auto --run qwen2_5_coder_7b_v3r3 --model qwen2.5-coder:7b --budget 16 2\u003e\u00261 | tee -a /kaggle/working/qwen2_5_coder_7b_v3r3.log\n"}
,{"stream_name":"stdout","time":147.031048056,"data":"  cand_000.py: fitness 11305 | median 12783 mg, p25 9827 mg, crash 0%, errors 0 [49s]\n"}
,{"stream_name":"stdout","time":1018.772639654,"data":"  cand_001.py: fitness -10000 | median 0 mg, p25 0 mg, crash 100%, errors 12 [0s]\n"}
,{"stream_name":"stdout","time":1296.129379779,"data":"  cand_001.py: fitness -10000 | median 0 mg, p25 0 mg, crash 100%, errors 12 [0s]\n"}
,{"stream_name":"stdout","time":1296.129531156,"data":"    (writer qwen2.5-coder:7b: 872s, 465 out / 4464 in tokens)\n"}
,{"stream_name":"stdout","time":2291.188660355,"data":"  cand_002.py: fitness -10000 | median 0 mg, p25 0 mg, crash 100%, errors 12 [0s]\n"}
,{"stream_name":"stdout","time":2721.408474204,"data":"  cand_002.py: fitness -10000 | median 0 mg, p25 0 mg, crash 100%, errors 12 [0s]\n"}
,{"stream_name":"stdout","time":2721.40853077,"data":"    (writer qwen2.5-coder:7b: 995s, 525 out / 5535 in tokens)\n"}
,{"stream_name":"stdout","time":3809.348814597,"data":"  cand_003.py: fitness -10000 | median 0 mg, p25 0 mg, crash 100%, errors 12 [0s]\n"}
,{"stream_name":"stdout","time":4289.098141372,"data":"  cand_003.py: fitness -10000 | median 0 mg, p25 0 mg, crash 100%, errors 12 [0s]\n"}
,{"stream_name":"stdout","time":4289.098271883,"data":"    (writer qwen2.5-coder:7b: 1088s, 613 out / 5587 in tokens)\n"}
,{"stream_name":"stdout","time":5392.660057427,"data":"  cand_004.py: fitness -10000 | median 0 mg, p25 0 mg, crash 100%, errors 12 [0s]\n"}
,{"stream_name":"stdout","time":5957.879684795,"data":"  cand_004.py: fitness -10000 | median 0 mg, p25 0 mg, crash 100%, errors 12 [0s]\n"}
,{"stream_name":"stdout","time":5957.882185696,"data":"    (writer qwen2.5-coder:7b: 1103s, 717 out / 5639 in tokens)\n"}
,{"stream_name":"stdout","time":6978.915561306,"data":"  cand_005.py: fitness -10000 | median 0 mg, p25 0 mg, crash 100%, errors 12 [0s]\n"}
,{"stream_name":"stdout","time":7393.765710247,"data":"  cand_005.py: fitness -10000 | median 0 mg, p25 0 mg, crash 100%, errors 12 [0s]\n"}
,{"stream_name":"stdout","time":7393.766362285,"data":"    (writer qwen2.5-coder:7b: 1021s, 594 out / 5683 in tokens)\n"}
,{"stream_name":"stdout","time":8404.535472991,"data":"  cand_006.py: fitness -10000 | median 0 mg, p25 0 mg, crash 100%, errors 12 [0s]\n"}
,{"stream_name":"stdout","time":8803.198144093,"data":"  cand_006.py: fitness -10000 | median 0 mg, p25 0 mg, crash 100%, errors 12 [0s]\n"}
,{"stream_name":"stdout","time":8803.199045526,"data":"    (writer qwen2.5-coder:7b: 1011s, 580 out / 5735 in tokens)\n"}
,{"stream_name":"stdout","time":9806.568646922,"data":"  cand_007.py: fitness -10000 | median 0 mg, p25 0 mg, crash 100%, errors 12 [0s]\n"}
,{"stream_name":"stdout","time":10296.690554305,"data":"  cand_007.py: fitness -10000 | median 0 mg, p25 0 mg, crash 100%, errors 12 [0s]\n"}
,{"stream_name":"stdout","time":10296.690818475,"data":"    (writer qwen2.5-coder:7b: 1003s, 568 out / 5779 in tokens)\n"}
,{"stream_name":"stdout","time":11300.415078235,"data":"  cand_008.py: fitness -10000 | median 0 mg, p25 0 mg, crash 100%, errors 12 [0s]\n"}
,{"stream_name":"stdout","time":11700.579932511,"data":"  cand_008.py: fitness -10000 | median 0 mg, p25 0 mg, crash 100%, errors 12 [0s]\n"}
,{"stream_name":"stdout","time":11700.580573042,"data":"    (writer qwen2.5-coder:7b: 1004s, 551 out / 5831 in tokens)\n"}
,{"stream_name":"stdout","time":12824.042904984,"data":"  cand_009.py: fitness -10000 | median 0 mg, p25 0 mg, crash 100%, errors 12 [0s]\n"}
,{"stream_name":"stdout","time":13338.812405523,"data":"  cand_009.py: fitness -10000 | median 0 mg, p25 0 mg, crash 100%, errors 12 [0s]\n"}
,{"stream_name":"stdout","time":13338.812806072,"data":"    (writer qwen2.5-coder:7b: 1123s, 773 out / 5883 in tokens)\n"}
,{"stream_name":"stdout","time":14415.841082618,"data":"  cand_010.py: fitness -10000 | median 0 mg, p25 0 mg, crash 100%, errors 12 [0s]\n"}
,{"stream_name":"stdout","time":14888.773782218,"data":"  cand_010.py: fitness -10000 | median 0 mg, p25 0 mg, crash 100%, errors 12 [0s]\n"}
,{"stream_name":"stdout","time":14888.774175144,"data":"    (writer qwen2.5-coder:7b: 1077s, 699 out / 5927 in tokens)\n"}
,{"stream_name":"stdout","time":15181.604703253,"data":"  cand_011.py: fitness -10000 | median 0 mg, p25 0 mg, crash 100%, errors 12 [0s]\n"}
,{"stream_name":"stdout","time":15504.950132105,"data":"  cand_011.py: fitness -10000 | median 0 mg, p25 0 mg, crash 100%, errors 12 [0s]\n"}
,{"stream_name":"stdout","time":15504.950514746,"data":"    (writer qwen2.5-coder:7b: 293s, 513 out / 5927 in tokens)\n"}
,{"stream_name":"stdout","time":15804.543143977,"data":"  cand_012.py: no code block [300s]\n"}
,{"stream_name":"stdout","time":16760.726897643,"data":"  cand_013.py: fitness -10000 | median 0 mg, p25 0 mg, crash 100%, errors 12 [0s]\n"}
,{"stream_name":"stdout","time":17142.388785036,"data":"  cand_013.py: fitness -10000 | median 0 mg, p25 0 mg, crash 100%, errors 12 [0s]\n"}
,{"stream_name":"stdout","time":17142.389349439,"data":"    (writer qwen2.5-coder:7b: 956s, 489 out / 5938 in tokens)\n"}
,{"stream_name":"stdout","time":17479.698641901,"data":"  cand_014.py: fitness -10000 | median 0 mg, p25 0 mg, crash 100%, errors 12 [0s]\n"}
,{"stream_name":"stdout","time":17877.460625061,"data":"  cand_014.py: fitness -10000 | median 0 mg, p25 0 mg, crash 100%, errors 12 [0s]\n"}
,{"stream_name":"stdout","time":17877.461319905,"data":"    (writer qwen2.5-coder:7b: 337s, 581 out / 5938 in tokens)\n"}
,{"stream_name":"stdout","time":18245.38421576,"data":"  cand_015.py: fitness -10000 | median 0 mg, p25 0 mg, crash 100%, errors 12 [0s]\n"}
,{"stream_name":"stdout","time":18596.86083405,"data":"  cand_015.py: fitness -10000 | median 0 mg, p25 0 mg, crash 100%, errors 12 [0s]\n"}
,{"stream_name":"stdout","time":18596.861508982,"data":"    (writer qwen2.5-coder:7b: 368s, 610 out / 5938 in tokens)\n"}
,{"stream_name":"stdout","time":19012.842384618,"data":"  cand_016.py: fitness -10000 | median 0 mg, p25 0 mg, crash 100%, errors 12 [0s]\n"}
,{"stream_name":"stdout","time":19012.84314534,"data":"    (writer qwen2.5-coder:7b: 416s, 686 out / 5938 in tokens)\n"}
,{"stream_name":"stdout","time":19012.966522233,"data":"$ cd /kaggle/working/repo/PPO_IBM/experiments/program_control \u0026\u0026 python harness.py /kaggle/working/evolve/qwen2_5_coder_7b_v3r3/cand_000.py --split test --workers 4 --out /kaggle/working/test/qwen2_5_coder_7b_v3r3_D2.json 2\u003e\u00261 | tee -a /kaggle/working/qwen2_5_coder_7b_v3r3.log\n"}
,{"stream_name":"stdout","time":19240.207469119,"data":"cand_000.py split=test D2 n=52: median 13132 mg, p25 10314 mg, crash 0%, time-avg od 1.04, errors 0, fitness 11723 [227s]\n"}
,{"stream_name":"stdout","time":19240.320603146,"data":"$ ollama rm qwen2.5-coder:7b\n"}
,{"stream_name":"stdout","time":19242.211838478,"data":"deleted 'qwen2.5-coder:7b'\n"}
,{"stream_name":"stdout","time":19242.315810806,"data":"[\n"}
,{"stream_name":"stdout","time":19242.315867671,"data":" {\n"}
,{"stream_name":"stdout","time":19242.315873063,"data":"  \"run\": \"qwen2_5_coder_7b_v3r3\",\n"}
,{"stream_name":"stdout","time":19242.315877109,"data":"  \"model\": \"qwen2.5-coder:7b\",\n"}
,{"stream_name":"stdout","time":19242.315880825,"data":"  \"candidates\": 16,\n"}
,{"stream_name":"stdout","time":19242.315884286,"data":"  \"complete\": true,\n"}
,{"stream_name":"stdout","time":19242.315887515,"data":"  \"best\": \"cand_000.py\",\n"}
,{"stream_name":"stdout","time":19242.315890624,"data":"  \"search_fitness\": 11305.039056799998,\n"}
,{"stream_name":"stdout","time":19242.315893974,"data":"  \"hours\": 5.33,\n"}
,{"stream_name":"stdout","time":19242.315896979,"data":"  \"vram_mib\": 0\n"}
,{"stream_name":"stdout","time":19242.315900001,"data":" }\n"}
,{"stream_name":"stdout","time":19242.315903016,"data":"]\n"}
,{"stream_name":"stdout","time":19242.315906387,"data":"done in 5.34 h\n"}
,{"stream_name":"stderr","time":19246.080461064,"data":"\u001b[?2026h\u001b[?25l\u001b[1G⠙ \u001b[K\u001b[?25h\u001b[?2026l\u001b[?2026h\u001b[?25l\u001b[1G\u001b[K\u001b[?25h\u001b[?2026l\u001b[?25l\u001b[2K\u001b[1G\u001b[?25h/usr/local/lib/python3.12/dist-packages/mistune.py:435: SyntaxWarning: invalid escape sequence '\\|'\n"}
,{"stream_name":"stderr","time":19246.080604409,"data":"  cells[i][c] = re.sub('\\\\\\\\\\|', '|', cell)\n"}
,{"stream_name":"stderr","time":19246.802504671,"data":"/usr/local/lib/python3.12/dist-packages/nbconvert/filters/filter_links.py:36: SyntaxWarning: invalid escape sequence '\\_'\n"}
,{"stream_name":"stderr","time":19246.802542977,"data":"  text = re.sub(r'_', '\\_', text) # Escape underscores in display text\n"}
,{"stream_name":"stderr","time":19248.455099969,"data":"[NbConvertApp] Converting notebook __script__.ipynb to html\n"}
,{"stream_name":"stderr","time":19251.864909407,"data":"[NbConvertApp] Writing 274434 bytes to __results__.html\n"}
]