[{"stream_name":"stderr","time":2.105390266,"data":"Cloning into '/kaggle/working/repo'...\n"}
,{"stream_name":"stdout","time":4.150776465,"data":"VRAM 0 MiB, 4 CPUs, tracks ['qwen3_8b']\n"}
,{"stream_name":"stdout","time":4.150833203,"data":"$ git -C /kaggle/working/repo log -1 --format='repo at %h %s'\n"}
,{"stream_name":"stdout","time":4.154587036,"data":"repo at 83f6b9b Comparison protocol: final split, TD3_SEED, 5-seed LRU/LSTM sweep sessions, hierarchical-bootstrap compare\n"}
,{"stream_name":"stdout","time":4.155083251,"data":"$ pip -q install gymnasium\n"}
,{"stream_name":"stdout","time":10.092314705,"data":"$ apt-get -qq update \u003e/dev/null 2\u003e\u00261; apt-get -qq install -y zstd \u003e/dev/null 2\u003e\u00261\n"}
,{"stream_name":"stdout","time":24.518408866,"data":"$ curl -fsSL https://ollama.com/install.sh | sh\n"}
,{"stream_name":"stderr","time":24.906181029,"data":"\u003e\u003e\u003e Installing ollama to /usr/local\n"}
,{"stream_name":"stderr","time":25.265592251,"data":"\u003e\u003e\u003e Downloading ollama-linux-amd64.tar.zst\n"}
,{"stream_name":"stderr","time":37.025803657,"data":"#=#=#                                                                         \r##O#-#                                                                        \r\r                                                                           0.0%\r                                                                           0.0%\r                                                                           0.1%\r                                                                           0.2%\r                                                                           0.4%\r                                                                           0.6%\r                                                                           1.0%\r#                                                                          1.6%\r#                                                                          2.6%\r##                                                                         3.8%\r###                                                                        4.3%\r####                                                                       5.7%\r#####                                                                      7.7%\r######                                                                     9.7%\r#######                                                                   10.7%\r#########                                                                 12.7%\r##########                                                                14.4%\r###########                                                               16.3%\r#############                                                             18.5%\r##############                                                            20.4%\r################                                                          22.3%\r#################                                                         24.1%\r##################                                                        25.3%\r##################                                                        25.6%\r##################                                                        25.9%\r###################                                                       27.0%\r###################                                                       27.7%\r####################                                                      28.4%\r#####################                                                     29.4%\r#####################                                                     30.3%\r######################                                                    31.4%\r#######################                                                   32.4%\r########################                                                  33.8%\r########################                                                  34.6%\r#########################                                                 35.3%\r##########################                                                36.1%\r##########################                                                36.8%\r###########################                                               37.5%\r###########################                                               38.0%\r############################                                              40.3%\r##############################                                            42.1%\r###############################                                           43.9%\r################################                                          45.8%\r#################################                                         46.4%\r#################################                                         47.1%\r###################################                                       48.9%\r####################################                                      50.4%\r#####################################                                     52.6%\r######################################                                    54.0%\r#######################################                                   54.9%\r########################################                                  55.9%\r#########################################                                 57.1%\r#########################################                                 58.1%\r##########################################                                59.3%\r###########################################                               60.4%\r############################################                              61.6%\r#############################################                             63.5%\r###############################################                           65.3%\r################################################                          67.2%\r#################################################                         68.8%\r##################################################                        70.6%\r###################################################                       71.8%\r#####################################################                     73.7%\r#####################################################                     74.4%\r#####################################################                     75.0%\r######################################################                    75.2%\r######################################################                    75.5%\r######################################################                    76.2%\r#######################################################                   76.7%\r#######################################################                   77.2%\r########################################################                  78.0%\r#########################################################                 79.2%\r##########################################################                81.2%\r###########################################################               83.1%\r#############################################################             84.8%\r#############################################################             85.4%\r#############################################################             85.5%\r##############################################################            86.5%\r###############################################################           88.6%\r#################################################################         90.3%\r##################################################################        91.9%\r##################################################################        92.5%\r###################################################################       93.2%\r####################################################################      95.2%\r####################################################################      95.8%\r######################################################################    97.7%\r#######################################################################   99.3%\r#######################################################################   99.6%\r#######################################################################   99.9%\r######################################################################## 100.0%\n"}
,{"stream_name":"stderr","time":37.034003746,"data":"\u003e\u003e\u003e Creating ollama user...\n"}
,{"stream_name":"stderr","time":37.42126343,"data":"\u003e\u003e\u003e Adding ollama user to video group...\n"}
,{"stream_name":"stderr","time":37.463172589,"data":"\u003e\u003e\u003e Adding current user to ollama group...\n"}
,{"stream_name":"stderr","time":37.496539436,"data":"\u003e\u003e\u003e Creating ollama systemd service...\n"}
,{"stream_name":"stdout","time":37.532451636,"data":"WARNING: systemd is not running\n"}
,{"stream_name":"stdout","time":37.532734185,"data":"WARNING: Unable to detect NVIDIA/AMD GPU. Install lspci or lshw to automatically detect and install GPU dependencies.\n"}
,{"stream_name":"stderr","time":37.532736681,"data":"\u003e\u003e\u003e The Ollama API is now available at 127.0.0.1:11434.\n"}
,{"stream_name":"stderr","time":37.532781827,"data":"\u003e\u003e\u003e Install complete. Run \"ollama\" from the command line.\n"}
,{"stream_name":"stdout","time":39.697430279,"data":"resumed qwen3_8b_v3r2 from /kaggle/input/pbr-writers-cpu-qwen3-8b-v3r2/evolve/qwen3_8b_v3r2\n"}
,{"stream_name":"stdout","time":39.697461991,"data":"$ ollama pull qwen3:8b\n"}
,{"stream_name":"stderr","time":40.418235539,"data":"\u001b[?2026h\u001b[?25l\u001b[1Gpulling manifest ⠋ \u001b[K\u001b[?25h\u001b[?2026l\u001b[?2026h\u001b[?25l\u001b[1Gpulling manifest ⠙ \u001b[K\u001b[?25h\u001b[?2026l\u001b[?2026h\u001b[?25l\u001b[1Gpulling manifest ⠹ \u001b[K\u001b[?25h\u001b[?2026l\u001b[?2026h\u001b[?25l\u001b[1Gpulling manifest ⠸ \u001b[K\u001b[?25h\u001b[?2026l\u001b[?2026h\u001b[?25l\u001b[1Gpulling manifest ⠼ \u001b[K\u001b[?25h\u001b[?2026l\u001b[?2026h\u001b[?25l\u001b[1Gpulling manifest ⠴ \u001b[K\u001b[?25h\u001b[?2026l\u001b[?2026h\u001b[?25l\u001b[1Gpulling manifest \u001b[K\n"}
,{"stream_name":"stderr","time":40.523249095,"data":"pulling a3de86cd1c13:   0% ▕                  ▏  18 MB/5.2 GB                  \u001b[K\u001b[?25h\u001b[?2026l\u001b[?2026h\u001b[?25l\u001b[A\u001b[1Gpulling manifest \u001b[K\n"}
,{"stream_name":"stderr","time":40.617444093,"data":"pulling a3de86cd1c13:   2% ▕                  ▏  91 MB/5.2 GB                  \u001b[K\u001b[?25h\u001b[?2026l\u001b[?2026h\u001b[?25l\u001b[A\u001b[1Gpulling manifest \u001b[K\n"}
,{"stream_name":"stderr","time":40.717926878,"data":"pulling a3de86cd1c13:   3% ▕                  ▏ 132 MB/5.2 GB                  \u001b[K\u001b[?25h\u001b[?2026l\u001b[?2026h\u001b[?25l\u001b[A\u001b[1Gpulling manifest \u001b[K\n"}
,{"stream_name":"stderr","time":40.818022205,"data":"pulling a3de86cd1c13:   4% ▕                  ▏ 210 MB/5.2 GB                  \u001b[K\u001b[?25h\u001b[?2026l\u001b[?2026h\u001b[?25l\u001b[A\u001b[1Gpulling manifest \u001b[K\n"}
,{"stream_name":"stderr","time":40.917941674,"data":"pulling a3de86cd1c13:   6% ▕█                 ▏ 298 MB/5.2 GB                  \u001b[K\u001b[?25h\u001b[?2026l\u001b[?2026h\u001b[?25l\u001b[A\u001b[1Gpulling manifest \u001b[K\n"}
,{"stream_name":"stderr","time":41.017005822,"data":"pulling a3de86cd1c13:   6% ▕█                 ▏ 335 MB/5.2 GB                  \u001b[K\u001b[?25h\u001b[?2026l\u001b[?2026h\u001b[?25l\u001b[A\u001b[1Gpulling manifest \u001b[K\n"}
,{"stream_name":"stderr","time":41.117019654,"data":"pulling a3de86cd1c13:   8% ▕█                 ▏ 420 MB/5.2 GB                  \u001b[K\u001b[?25h\u001b[?2026l\u001b[?2026h\u001b[?25l\u001b[A\u001b[1Gpulling manifest \u001b[K\n"}
,{"stream_name":"stderr","time":41.217535139,"data":"pulling a3de86cd1c13:  10% ▕█                 ▏ 504 MB/5.2 GB                  \u001b[K\u001b[?25h\u001b[?2026l\u001b[?2026h\u001b[?25l\u001b[A\u001b[1Gpulling manifest \u001b[K\n"}
,{"stream_name":"stderr","time":41.317018524,"data":"pulling a3de86cd1c13:  10% ▕█                 ▏ 542 MB/5.2 GB                  \u001b[K\u001b[?25h\u001b[?2026l\u001b[?2026h\u001b[?25l\u001b[A\u001b[1Gpulling manifest \u001b[K\n"}
,{"stream_name":"stderr","time":41.420455872,"data":"pulling a3de86cd1c13:  12% ▕██                ▏ 623 MB/5.2 GB                  \u001b[K\u001b[?25h\u001b[?2026l\u001b[?2026h\u001b[?25l\u001b[A\u001b[1Gpulling manifest \u001b[K\n"}
,{"stream_name":"stderr","time":41.517199111,"data":"pulling a3de86cd1c13:  14% ▕██                ▏ 711 MB/5.2 GB  665 MB/s      6s\u001b[K\u001b[?25h\u001b[?2026l\u001b[?2026h\u001b[?25l\u001b[A\u001b[1Gpulling manifest \u001b[K\n"}
,{"stream_name":"stderr","time":41.617906096,"data":"pulling a3de86cd1c13:  14% ▕██                ▏ 753 MB/5.2 GB  665 MB/s      6s\u001b[K\u001b[?25h\u001b[?2026l\u001b[?2026h\u001b[?25l\u001b[A\u001b[1Gpulling manifest \u001b[K\n"}
,{"stream_name":"stderr","time":41.717767099,"data":"pulling a3de86cd1c13:  16% ▕██                ▏ 837 MB/5.2 GB  665 MB/s      6s\u001b[K\u001b[?25h\u001b[?2026l\u001b[?2026h\u001b[?25l\u001b[A\u001b[1Gpulling manifest \u001b[K\n"}
,{"stream_name":"stderr","time":41.817652506,"data":"pulling a3de86cd1c13:  18% ▕███               ▏ 922 MB/5.2 GB  665 MB/s      6s\u001b[K\u001b[?25h\u001b[?2026l\u001b[?2026h\u001b[?25l\u001b[A\u001b[1Gpulling manifest \u001b[K\n"}
,{"stream_name":"stderr","time":41.917827664,"data":"pulling a3de86cd1c13:  18% ▕███               ▏ 965 MB/5.2 GB  665 MB/s      6s\u001b[K\u001b[?25h\u001b[?2026l\u001b[?2026h\u001b[?25l\u001b[A\u001b[1Gpulling manifest \u001b[K\n"}
,{"stream_name":"stderr","time":42.017381536,"data":"pulling a3de86cd1c13:  20% ▕███               ▏ 1.0 GB/5.2 GB  665 MB/s      6s\u001b[K\u001b[?25h\u001b[?2026l\u001b[?2026h\u001b[?25l\u001b[A\u001b[1Gpulling manifest \u001b[K\n"}
,{"stream_name":"stderr","time":42.119733484,"data":"pulling a3de86cd1c13:  21% ▕███               ▏ 1.1 GB/5.2 GB  665 MB/s      6s\u001b[K\u001b[?25h\u001b[?2026l\u001b[?2026h\u001b[?25l\u001b[A\u001b[1Gpulling manifest \u001b[K\n"}
,{"stream_name":"stderr","time":42.21737031,"data":"pulling a3de86cd1c13:  22% ▕███               ▏ 1.2 GB/5.2 GB  665 MB/s      6s\u001b[K\u001b[?25h\u001b[?2026l\u001b[?2026h\u001b[?25l\u001b[A\u001b[1Gpulling manifest \u001b[K\n"}
,{"stream_name":"stderr","time":42.317722869,"data":"pulling a3de86cd1c13:  23% ▕████              ▏ 1.2 GB/5.2 GB  665 MB/s      6s\u001b[K\u001b[?25h\u001b[?2026l\u001b[?2026h\u001b[?25l\u001b[A\u001b[1Gpulling manifest \u001b[K\n"}
,{"stream_name":"stderr","time":42.418053356,"data":"pulling a3de86cd1c13:  25% ▕████              ▏ 1.3 GB/5.2 GB  665 MB/s      5s\u001b[K\u001b[?25h\u001b[?2026l\u001b[?2026h\u001b[?25l\u001b[A\u001b[1Gpulling manifest \u001b[K\n"}
,{"stream_name":"stderr","time":42.517274578,"data":"pulling a3de86cd1c13:  25% ▕████              ▏ 1.3 GB/5.2 GB  660 MB/s      5s\u001b[K\u001b[?25h\u001b[?2026l\u001b[?2026h\u001b[?25l\u001b[A\u001b[1Gpulling manifest \u001b[K\n"}
,{"stream_name":"stderr","time":42.620725851,"data":"pulling a3de86cd1c13:  27% ▕████              ▏ 1.4 GB/5.2 GB  660 MB/s      5s\u001b[K\u001b[?25h\u001b[?2026l\u001b[?2026h\u001b[?25l\u001b[A\u001b[1Gpulling manifest \u001b[K\n"}
,{"stream_name":"stderr","time":42.718152588,"data":"pulling a3de86cd1c13:  28% ▕█████             ▏ 1.5 GB/5.2 GB  660 MB/s      5s\u001b[K\u001b[?25h\u001b[?2026l\u001b[?2026h\u001b[?25l\u001b[A\u001b[1Gpulling manifest \u001b[K\n"}
,{"stream_name":"stderr","time":42.817402198,"data":"pulling a3de86cd1c13:  29% ▕█████             ▏ 1.5 GB/5.2 GB  660 MB/s      5s\u001b[K\u001b[?25h\u001b[?2026l\u001b[?2026h\u001b[?25l\u001b[A\u001b[1Gpulling manifest \u001b[K\n"}
,{"stream_name":"stderr","time":42.917817871,"data":"pulling a3de86cd1c13:  31% ▕█████             ▏ 1.6 GB/5.2 GB  660 MB/s      5s\u001b[K\u001b[?25h\u001b[?2026l\u001b[?2026h\u001b[?25l\u001b[A\u001b[1Gpulling manifest \u001b[K\n"}
,{"stream_name":"stderr","time":43.017044465,"data":"pulling a3de86cd1c13:  32% ▕█████             ▏ 1.7 GB/5.2 GB  660 MB/s      5s\u001b[K\u001b[?25h\u001b[?2026l\u001b[?2026h\u001b[?25l\u001b[A\u001b[1Gpulling manifest \u001b[K\n"}
,{"stream_name":"stderr","time":43.116911409,"data":"pulling a3de86cd1c13:  33% ▕█████             ▏ 1.7 GB/5.2 GB  660 MB/s      5s\u001b[K\u001b[?25h\u001b[?2026l\u001b[?2026h\u001b[?25l\u001b[A\u001b[1Gpulling manifest \u001b[K\n"}
,{"stream_name":"stderr","time":43.218007873,"data":"pulling a3de86cd1c13:  35% ▕██████            ▏ 1.8 GB/5.2 GB  660 MB/s      5s\u001b[K\u001b[?25h\u001b[?2026l\u001b[?2026h\u001b[?25l\u001b[A\u001b[1Gpulling manifest \u001b[K\n"}
,{"stream_name":"stderr","time":43.318397294,"data":"pulling a3de86cd1c13:  36% ▕██████            ▏ 1.9 GB/5.2 GB  660 MB/s      5s\u001b[K\u001b[?25h\u001b[?2026l\u001b[?2026h\u001b[?25l\u001b[A\u001b[1Gpulling manifest \u001b[K\n"}
,{"stream_name":"stderr","time":43.418449861,"data":"pulling a3de86cd1c13:  37% ▕██████            ▏ 1.9 GB/5.2 GB  660 MB/s      4s\u001b[K\u001b[?25h\u001b[?2026l\u001b[?2026h\u001b[?25l\u001b[A\u001b[1Gpulling manifest \u001b[K\n"}
,{"stream_name":"stderr","time":43.518113527,"data":"pulling a3de86cd1c13:  39% ▕██████            ▏ 2.0 GB/5.2 GB  675 MB/s      4s\u001b[K\u001b[?25h\u001b[?2026l\u001b[?2026h\u001b[?25l\u001b[A\u001b[1Gpulling manifest \u001b[K\n"}
,{"stream_name":"stderr","time":43.616935269,"data":"pulling a3de86cd1c13:  40% ▕███████           ▏ 2.1 GB/5.2 GB  675 MB/s      4s\u001b[K\u001b[?25h\u001b[?2026l\u001b[?2026h\u001b[?25l\u001b[A\u001b[1Gpulling manifest \u001b[K\n"}
,{"stream_name":"stderr","time":43.718624219,"data":"pulling a3de86cd1c13:  41% ▕███████           ▏ 2.1 GB/5.2 GB  675 MB/s      4s\u001b[K\u001b[?25h\u001b[?2026l\u001b[?2026h\u001b[?25l\u001b[A\u001b[1Gpulling manifest \u001b[K\n"}
,{"stream_name":"stderr","time":43.81698032,"data":"pulling a3de86cd1c13:  42% ▕███████           ▏ 2.2 GB/5.2 GB  675 MB/s      4s\u001b[K\u001b[?25h\u001b[?2026l\u001b[?2026h\u001b[?25l\u001b[A\u001b[1Gpulling manifest \u001b[K\n"}
,{"stream_name":"stderr","time":43.917997152,"data":"pulling a3de86cd1c13:  43% ▕███████           ▏ 2.2 GB/5.2 GB  675 MB/s      4s\u001b[K\u001b[?25h\u001b[?2026l\u001b[?2026h\u001b[?25l\u001b[A\u001b[1Gpulling manifest \u001b[K\n"}
,{"stream_name":"stderr","time":44.017822102,"data":"pulling a3de86cd1c13:  44% ▕███████           ▏ 2.3 GB/5.2 GB  675 MB/s      4s\u001b[K\u001b[?25h\u001b[?2026l\u001b[?2026h\u001b[?25l\u001b[A\u001b[1Gpulling manifest \u001b[K\n"}
,{"stream_name":"stderr","time":44.118952079,"data":"pulling a3de86cd1c13:  45% ▕████████          ▏ 2.3 GB/5.2 GB  675 MB/s      4s\u001b[K\u001b[?25h\u001b[?2026l\u001b[?2026h\u001b[?25l\u001b[A\u001b[1Gpulling manifest \u001b[K\n"}
,{"stream_name":"stderr","time":44.21748495,"data":"pulling a3de86cd1c13:  46% ▕████████          ▏ 2.4 GB/5.2 GB  675 MB/s      4s\u001b[K\u001b[?25h\u001b[?2026l\u001b[?2026h\u001b[?25l\u001b[A\u001b[1Gpulling manifest \u001b[K\n"}
,{"stream_name":"stderr","time":44.317816545,"data":"pulling a3de86cd1c13:  47% ▕████████          ▏ 2.5 GB/5.2 GB  675 MB/s      4s\u001b[K\u001b[?25h\u001b[?2026l\u001b[?2026h\u001b[?25l\u001b[A\u001b[1Gpulling manifest \u001b[K\n"}
,{"stream_name":"stderr","time":44.416939537,"data":"pulling a3de86cd1c13:  49% ▕████████          ▏ 2.5 GB/5.2 GB  675 MB/s      3s\u001b[K\u001b[?25h\u001b[?2026l\u001b[?2026h\u001b[?25l\u001b[A\u001b[1Gpulling manifest \u001b[K\n"}
,{"stream_name":"stderr","time":44.522127807,"data":"pulling a3de86cd1c13:  50% ▕█████████         ▏ 2.6 GB/5.2 GB  655 MB/s      3s\u001b[K\u001b[?25h\u001b[?2026l\u001b[?2026h\u001b[?25l\u001b[A\u001b[1Gpulling manifest \u001b[K\n"}
,{"stream_name":"stderr","time":44.619987562,"data":"pulling a3de86cd1c13:  51% ▕█████████         ▏ 2.7 GB/5.2 GB  655 MB/s      3s\u001b[K\u001b[?25h\u001b[?2026l\u001b[?2026h\u001b[?25l\u001b[A\u001b[1Gpulling manifest \u001b[K\n"}
,{"stream_name":"stderr","time":44.718141799,"data":"pulling a3de86cd1c13:  53% ▕█████████         ▏ 2.7 GB/5.2 GB  655 MB/s      3s\u001b[K\u001b[?25h\u001b[?2026l\u001b[?2026h\u001b[?25l\u001b[A\u001b[1Gpulling manifest \u001b[K\n"}
,{"stream_name":"stderr","time":44.817522499,"data":"pulling a3de86cd1c13:  54% ▕█████████         ▏ 2.8 GB/5.2 GB  655 MB/s      3s\u001b[K\u001b[?25h\u001b[?2026l\u001b[?2026h\u001b[?25l\u001b[A\u001b[1Gpulling manifest \u001b[K\n"}
,{"stream_name":"stderr","time":44.917830884,"data":"pulling a3de86cd1c13:  55% ▕█████████         ▏ 2.9 GB/5.2 GB  655 MB/s      3s\u001b[K\u001b[?25h\u001b[?2026l\u001b[?2026h\u001b[?25l\u001b[A\u001b[1Gpulling manifest \u001b[K\n"}
,{"stream_name":"stderr","time":45.017372617,"data":"pulling a3de86cd1c13:  57% ▕██████████        ▏ 3.0 GB/5.2 GB  655 MB/s      3s\u001b[K\u001b[?25h\u001b[?2026l\u001b[?2026h\u001b[?25l\u001b[A\u001b[1Gpulling manifest \u001b[K\n"}
,{"stream_name":"stderr","time":45.117927946,"data":"pulling a3de86cd1c13:  58% ▕██████████        ▏ 3.0 GB/5.2 GB  655 MB/s      3s\u001b[K\u001b[?25h\u001b[?2026l\u001b[?2026h\u001b[?25l\u001b[A\u001b[1Gpulling manifest \u001b[K\n"}
,{"stream_name":"stderr","time":45.217583616,"data":"pulling a3de86cd1c13:  59% ▕██████████        ▏ 3.1 GB/5.2 GB  655 MB/s      3s\u001b[K\u001b[?25h\u001b[?2026l\u001b[?2026h\u001b[?25l\u001b[A\u001b[1Gpulling manifest \u001b[K\n"}
,{"stream_name":"stderr","time":45.31800019,"data":"pulling a3de86cd1c13:  60% ▕██████████        ▏ 3.2 GB/5.2 GB  655 MB/s      3s\u001b[K\u001b[?25h\u001b[?2026l\u001b[?2026h\u001b[?25l\u001b[A\u001b[1Gpulling manifest \u001b[K\n"}
,{"stream_name":"stderr","time":45.417964168,"data":"pulling a3de86cd1c13:  62% ▕███████████       ▏ 3.2 GB/5.2 GB  655 MB/s      3s\u001b[K\u001b[?25h\u001b[?2026l\u001b[?2026h\u001b[?25l\u001b[A\u001b[1Gpulling manifest \u001b[K\n"}
,{"stream_name":"stderr","time":45.517276343,"data":"pulling a3de86cd1c13:  63% ▕███████████       ▏ 3.3 GB/5.2 GB  655 MB/s      2s\u001b[K\u001b[?25h\u001b[?2026l\u001b[?2026h\u001b[?25l\u001b[A\u001b[1Gpulling manifest \u001b[K\n"}
,{"stream_name":"stderr","time":45.617867833,"data":"pulling a3de86cd1c13:  64% ▕███████████       ▏ 3.4 GB/5.2 GB  664 MB/s      2s\u001b[K\u001b[?25h\u001b[?2026l\u001b[?2026h\u001b[?25l\u001b[A\u001b[1Gpulling manifest \u001b[K\n"}
,{"stream_name":"stderr","time":45.717233325,"data":"pulling a3de86cd1c13:  66% ▕███████████       ▏ 3.4 GB/5.2 GB  664 MB/s      2s\u001b[K\u001b[?25h\u001b[?2026l\u001b[?2026h\u001b[?25l\u001b[A\u001b[1Gpulling manifest \u001b[K\n"}
,{"stream_name":"stderr","time":45.81814972,"data":"pulling a3de86cd1c13:  67% ▕████████████      ▏ 3.5 GB/5.2 GB  664 MB/s      2s\u001b[K\u001b[?25h\u001b[?2026l\u001b[?2026h\u001b[?25l\u001b[A\u001b[1Gpulling manifest \u001b[K\n"}
,{"stream_name":"stderr","time":45.917714876,"data":"pulling a3de86cd1c13:  68% ▕████████████      ▏ 3.6 GB/5.2 GB  664 MB/s      2s\u001b[K\u001b[?25h\u001b[?2026l\u001b[?2026h\u001b[?25l\u001b[A\u001b[1Gpulling manifest \u001b[K\n"}
,{"stream_name":"stderr","time":46.017207268,"data":"pulling a3de86cd1c13:  70% ▕████████████      ▏ 3.6 GB/5.2 GB  664 MB/s      2s\u001b[K\u001b[?25h\u001b[?2026l\u001b[?2026h\u001b[?25l\u001b[A\u001b[1Gpulling manifest \u001b[K\n"}
,{"stream_name":"stderr","time":46.117483938,"data":"pulling a3de86cd1c13:  71% ▕████████████      ▏ 3.7 GB/5.2 GB  664 MB/s      2s\u001b[K\u001b[?25h\u001b[?2026l\u001b[?2026h\u001b[?25l\u001b[A\u001b[1Gpulling manifest \u001b[K\n"}
,{"stream_name":"stderr","time":46.218962128,"data":"pulling a3de86cd1c13:  72% ▕████████████      ▏ 3.7 GB/5.2 GB  664 MB/s      2s\u001b[K\u001b[?25h\u001b[?2026l\u001b[?2026h\u001b[?25l\u001b[A\u001b[1Gpulling manifest \u001b[K\n"}
,{"stream_name":"stderr","time":46.316889551,"data":"pulling a3de86cd1c13:  73% ▕█████████████     ▏ 3.8 GB/5.2 GB  664 MB/s      2s\u001b[K\u001b[?25h\u001b[?2026l\u001b[?2026h\u001b[?25l\u001b[A\u001b[1Gpulling manifest \u001b[K\n"}
,{"stream_name":"stderr","time":46.417887111,"data":"pulling a3de86cd1c13:  74% ▕█████████████     ▏ 3.8 GB/5.2 GB  664 MB/s      2s\u001b[K\u001b[?25h\u001b[?2026l\u001b[?2026h\u001b[?25l\u001b[A\u001b[1Gpulling manifest \u001b[K\n"}
,{"stream_name":"stderr","time":46.518020814,"data":"pulling a3de86cd1c13:  75% ▕█████████████     ▏ 3.9 GB/5.2 GB  664 MB/s      1s\u001b[K\u001b[?25h\u001b[?2026l\u001b[?2026h\u001b[?25l\u001b[A\u001b[1Gpulling manifest \u001b[K\n"}
,{"stream_name":"stderr","time":46.618090113,"data":"pulling a3de86cd1c13:  76% ▕█████████████     ▏ 4.0 GB/5.2 GB  653 MB/s      1s\u001b[K\u001b[?25h\u001b[?2026l\u001b[?2026h\u001b[?25l\u001b[A\u001b[1Gpulling manifest \u001b[K\n"}
,{"stream_name":"stderr","time":46.71781688,"data":"pulling a3de86cd1c13:  76% ▕█████████████     ▏ 4.0 GB/5.2 GB  653 MB/s      1s\u001b[K\u001b[?25h\u001b[?2026l\u001b[?2026h\u001b[?25l\u001b[A\u001b[1Gpulling manifest \u001b[K\n"}
,{"stream_name":"stderr","time":46.817845714,"data":"pulling a3de86cd1c13:  77% ▕█████████████     ▏ 4.0 GB/5.2 GB  653 MB/s      1s\u001b[K\u001b[?25h\u001b[?2026l\u001b[?2026h\u001b[?25l\u001b[A\u001b[1Gpulling manifest \u001b[K\n"}
,{"stream_name":"stderr","time":46.917984675,"data":"pulling a3de86cd1c13:  78% ▕██████████████    ▏ 4.1 GB/5.2 GB  653 MB/s      1s\u001b[K\u001b[?25h\u001b[?2026l\u001b[?2026h\u001b[?25l\u001b[A\u001b[1Gpulling manifest \u001b[K\n"}
,{"stream_name":"stderr","time":47.017758432,"data":"pulling a3de86cd1c13:  79% ▕██████████████    ▏ 4.1 GB/5.2 GB  653 MB/s      1s\u001b[K\u001b[?25h\u001b[?2026l\u001b[?2026h\u001b[?25l\u001b[A\u001b[1Gpulling manifest \u001b[K\n"}
,{"stream_name":"stderr","time":47.117488558,"data":"pulling a3de86cd1c13:  80% ▕██████████████    ▏ 4.2 GB/5.2 GB  653 MB/s      1s\u001b[K\u001b[?25h\u001b[?2026l\u001b[?2026h\u001b[?25l\u001b[A\u001b[1Gpulling manifest \u001b[K\n"}
,{"stream_name":"stderr","time":47.217832595,"data":"pulling a3de86cd1c13:  81% ▕██████████████    ▏ 4.2 GB/5.2 GB  653 MB/s      1s\u001b[K\u001b[?25h\u001b[?2026l\u001b[?2026h\u001b[?25l\u001b[A\u001b[1Gpulling manifest \u001b[K\n"}
,{"stream_name":"stderr","time":47.318293939,"data":"pulling a3de86cd1c13:  81% ▕██████████████    ▏ 4.3 GB/5.2 GB  653 MB/s      1s\u001b[K\u001b[?25h\u001b[?2026l\u001b[?2026h\u001b[?25l\u001b[A\u001b[1Gpulling manifest \u001b[K\n"}
,{"stream_name":"stderr","time":47.417312375,"data":"pulling a3de86cd1c13:  82% ▕██████████████    ▏ 4.3 GB/5.2 GB  653 MB/s      1s\u001b[K\u001b[?25h\u001b[?2026l\u001b[?2026h\u001b[?25l\u001b[A\u001b[1Gpulling manifest \u001b[K\n"}
,{"stream_name":"stderr","time":47.517410985,"data":"pulling a3de86cd1c13:  83% ▕██████████████    ▏ 4.3 GB/5.2 GB  653 MB/s      1s\u001b[K\u001b[?25h\u001b[?2026l\u001b[?2026h\u001b[?25l\u001b[A\u001b[1Gpulling manifest \u001b[K\n"}
,{"stream_name":"stderr","time":47.617865248,"data":"pulling a3de86cd1c13:  84% ▕███████████████   ▏ 4.4 GB/5.2 GB  623 MB/s      1s\u001b[K\u001b[?25h\u001b[?2026l\u001b[?2026h\u001b[?25l\u001b[A\u001b[1Gpulling manifest \u001b[K\n"}
,{"stream_name":"stderr","time":47.717268295,"data":"pulling a3de86cd1c13:  85% ▕███████████████   ▏ 4.4 GB/5.2 GB  623 MB/s      1s\u001b[K\u001b[?25h\u001b[?2026l\u001b[?2026h\u001b[?25l\u001b[A\u001b[1Gpulling manifest \u001b[K\n"}
,{"stream_name":"stderr","time":47.817551012,"data":"pulling a3de86cd1c13:  86% ▕███████████████   ▏ 4.5 GB/5.2 GB  623 MB/s      1s\u001b[K\u001b[?25h\u001b[?2026l\u001b[?2026h\u001b[?25l\u001b[A\u001b[1Gpulling manifest \u001b[K\n"}
,{"stream_name":"stderr","time":47.917888927,"data":"pulling a3de86cd1c13:  86% ▕███████████████   ▏ 4.5 GB/5.2 GB  623 MB/s      1s\u001b[K\u001b[?25h\u001b[?2026l\u001b[?2026h\u001b[?25l\u001b[A\u001b[1Gpulling manifest \u001b[K\n"}
,{"stream_name":"stderr","time":48.017791486,"data":"pulling a3de86cd1c13:  87% ▕███████████████   ▏ 4.5 GB/5.2 GB  623 MB/s      1s\u001b[K\u001b[?25h\u001b[?2026l\u001b[?2026h\u001b[?25l\u001b[A\u001b[1Gpulling manifest \u001b[K\n"}
,{"stream_name":"stderr","time":48.117370398,"data":"pulling a3de86cd1c13:  87% ▕███████████████   ▏ 4.6 GB/5.2 GB  623 MB/s      1s\u001b[K\u001b[?25h\u001b[?2026l\u001b[?2026h\u001b[?25l\u001b[A\u001b[1Gpulling manifest \u001b[K\n"}
,{"stream_name":"stderr","time":48.216952954,"data":"pulling a3de86cd1c13:  88% ▕███████████████   ▏ 4.6 GB/5.2 GB  623 MB/s      1s\u001b[K\u001b[?25h\u001b[?2026l\u001b[?2026h\u001b[?25l\u001b[A\u001b[1Gpulling manifest \u001b[K\n"}
,{"stream_name":"stderr","time":48.317421256,"data":"pulling a3de86cd1c13:  88% ▕███████████████   ▏ 4.6 GB/5.2 GB  623 MB/s      1s\u001b[K\u001b[?25h\u001b[?2026l\u001b[?2026h\u001b[?25l\u001b[A\u001b[1Gpulling manifest \u001b[K\n"}
,{"stream_name":"stderr","time":48.417590946,"data":"pulling a3de86cd1c13:  88% ▕███████████████   ▏ 4.6 GB/5.2 GB  623 MB/s      1s\u001b[K\u001b[?25h\u001b[?2026l\u001b[?2026h\u001b[?25l\u001b[A\u001b[1Gpulling manifest \u001b[K\n"}
,{"stream_name":"stderr","time":48.517435935,"data":"pulling a3de86cd1c13:  88% ▕███████████████   ▏ 4.6 GB/5.2 GB  623 MB/s      1s\u001b[K\u001b[?25h\u001b[?2026l\u001b[?2026h\u001b[?25l\u001b[A\u001b[1Gpulling manifest \u001b[K\n"}
,{"stream_name":"stderr","time":48.616958259,"data":"pulling a3de86cd1c13:  88% ▕███████████████   ▏ 4.6 GB/5.2 GB  573 MB/s      1s\u001b[K\u001b[?25h\u001b[?2026l\u001b[?2026h\u001b[?25l\u001b[A\u001b[1Gpulling manifest \u001b[K\n"}
,{"stream_name":"stderr","time":48.717419779,"data":"pulling a3de86cd1c13:  88% ▕███████████████   ▏ 4.6 GB/5.2 GB  573 MB/s      1s\u001b[K\u001b[?25h\u001b[?2026l\u001b[?2026h\u001b[?25l\u001b[A\u001b[1Gpulling manifest \u001b[K\n"}
,{"stream_name":"stderr","time":48.816935804,"data":"pulling a3de86cd1c13:  88% ▕███████████████   ▏ 4.6 GB/5.2 GB  573 MB/s      1s\u001b[K\u001b[?25h\u001b[?2026l\u001b[?2026h\u001b[?25l\u001b[A\u001b[1Gpulling manifest \u001b[K\n"}
,{"stream_name":"stderr","time":48.917615077,"data":"pulling a3de86cd1c13:  88% ▕███████████████   ▏ 4.6 GB/5.2 GB  573 MB/s      1s\u001b[K\u001b[?25h\u001b[?2026l\u001b[?2026h\u001b[?25l\u001b[A\u001b[1Gpulling manifest \u001b[K\n"}
,{"stream_name":"stderr","time":49.017843005,"data":"pulling a3de86cd1c13:  88% ▕███████████████   ▏ 4.6 GB/5.2 GB  573 MB/s      1s\u001b[K\u001b[?25h\u001b[?2026l\u001b[?2026h\u001b[?25l\u001b[A\u001b[1Gpulling manifest \u001b[K\n"}
,{"stream_name":"stderr","time":49.117417405,"data":"pulling a3de86cd1c13:  88% ▕███████████████   ▏ 4.6 GB/5.2 GB  573 MB/s      1s\u001b[K\u001b[?25h\u001b[?2026l\u001b[?2026h\u001b[?25l\u001b[A\u001b[1Gpulling manifest \u001b[K\n"}
,{"stream_name":"stderr","time":49.217294806,"data":"pulling a3de86cd1c13:  88% ▕███████████████   ▏ 4.6 GB/5.2 GB  573 MB/s      1s\u001b[K\u001b[?25h\u001b[?2026l\u001b[?2026h\u001b[?25l\u001b[A\u001b[1Gpulling manifest \u001b[K\n"}
,{"stream_name":"stderr","time":49.317508806,"data":"pulling a3de86cd1c13:  88% ▕███████████████   ▏ 4.6 GB/5.2 GB  573 MB/s      1s\u001b[K\u001b[?25h\u001b[?2026l\u001b[?2026h\u001b[?25l\u001b[A\u001b[1Gpulling manifest \u001b[K\n"}
,{"stream_name":"stderr","time":49.41693539,"data":"pulling a3de86cd1c13:  88% ▕███████████████   ▏ 4.6 GB/5.2 GB  573 MB/s      1s\u001b[K\u001b[?25h\u001b[?2026l\u001b[?2026h\u001b[?25l\u001b[A\u001b[1Gpulling manifest \u001b[K\n"}
,{"stream_name":"stderr","time":49.517603287,"data":"pulling a3de86cd1c13:  88% ▕███████████████   ▏ 4.6 GB/5.2 GB  573 MB/s      1s\u001b[K\u001b[?25h\u001b[?2026l\u001b[?2026h\u001b[?25l\u001b[A\u001b[1Gpulling manifest \u001b[K\n"}
,{"stream_name":"stderr","time":49.617742367,"data":"pulling a3de86cd1c13:  88% ▕███████████████   ▏ 4.6 GB/5.2 GB  509 MB/s      1s\u001b[K\u001b[?25h\u001b[?2026l\u001b[?2026h\u001b[?25l\u001b[A\u001b[1Gpulling manifest \u001b[K\n"}
,{"stream_name":"stderr","time":49.717328173,"data":"pulling a3de86cd1c13:  88% ▕███████████████   ▏ 4.6 GB/5.2 GB  509 MB/s      1s\u001b[K\u001b[?25h\u001b[?2026l\u001b[?2026h\u001b[?25l\u001b[A\u001b[1Gpulling manifest \u001b[K\n"}
,{"stream_name":"stderr","time":49.817831533,"data":"pulling a3de86cd1c13:  88% ▕███████████████   ▏ 4.6 GB/5.2 GB  509 MB/s      1s\u001b[K\u001b[?25h\u001b[?2026l\u001b[?2026h\u001b[?25l\u001b[A\u001b[1Gpulling manifest \u001b[K\n"}
,{"stream_name":"stderr","time":49.917004356,"data":"pulling a3de86cd1c13:  88% ▕███████████████   ▏ 4.6 GB/5.2 GB  509 MB/s      1s\u001b[K\u001b[?25h\u001b[?2026l\u001b[?2026h\u001b[?25l\u001b[A\u001b[1Gpulling manifest \u001b[K\n"}
,{"stream_name":"stderr","time":50.017639209,"data":"pulling a3de86cd1c13:  88% ▕███████████████   ▏ 4.6 GB/5.2 GB  509 MB/s      1s\u001b[K\u001b[?25h\u001b[?2026l\u001b[?2026h\u001b[?25l\u001b[A\u001b[1Gpulling manifest \u001b[K\n"}
,{"stream_name":"stderr","time":50.117005277,"data":"pulling a3de86cd1c13:  88% ▕███████████████   ▏ 4.6 GB/5.2 GB  509 MB/s      1s\u001b[K\u001b[?25h\u001b[?2026l\u001b[?2026h\u001b[?25l\u001b[A\u001b[1Gpulling manifest \u001b[K\n"}
,{"stream_name":"stderr","time":50.21743822,"data":"pulling a3de86cd1c13:  88% ▕███████████████   ▏ 4.6 GB/5.2 GB  509 MB/s      1s\u001b[K\u001b[?25h\u001b[?2026l\u001b[?2026h\u001b[?25l\u001b[A\u001b[1Gpulling manifest \u001b[K\n"}
,{"stream_name":"stderr","time":50.317334737,"data":"pulling a3de86cd1c13:  88% ▕███████████████   ▏ 4.6 GB/5.2 GB  509 MB/s      1s\u001b[K\u001b[?25h\u001b[?2026l\u001b[?2026h\u001b[?25l\u001b[A\u001b[1Gpulling manifest \u001b[K\n"}
,{"stream_name":"stderr","time":50.417771906,"data":"pulling a3de86cd1c13:  88% ▕███████████████   ▏ 4.6 GB/5.2 GB  509 MB/s      1s\u001b[K\u001b[?25h\u001b[?2026l\u001b[?2026h\u001b[?25l\u001b[A\u001b[1Gpulling manifest \u001b[K\n"}
,{"stream_name":"stderr","time":50.516956862,"data":"pulling a3de86cd1c13:  88% ▕███████████████   ▏ 4.6 GB/5.2 GB  509 MB/s      1s\u001b[K\u001b[?25h\u001b[?2026l\u001b[?2026h\u001b[?25l\u001b[A\u001b[1Gpulling manifest \u001b[K\n"}
,{"stream_name":"stderr","time":50.617631609,"data":"pulling a3de86cd1c13:  88% ▕███████████████   ▏ 4.6 GB/5.2 GB  509 MB/s      1s\u001b[K\u001b[?25h\u001b[?2026l\u001b[?2026h\u001b[?25l\u001b[A\u001b[1Gpulling manifest \u001b[K\n"}
,{"stream_name":"stderr","time":50.717280141,"data":"pulling a3de86cd1c13:  88% ▕███████████████   ▏ 4.6 GB/5.2 GB  436 MB/s      1s\u001b[K\u001b[?25h\u001b[?2026l\u001b[?2026h\u001b[?25l\u001b[A\u001b[1Gpulling manifest \u001b[K\n"}
,{"stream_name":"stderr","time":50.817732499,"data":"pulling a3de86cd1c13:  88% ▕███████████████   ▏ 4.6 GB/5.2 GB  436 MB/s      1s\u001b[K\u001b[?25h\u001b[?2026l\u001b[?2026h\u001b[?25l\u001b[A\u001b[1Gpulling manifest \u001b[K\n"}
,{"stream_name":"stderr","time":50.916917675,"data":"pulling a3de86cd1c13:  88% ▕███████████████   ▏ 4.6 GB/5.2 GB  436 MB/s      1s\u001b[K\u001b[?25h\u001b[?2026l\u001b[?2026h\u001b[?25l\u001b[A\u001b[1Gpulling manifest \u001b[K\n"}
,{"stream_name":"stderr","time":51.0176009,"data":"pulling a3de86cd1c13:  88% ▕███████████████   ▏ 4.6 GB/5.2 GB  436 MB/s      1s\u001b[K\u001b[?25h\u001b[?2026l\u001b[?2026h\u001b[?25l\u001b[A\u001b[1Gpulling manifest \u001b[K\n"}
,{"stream_name":"stderr","time":51.11775785,"data":"pulling a3de86cd1c13:  88% ▕███████████████   ▏ 4.6 GB/5.2 GB  436 MB/s      1s\u001b[K\u001b[?25h\u001b[?2026l\u001b[?2026h\u001b[?25l\u001b[A\u001b[1Gpulling manifest \u001b[K\n"}
,{"stream_name":"stderr","time":51.217263425,"data":"pulling a3de86cd1c13:  88% ▕███████████████   ▏ 4.6 GB/5.2 GB  436 MB/s      1s\u001b[K\u001b[?25h\u001b[?2026l\u001b[?2026h\u001b[?25l\u001b[A\u001b[1Gpulling manifest \u001b[K\n"}
,{"stream_name":"stderr","time":51.316937773,"data":"pulling a3de86cd1c13:  88% ▕███████████████   ▏ 4.6 GB/5.2 GB  436 MB/s      1s\u001b[K\u001b[?25h\u001b[?2026l\u001b[?2026h\u001b[?25l\u001b[A\u001b[1Gpulling manifest \u001b[K\n"}
,{"stream_name":"stderr","time":51.417348521,"data":"pulling a3de86cd1c13:  88% ▕███████████████   ▏ 4.6 GB/5.2 GB  436 MB/s      1s\u001b[K\u001b[?25h\u001b[?2026l\u001b[?2026h\u001b[?25l\u001b[A\u001b[1Gpulling manifest \u001b[K\n"}
,{"stream_name":"stderr","time":51.518017451,"data":"pulling a3de86cd1c13:  88% ▕███████████████   ▏ 4.6 GB/5.2 GB  436 MB/s      1s\u001b[K\u001b[?25h\u001b[?2026l\u001b[?2026h\u001b[?25l\u001b[A\u001b[1Gpulling manifest \u001b[K\n"}
,{"stream_name":"stderr","time":51.617384853,"data":"pulling a3de86cd1c13:  88% ▕███████████████   ▏ 4.6 GB/5.2 GB  436 MB/s      1s\u001b[K\u001b[?25h\u001b[?2026l\u001b[?2026h\u001b[?25l\u001b[A\u001b[1Gpulling manifest \u001b[K\n"}
,{"stream_name":"stderr","time":51.717922335,"data":"pulling a3de86cd1c13:  88% ▕███████████████   ▏ 4.6 GB/5.2 GB  363 MB/s      1s\u001b[K\u001b[?25h\u001b[?2026l\u001b[?2026h\u001b[?25l\u001b[A\u001b[1Gpulling manifest \u001b[K\n"}
,{"stream_name":"stderr","time":51.817502177,"data":"pulling a3de86cd1c13:  88% ▕███████████████   ▏ 4.6 GB/5.2 GB  363 MB/s      1s\u001b[K\u001b[?25h\u001b[?2026l\u001b[?2026h\u001b[?25l\u001b[A\u001b[1Gpulling manifest \u001b[K\n"}
,{"stream_name":"stderr","time":51.916929774,"data":"pulling a3de86cd1c13:  88% ▕███████████████   ▏ 4.6 GB/5.2 GB  363 MB/s      1s\u001b[K\u001b[?25h\u001b[?2026l\u001b[?2026h\u001b[?25l\u001b[A\u001b[1Gpulling manifest \u001b[K\n"}
,{"stream_name":"stderr","time":52.017281646,"data":"pulling a3de86cd1c13:  88% ▕███████████████   ▏ 4.6 GB/5.2 GB  363 MB/s      1s\u001b[K\u001b[?25h\u001b[?2026l\u001b[?2026h\u001b[?25l\u001b[A\u001b[1Gpulling manifest \u001b[K\n"}
,{"stream_name":"stderr","time":52.117741286,"data":"pulling a3de86cd1c13:  88% ▕███████████████   ▏ 4.6 GB/5.2 GB  363 MB/s      1s\u001b[K\u001b[?25h\u001b[?2026l\u001b[?2026h\u001b[?25l\u001b[A\u001b[1Gpulling manifest \u001b[K\n"}
,{"stream_name":"stderr","time":52.217710756,"data":"pulling a3de86cd1c13:  88% ▕███████████████   ▏ 4.6 GB/5.2 GB  363 MB/s      1s\u001b[K\u001b[?25h\u001b[?2026l\u001b[?2026h\u001b[?25l\u001b[A\u001b[1Gpulling manifest \u001b[K\n"}
,{"stream_name":"stderr","time":52.317079112,"data":"pulling a3de86cd1c13:  88% ▕███████████████   ▏ 4.6 GB/5.2 GB  363 MB/s      1s\u001b[K\u001b[?25h\u001b[?2026l\u001b[?2026h\u001b[?25l\u001b[A\u001b[1Gpulling manifest \u001b[K\n"}
,{"stream_name":"stderr","time":52.417710486,"data":"pulling a3de86cd1c13:  88% ▕███████████████   ▏ 4.6 GB/5.2 GB  363 MB/s      1s\u001b[K\u001b[?25h\u001b[?2026l\u001b[?2026h\u001b[?25l\u001b[A\u001b[1Gpulling manifest \u001b[K\n"}
,{"stream_name":"stderr","time":52.517289721,"data":"pulling a3de86cd1c13:  88% ▕███████████████   ▏ 4.6 GB/5.2 GB  363 MB/s      1s\u001b[K\u001b[?25h\u001b[?2026l\u001b[?2026h\u001b[?25l\u001b[A\u001b[1Gpulling manifest \u001b[K\n"}
,{"stream_name":"stderr","time":64.401543992,"data":"pulling a3de86cd1c13:  88% ▕███████████████   ▏ 4.6 GB/5.2 GB  363 MB/s      1s\u001b[K\u001b[?25h\u001b[?2026l\u001b[?2026h\u001b[?25l\u001b[A\u001b[1Gpulling manifest \u001b[K\n"}
,{"stream_name":"stderr","time":64.401635587,"data":"pulling a3de86cd1c13:  88% ▕███████████████   ▏ 4.6 GB/5.2 GB  284 MB/s      2s\u001b[K\u001b[?25h\u001b[?2026l\u001b[?2026h\u001b[?25l\u001b[A\u001b[1Gpulling manifest \u001b[K\n"}
,{"stream_name":"stderr","time":64.40164381,"data":"pulling a3de86cd1c13:  88% ▕███████████████   ▏ 4.6 GB/5.2 GB  284 MB/s      2s\u001b[K\u001b[?25h\u001b[?2026l\u001b[?2026h\u001b[?25l\u001b[A\u001b[1Gpulling manifest \u001b[K\n"}
,{"stream_name":"stderr","time":64.401651007,"data":"pulling a3de86cd1c13:  88% ▕███████████████   ▏ 4.6 GB/5.2 GB  284 MB/s      2s\u001b[K\u001b[?25h\u001b[?2026l\u001b[?2026h\u001b[?25l\u001b[A\u001b[1Gpulling manifest \u001b[K\n"}
,{"stream_name":"stderr","time":64.401658204,"data":"pulling a3de86cd1c13:  88% ▕███████████████   ▏ 4.6 GB/5.2 GB  284 MB/s      2s\u001b[K\u001b[?25h\u001b[?2026l\u001b[?2026h\u001b[?25l\u001b[A\u001b[1Gpulling manifest \u001b[K\n"}
,{"stream_name":"stderr","time":64.402038779,"data":"pulling a3de86cd1c13:  88% ▕███████████████   ▏ 4.6 GB/5.2 GB  284 MB/s      2s\u001b[K\u001b[?25h\u001b[?2026l\u001b[?2026h\u001b[?25l\u001b[A\u001b[1Gpulling manifest \u001b[K\n"}
,{"stream_name":"stderr","time":64.402054027,"data":"pulling a3de86cd1c13:  88% ▕███████████████   ▏ 4.6 GB/5.2 GB  284 MB/s      2s\u001b[K\u001b[?25h\u001b[?2026l\u001b[?2026h\u001b[?25l\u001b[A\u001b[1Gpulling manifest \u001b[K\n"}
,{"stream_name":"stderr","time":64.402060192,"data":"pulling a3de86cd1c13:  88% ▕███████████████   ▏ 4.6 GB/5.2 GB  284 MB/s      2s\u001b[K\u001b[?25h\u001b[?2026l\u001b[?2026h\u001b[?25l\u001b[A\u001b[1Gpulling manifest \u001b[K\n"}
,{"stream_name":"stderr","time":64.402066586,"data":"pulling a3de86cd1c13:  88% ▕███████████████   ▏ 4.6 GB/5.2 GB  284 MB/s      2s\u001b[K\u001b[?25h\u001b[?2026l\u001b[?2026h\u001b[?25l\u001b[A\u001b[1Gpulling manifest \u001b[K\n"}
,{"stream_name":"stderr","time":64.402072707,"data":"pulling a3de86cd1c13:  88% ▕███████████████   ▏ 4.6 GB/5.2 GB  284 MB/s      2s\u001b[K\u001b[?25h\u001b[?2026l\u001b[?2026h\u001b[?25l\u001b[A\u001b[1Gpulling manifest \u001b[K\n"}
,{"stream_name":"stderr","time":64.402078865,"data":"pulling a3de86cd1c13:  88% ▕███████████████   ▏ 4.6 GB/5.2 GB  284 MB/s      2s\u001b[K\u001b[?25h\u001b[?2026l\u001b[?2026h\u001b[?25l\u001b[A\u001b[1Gpulling manifest \u001b[K\n"}
,{"stream_name":"stderr","time":64.402084615,"data":"pulling a3de86cd1c13:  88% ▕███████████████   ▏ 4.6 GB/5.2 GB  218 MB/s      2s\u001b[K\u001b[?25h\u001b[?2026l\u001b[?2026h\u001b[?25l\u001b[A\u001b[1Gpulling manifest \u001b[K\n"}
,{"stream_name":"stderr","time":64.402093505,"data":"pulling a3de86cd1c13:  88% ▕███████████████   ▏ 4.6 GB/5.2 GB  218 MB/s      2s\u001b[K\u001b[?25h\u001b[?2026l\u001b[?2026h\u001b[?25l\u001b[A\u001b[1Gpulling manifest \u001b[K\n"}
,{"stream_name":"stderr","time":64.402099427,"data":"pulling a3de86cd1c13:  88% ▕███████████████   ▏ 4.6 GB/5.2 GB  218 MB/s      2s\u001b[K\u001b[?25h\u001b[?2026l\u001b[?2026h\u001b[?25l\u001b[A\u001b[1Gpulling manifest \u001b[K\n"}
,{"stream_name":"stderr","time":64.4021053,"data":"pulling a3de86cd1c13:  88% ▕███████████████   ▏ 4.6 GB/5.2 GB  218 MB/s      2s\u001b[K\u001b[?25h\u001b[?2026l\u001b[?2026h\u001b[?25l\u001b[A\u001b[1Gpulling manifest \u001b[K\n"}
,{"stream_name":"stderr","time":64.402110592,"data":"pulling a3de86cd1c13:  88% ▕███████████████   ▏ 4.6 GB/5.2 GB  218 MB/s      2s\u001b[K\u001b[?25h\u001b[?2026l\u001b[?2026h\u001b[?25l\u001b[A\u001b[1Gpulling manifest \u001b[K\n"}
,{"stream_name":"stderr","time":64.402116252,"data":"pulling a3de86cd1c13:  88% ▕███████████████   ▏ 4.6 GB/5.2 GB  218 MB/s      2s\u001b[K\u001b[?25h\u001b[?2026l\u001b[?2026h\u001b[?25l\u001b[A\u001b[1Gpulling manifest \u001b[K\n"}
,{"stream_name":"stderr","time":64.402121747,"data":"pulling a3de86cd1c13:  88% ▕███████████████   ▏ 4.6 GB/5.2 GB  218 MB/s      2s\u001b[K\u001b[?25h\u001b[?2026l\u001b[?2026h\u001b[?25l\u001b[A\u001b[1Gpulling manifest \u001b[K\n"}
,{"stream_name":"stderr","time":64.402127402,"data":"pulling a3de86cd1c13:  88% ▕███████████████   ▏ 4.6 GB/5.2 GB  218 MB/s      2s\u001b[K\u001b[?25h\u001b[?2026l\u001b[?2026h\u001b[?25l\u001b[A\u001b[1Gpulling manifest \u001b[K\n"}
,{"stream_name":"stderr","time":64.402132686,"data":"pulling a3de86cd1c13:  88% ▕███████████████   ▏ 4.6 GB/5.2 GB  218 MB/s      2s\u001b[K\u001b[?25h\u001b[?2026l\u001b[?2026h\u001b[?25l\u001b[A\u001b[1Gpulling manifest \u001b[K\n"}
,{"stream_name":"stderr","time":64.40214522,"data":"pulling a3de86cd1c13:  88% ▕███████████████   ▏ 4.6 GB/5.2 GB  218 MB/s      2s\u001b[K\u001b[?25h\u001b[?2026l\u001b[?2026h\u001b[?25l\u001b[A\u001b[1Gpulling manifest \u001b[K\n"}
,{"stream_name":"stderr","time":64.402150698,"data":"pulling a3de86cd1c13:  88% ▕███████████████   ▏ 4.6 GB/5.2 GB  140 MB/s      4s\u001b[K\u001b[?25h\u001b[?2026l\u001b[?2026h\u001b[?25l\u001b[A\u001b[1Gpulling manifest \u001b[K\n"}
,{"stream_name":"stderr","time":64.402156388,"data":"pulling a3de86cd1c13:  88% ▕███████████████   ▏ 4.6 GB/5.2 GB  140 MB/s      4s\u001b[K\u001b[?25h\u001b[?2026l\u001b[?2026h\u001b[?25l\u001b[A\u001b[1Gpulling manifest \u001b[K\n"}
,{"stream_name":"stderr","time":64.402161618,"data":"pulling a3de86cd1c13:  88% ▕███████████████   ▏ 4.6 GB/5.2 GB  140 MB/s      4s\u001b[K\u001b[?25h\u001b[?2026l\u001b[?2026h\u001b[?25l\u001b[A\u001b[1Gpulling manifest \u001b[K\n"}
,{"stream_name":"stderr","time":64.4021677,"data":"pulling a3de86cd1c13:  88% ▕███████████████   ▏ 4.6 GB/5.2 GB  140 MB/s      4s\u001b[K\u001b[?25h\u001b[?2026l\u001b[?2026h\u001b[?25l\u001b[A\u001b[1Gpulling manifest \u001b[K\n"}
,{"stream_name":"stderr","time":64.40217287,"data":"pulling a3de86cd1c13:  88% ▕███████████████   ▏ 4.6 GB/5.2 GB  140 MB/s      4s\u001b[K\u001b[?25h\u001b[?2026l\u001b[?2026h\u001b[?25l\u001b[A\u001b[1Gpulling manifest \u001b[K\n"}
,{"stream_name":"stderr","time":64.402178339,"data":"pulling a3de86cd1c13:  88% ▕███████████████   ▏ 4.6 GB/5.2 GB  140 MB/s      4s\u001b[K\u001b[?25h\u001b[?2026l\u001b[?2026h\u001b[?25l\u001b[A\u001b[1Gpulling manifest \u001b[K\n"}
,{"stream_name":"stderr","time":64.40218395,"data":"pulling a3de86cd1c13:  88% ▕███████████████   ▏ 4.6 GB/5.2 GB  140 MB/s      4s\u001b[K\u001b[?25h\u001b[?2026l\u001b[?2026h\u001b[?25l\u001b[A\u001b[1Gpulling manifest \u001b[K\n"}
,{"stream_name":"stderr","time":64.402189189,"data":"pulling a3de86cd1c13:  88% ▕███████████████   ▏ 4.6 GB/5.2 GB  140 MB/s      4s\u001b[K\u001b[?25h\u001b[?2026l\u001b[?2026h\u001b[?25l\u001b[A\u001b[1Gpulling manifest \u001b[K\n"}
,{"stream_name":"stderr","time":64.402194662,"data":"pulling a3de86cd1c13:  88% ▕███████████████   ▏ 4.6 GB/5.2 GB  140 MB/s      4s\u001b[K\u001b[?25h\u001b[?2026l\u001b[?2026h\u001b[?25l\u001b[A\u001b[1Gpulling manifest \u001b[K\n"}
,{"stream_name":"stderr","time":64.402200189,"data":"pulling a3de86cd1c13:  88% ▕███████████████   ▏ 4.6 GB/5.2 GB  140 MB/s      4s\u001b[K\u001b[?25h\u001b[?2026l\u001b[?2026h\u001b[?25l\u001b[A\u001b[1Gpulling manifest \u001b[K\n"}
,{"stream_name":"stderr","time":64.402205706,"data":"pulling a3de86cd1c13:  88% ▕███████████████   ▏ 4.6 GB/5.2 GB  140 MB/s      4s\u001b[K\u001b[?25h\u001b[?2026l\u001b[?2026h\u001b[?25l\u001b[A\u001b[1Gpulling manifest \u001b[K\n"}
,{"stream_name":"stderr","time":64.402211068,"data":"pulling a3de86cd1c13:  88% ▕███████████████   ▏ 4.6 GB/5.2 GB   73 MB/s      8s\u001b[K\u001b[?25h\u001b[?2026l\u001b[?2026h\u001b[?25l\u001b[A\u001b[1Gpulling manifest \u001b[K\n"}
,{"stream_name":"stderr","time":64.402226849,"data":"pulling a3de86cd1c13:  88% ▕███████████████   ▏ 4.6 GB/5.2 GB   73 MB/s      8s\u001b[K\u001b[?25h\u001b[?2026l\u001b[?2026h\u001b[?25l\u001b[A\u001b[1Gpulling manifest \u001b[K\n"}
,{"stream_name":"stderr","time":64.402236403,"data":"pulling a3de86cd1c13:  88% ▕███████████████   ▏ 4.6 GB/5.2 GB   73 MB/s      8s\u001b[K\u001b[?25h\u001b[?2026l\u001b[?2026h\u001b[?25l\u001b[A\u001b[1Gpulling manifest \u001b[K\n"}
,{"stream_name":"stderr","time":64.40224195,"data":"pulling a3de86cd1c13:  88% ▕███████████████   ▏ 4.6 GB/5.2 GB   73 MB/s      8s\u001b[K\u001b[?25h\u001b[?2026l\u001b[?2026h\u001b[?25l\u001b[A\u001b[1Gpulling manifest \u001b[K\n"}
,{"stream_name":"stderr","time":64.402249202,"data":"pulling a3de86cd1c13:  88% ▕███████████████   ▏ 4.6 GB/5.2 GB   73 MB/s      8s\u001b[K\u001b[?25h\u001b[?2026l\u001b[?2026h\u001b[?25l\u001b[A\u001b[1Gpulling manifest \u001b[K\n"}
,{"stream_name":"stderr","time":64.402254787,"data":"pulling a3de86cd1c13:  88% ▕███████████████   ▏ 4.6 GB/5.2 GB   73 MB/s      8s\u001b[K\u001b[?25h\u001b[?2026l\u001b[?2026h\u001b[?25l\u001b[A\u001b[1Gpulling manifest \u001b[K\n"}
,{"stream_name":"stderr","time":64.402260606,"data":"pulling a3de86cd1c13:  88% ▕███████████████   ▏ 4.6 GB/5.2 GB   73 MB/s      8s\u001b[K\u001b[?25h\u001b[?2026l\u001b[?2026h\u001b[?25l\u001b[A\u001b[1Gpulling manifest \u001b[K\n"}
,{"stream_name":"stderr","time":64.402266337,"data":"pulling a3de86cd1c13:  88% ▕███████████████   ▏ 4.6 GB/5.2 GB   73 MB/s      8s\u001b[K\u001b[?25h\u001b[?2026l\u001b[?2026h\u001b[?25l\u001b[A\u001b[1Gpulling manifest \u001b[K\n"}
,{"stream_name":"stderr","time":64.402271906,"data":"pulling a3de86cd1c13:  88% ▕███████████████   ▏ 4.6 GB/5.2 GB   73 MB/s      8s\u001b[K\u001b[?25h\u001b[?2026l\u001b[?2026h\u001b[?25l\u001b[A\u001b[1Gpulling manifest \u001b[K\n"}
,{"stream_name":"stderr","time":64.402277678,"data":"pulling a3de86cd1c13:  88% ▕███████████████   ▏ 4.6 GB/5.2 GB   73 MB/s      8s\u001b[K\u001b[?25h\u001b[?2026l\u001b[?2026h\u001b[?25l\u001b[A\u001b[1Gpulling manifest \u001b[K\n"}
,{"stream_name":"stderr","time":64.402283005,"data":"pulling a3de86cd1c13:  88% ▕███████████████   ▏ 4.6 GB/5.2 GB   24 MB/s     25s\u001b[K\u001b[?25h\u001b[?2026l\u001b[?2026h\u001b[?25l\u001b[A\u001b[1Gpulling manifest \u001b[K\n"}
,{"stream_name":"stderr","time":64.402288583,"data":"pulling a3de86cd1c13:  88% ▕███████████████   ▏ 4.6 GB/5.2 GB   24 MB/s     25s\u001b[K\u001b[?25h\u001b[?2026l\u001b[?2026h\u001b[?25l\u001b[A\u001b[1Gpulling manifest \u001b[K\n"}
,{"stream_name":"stderr","time":64.402293855,"data":"pulling a3de86cd1c13:  88% ▕███████████████   ▏ 4.6 GB/5.2 GB   24 MB/s     25s\u001b[K\u001b[?25h\u001b[?2026l\u001b[?2026h\u001b[?25l\u001b[A\u001b[1Gpulling manifest \u001b[K\n"}
,{"stream_name":"stderr","time":64.402299625,"data":"pulling a3de86cd1c13:  88% ▕███████████████   ▏ 4.6 GB/5.2 GB   24 MB/s     25s\u001b[K\u001b[?25h\u001b[?2026l\u001b[?2026h\u001b[?25l\u001b[A\u001b[1Gpulling manifest \u001b[K\n"}
,{"stream_name":"stderr","time":64.402305239,"data":"pulling a3de86cd1c13:  88% ▕███████████████   ▏ 4.6 GB/5.2 GB   24 MB/s     25s\u001b[K\u001b[?25h\u001b[?2026l\u001b[?2026h\u001b[?25l\u001b[A\u001b[1Gpulling manifest \u001b[K\n"}
,{"stream_name":"stderr","time":64.402310655,"data":"pulling a3de86cd1c13:  88% ▕███████████████   ▏ 4.6 GB/5.2 GB   24 MB/s     25s\u001b[K\u001b[?25h\u001b[?2026l\u001b[?2026h\u001b[?25l\u001b[A\u001b[1Gpulling manifest \u001b[K\n"}
,{"stream_name":"stderr","time":64.40231672,"data":"pulling a3de86cd1c13:  88% ▕███████████████   ▏ 4.6 GB/5.2 GB   24 MB/s     25s\u001b[K\u001b[?25h\u001b[?2026l\u001b[?2026h\u001b[?25l\u001b[A\u001b[1Gpulling manifest \u001b[K\n"}
,{"stream_name":"stderr","time":64.402326538,"data":"pulling a3de86cd1c13:  88% ▕███████████████   ▏ 4.6 GB/5.2 GB   24 MB/s     25s\u001b[K\u001b[?25h\u001b[?2026l\u001b[?2026h\u001b[?25l\u001b[A\u001b[1Gpulling manifest \u001b[K\n"}
,{"stream_name":"stderr","time":64.402332403,"data":"pulling a3de86cd1c13:  88% ▕███████████████   ▏ 4.6 GB/5.2 GB   24 MB/s     25s\u001b[K\u001b[?25h\u001b[?2026l\u001b[?2026h\u001b[?25l\u001b[A\u001b[1Gpulling manifest \u001b[K\n"}
,{"stream_name":"stderr","time":64.4023379,"data":"pulling a3de86cd1c13:  88% ▕███████████████   ▏ 4.6 GB/5.2 GB   24 MB/s     25s\u001b[K\u001b[?25h\u001b[?2026l\u001b[?2026h\u001b[?25l\u001b[A\u001b[1Gpulling manifest \u001b[K\n"}
,{"stream_name":"stderr","time":64.402343327,"data":"pulling a3de86cd1c13:  88% ▕███████████████   ▏ 4.6 GB/5.2 GB                  \u001b[K\u001b[?25h\u001b[?2026l\u001b[?2026h\u001b[?25l\u001b[A\u001b[1Gpulling manifest \u001b[K\n"}
,{"stream_name":"stderr","time":64.402348963,"data":"pulling a3de86cd1c13:  88% ▕███████████████   ▏ 4.6 GB/5.2 GB                  \u001b[K\u001b[?25h\u001b[?2026l\u001b[?2026h\u001b[?25l\u001b[A\u001b[1Gpulling manifest \u001b[K\n"}
,{"stream_name":"stderr","time":64.40235454,"data":"pulling a3de86cd1c13:  88% ▕███████████████   ▏ 4.6 GB/5.2 GB                  \u001b[K\u001b[?25h\u001b[?2026l\u001b[?2026h\u001b[?25l\u001b[A\u001b[1Gpulling manifest \u001b[K\n"}
,{"stream_name":"stderr","time":64.402369955,"data":"pulling a3de86cd1c13:  88% ▕███████████████   ▏ 4.6 GB/5.2 GB                  \u001b[K\u001b[?25h\u001b[?2026l\u001b[?2026h\u001b[?25l\u001b[A\u001b[1Gpulling manifest \u001b[K\n"}
,{"stream_name":"stderr","time":64.402375505,"data":"pulling a3de86cd1c13:  88% ▕███████████████   ▏ 4.6 GB/5.2 GB                  \u001b[K\u001b[?25h\u001b[?2026l\u001b[?2026h\u001b[?25l\u001b[A\u001b[1Gpulling manifest \u001b[K\n"}
,{"stream_name":"stderr","time":64.402381389,"data":"pulling a3de86cd1c13:  88% ▕███████████████   ▏ 4.6 GB/5.2 GB                  \u001b[K\u001b[?25h\u001b[?2026l\u001b[?2026h\u001b[?25l\u001b[A\u001b[1Gpulling manifest \u001b[K\n"}
,{"stream_name":"stderr","time":64.402386929,"data":"pulling a3de86cd1c13:  88% ▕███████████████   ▏ 4.6 GB/5.2 GB                  \u001b[K\u001b[?25h\u001b[?2026l\u001b[?2026h\u001b[?25l\u001b[A\u001b[1Gpulling manifest \u001b[K\n"}
,{"stream_name":"stderr","time":64.4023926,"data":"pulling a3de86cd1c13:  88% ▕███████████████   ▏ 4.6 GB/5.2 GB                  \u001b[K\u001b[?25h\u001b[?2026l\u001b[?2026h\u001b[?25l\u001b[A\u001b[1Gpulling manifest \u001b[K\n"}
,{"stream_name":"stderr","time":64.402398657,"data":"pulling a3de86cd1c13:  88% ▕███████████████   ▏ 4.6 GB/5.2 GB                  \u001b[K\u001b[?25h\u001b[?2026l\u001b[?2026h\u001b[?25l\u001b[A\u001b[1Gpulling manifest \u001b[K\n"}
,{"stream_name":"stderr","time":64.402404459,"data":"pulling a3de86cd1c13:  88% ▕███████████████   ▏ 4.6 GB/5.2 GB                  \u001b[K\u001b[?25h\u001b[?2026l\u001b[?2026h\u001b[?25l\u001b[A\u001b[1Gpulling manifest \u001b[K\n"}
,{"stream_name":"stderr","time":64.402409957,"data":"pulling a3de86cd1c13:  88% ▕███████████████   ▏ 4.6 GB/5.2 GB                  \u001b[K\u001b[?25h\u001b[?2026l\u001b[?2026h\u001b[?25l\u001b[A\u001b[1Gpulling manifest \u001b[K\n"}
,{"stream_name":"stderr","time":64.402418168,"data":"pulling a3de86cd1c13:  88% ▕███████████████   ▏ 4.6 GB/5.2 GB                  \u001b[K\u001b[?25h\u001b[?2026l\u001b[?2026h\u001b[?25l\u001b[A\u001b[1Gpulling manifest \u001b[K\n"}
,{"stream_name":"stderr","time":64.40242397,"data":"pulling a3de86cd1c13:  88% ▕███████████████   ▏ 4.6 GB/5.2 GB                  \u001b[K\u001b[?25h\u001b[?2026l\u001b[?2026h\u001b[?25l\u001b[A\u001b[1Gpulling manifest \u001b[K\n"}
,{"stream_name":"stderr","time":64.402429463,"data":"pulling a3de86cd1c13:  88% ▕███████████████   ▏ 4.6 GB/5.2 GB                  \u001b[K\u001b[?25h\u001b[?2026l\u001b[?2026h\u001b[?25l\u001b[A\u001b[1Gpulling manifest \u001b[K\n"}
,{"stream_name":"stderr","time":64.40243483,"data":"pulling a3de86cd1c13:  88% ▕███████████████   ▏ 4.6 GB/5.2 GB                  \u001b[K\u001b[?25h\u001b[?2026l\u001b[?2026h\u001b[?25l\u001b[A\u001b[1Gpulling manifest \u001b[K\n"}
,{"stream_name":"stderr","time":64.402440593,"data":"pulling a3de86cd1c13:  88% ▕███████████████   ▏ 4.6 GB/5.2 GB                  \u001b[K\u001b[?25h\u001b[?2026l\u001b[?2026h\u001b[?25l\u001b[A\u001b[1Gpulling manifest \u001b[K\n"}
,{"stream_name":"stderr","time":64.402445947,"data":"pulling a3de86cd1c13:  88% ▕███████████████   ▏ 4.6 GB/5.2 GB                  \u001b[K\u001b[?25h\u001b[?2026l\u001b[?2026h\u001b[?25l\u001b[A\u001b[1Gpulling manifest \u001b[K\n"}
,{"stream_name":"stderr","time":64.402451339,"data":"pulling a3de86cd1c13:  88% ▕███████████████   ▏ 4.6 GB/5.2 GB                  \u001b[K\u001b[?25h\u001b[?2026l\u001b[?2026h\u001b[?25l\u001b[A\u001b[1Gpulling manifest \u001b[K\n"}
,{"stream_name":"stderr","time":64.40245672,"data":"pulling a3de86cd1c13:  88% ▕███████████████   ▏ 4.6 GB/5.2 GB                  \u001b[K\u001b[?25h\u001b[?2026l\u001b[?2026h\u001b[?25l\u001b[A\u001b[1Gpulling manifest \u001b[K\n"}
,{"stream_name":"stderr","time":64.402462288,"data":"pulling a3de86cd1c13:  88% ▕███████████████   ▏ 4.6 GB/5.2 GB                  \u001b[K\u001b[?25h\u001b[?2026l\u001b[?2026h\u001b[?25l\u001b[A\u001b[1Gpulling manifest \u001b[K\n"}
,{"stream_name":"stderr","time":64.402468408,"data":"pulling a3de86cd1c13:  88% ▕███████████████   ▏ 4.6 GB/5.2 GB                  \u001b[K\u001b[?25h\u001b[?2026l\u001b[?2026h\u001b[?25l\u001b[A\u001b[1Gpulling manifest \u001b[K\n"}
,{"stream_name":"stderr","time":64.40247393,"data":"pulling a3de86cd1c13:  88% ▕███████████████   ▏ 4.6 GB/5.2 GB                  \u001b[K\u001b[?25h\u001b[?2026l\u001b[?2026h\u001b[?25l\u001b[A\u001b[1Gpulling manifest \u001b[K\n"}
,{"stream_name":"stderr","time":64.402479299,"data":"pulling a3de86cd1c13:  88% ▕███████████████   ▏ 4.6 GB/5.2 GB                  \u001b[K\u001b[?25h\u001b[?2026l\u001b[?2026h\u001b[?25l\u001b[A\u001b[1Gpulling manifest \u001b[K\n"}
,{"stream_name":"stderr","time":64.402484982,"data":"pulling a3de86cd1c13:  88% ▕███████████████   ▏ 4.6 GB/5.2 GB                  \u001b[K\u001b[?25h\u001b[?2026l\u001b[?2026h\u001b[?25l\u001b[A\u001b[1Gpulling manifest \u001b[K\n"}
,{"stream_name":"stderr","time":64.402490598,"data":"pulling a3de86cd1c13:  88% ▕███████████████   ▏ 4.6 GB/5.2 GB                  \u001b[K\u001b[?25h\u001b[?2026l\u001b[?2026h\u001b[?25l\u001b[A\u001b[1Gpulling manifest \u001b[K\n"}
,{"stream_name":"stderr","time":64.40249637,"data":"pulling a3de86cd1c13:  88% ▕███████████████   ▏ 4.6 GB/5.2 GB                  \u001b[K\u001b[?25h\u001b[?2026l\u001b[?2026h\u001b[?25l\u001b[A\u001b[1Gpulling manifest \u001b[K\n"}
,{"stream_name":"stderr","time":64.402505419,"data":"pulling a3de86cd1c13:  88% ▕███████████████   ▏ 4.6 GB/5.2 GB                  \u001b[K\u001b[?25h\u001b[?2026l\u001b[?2026h\u001b[?25l\u001b[A\u001b[1Gpulling manifest \u001b[K\n"}
,{"stream_name":"stderr","time":64.402511223,"data":"pulling a3de86cd1c13:  88% ▕███████████████   ▏ 4.6 GB/5.2 GB                  \u001b[K\u001b[?25h\u001b[?2026l\u001b[?2026h\u001b[?25l\u001b[A\u001b[1Gpulling manifest \u001b[K\n"}
,{"stream_name":"stderr","time":64.402516965,"data":"pulling a3de86cd1c13:  88% ▕███████████████   ▏ 4.6 GB/5.2 GB                  \u001b[K\u001b[?25h\u001b[?2026l\u001b[?2026h\u001b[?25l\u001b[A\u001b[1Gpulling manifest \u001b[K\n"}
,{"stream_name":"stderr","time":64.402522273,"data":"pulling a3de86cd1c13:  88% ▕███████████████   ▏ 4.6 GB/5.2 GB                  \u001b[K\u001b[?25h\u001b[?2026l\u001b[?2026h\u001b[?25l\u001b[A\u001b[1Gpulling manifest \u001b[K\n"}
,{"stream_name":"stderr","time":64.40252773,"data":"pulling a3de86cd1c13:  88% ▕███████████████   ▏ 4.6 GB/5.2 GB                  \u001b[K\u001b[?25h\u001b[?2026l\u001b[?2026h\u001b[?25l\u001b[A\u001b[1Gpulling manifest \u001b[K\n"}
,{"stream_name":"stderr","time":64.402533336,"data":"pulling a3de86cd1c13:  88% ▕███████████████   ▏ 4.6 GB/5.2 GB                  \u001b[K\u001b[?25h\u001b[?2026l\u001b[?2026h\u001b[?25l\u001b[A\u001b[1Gpulling manifest \u001b[K\n"}
,{"stream_name":"stderr","time":64.402540109,"data":"pulling a3de86cd1c13:  88% ▕███████████████   ▏ 4.6 GB/5.2 GB                  \u001b[K\u001b[?25h\u001b[?2026l\u001b[?2026h\u001b[?25l\u001b[A\u001b[1Gpulling manifest \u001b[K\n"}
,{"stream_name":"stderr","time":64.402545628,"data":"pulling a3de86cd1c13:  88% ▕███████████████   ▏ 4.6 GB/5.2 GB                  \u001b[K\u001b[?25h\u001b[?2026l\u001b[?2026h\u001b[?25l\u001b[A\u001b[1Gpulling manifest \u001b[K\n"}
,{"stream_name":"stderr","time":64.402551542,"data":"pulling a3de86cd1c13:  88% ▕███████████████   ▏ 4.6 GB/5.2 GB                  \u001b[K\u001b[?25h\u001b[?2026l\u001b[?2026h\u001b[?25l\u001b[A\u001b[1Gpulling manifest \u001b[K\n"}
,{"stream_name":"stderr","time":64.402556977,"data":"pulling a3de86cd1c13:  88% ▕███████████████   ▏ 4.6 GB/5.2 GB                  \u001b[K\u001b[?25h\u001b[?2026l\u001b[?2026h\u001b[?25l\u001b[A\u001b[1Gpulling manifest \u001b[K\n"}
,{"stream_name":"stderr","time":64.402562738,"data":"pulling a3de86cd1c13:  88% ▕███████████████   ▏ 4.6 GB/5.2 GB                  \u001b[K\u001b[?25h\u001b[?2026l\u001b[?2026h\u001b[?25l\u001b[A\u001b[1Gpulling manifest \u001b[K\n"}
,{"stream_name":"stderr","time":64.40256813,"data":"pulling a3de86cd1c13:  88% ▕███████████████   ▏ 4.6 GB/5.2 GB                  \u001b[K\u001b[?25h\u001b[?2026l\u001b[?2026h\u001b[?25l\u001b[A\u001b[1Gpulling manifest \u001b[K\n"}
,{"stream_name":"stderr","time":64.402573495,"data":"pulling a3de86cd1c13:  88% ▕███████████████   ▏ 4.6 GB/5.2 GB                  \u001b[K\u001b[?25h\u001b[?2026l\u001b[?2026h\u001b[?25l\u001b[A\u001b[1Gpulling manifest \u001b[K\n"}
,{"stream_name":"stderr","time":64.4025787,"data":"pulling a3de86cd1c13:  88% ▕███████████████   ▏ 4.6 GB/5.2 GB                  \u001b[K\u001b[?25h\u001b[?2026l\u001b[?2026h\u001b[?25l\u001b[A\u001b[1Gpulling manifest \u001b[K\n"}
,{"stream_name":"stderr","time":64.402584185,"data":"pulling a3de86cd1c13:  88% ▕███████████████   ▏ 4.6 GB/5.2 GB                  \u001b[K\u001b[?25h\u001b[?2026l\u001b[?2026h\u001b[?25l\u001b[A\u001b[1Gpulling manifest \u001b[K\n"}
,{"stream_name":"stderr","time":64.40259268,"data":"pulling a3de86cd1c13:  88% ▕███████████████   ▏ 4.6 GB/5.2 GB                  \u001b[K\u001b[?25h\u001b[?2026l\u001b[?2026h\u001b[?25l\u001b[A\u001b[1Gpulling manifest \u001b[K\n"}
,{"stream_name":"stderr","time":64.402598222,"data":"pulling a3de86cd1c13:  88% ▕███████████████   ▏ 4.6 GB/5.2 GB                  \u001b[K\u001b[?25h\u001b[?2026l\u001b[?2026h\u001b[?25l\u001b[A\u001b[1Gpulling manifest \u001b[K\n"}
,{"stream_name":"stderr","time":64.402604008,"data":"pulling a3de86cd1c13:  88% ▕███████████████   ▏ 4.6 GB/5.2 GB                  \u001b[K\u001b[?25h\u001b[?2026l\u001b[?2026h\u001b[?25l\u001b[A\u001b[1Gpulling manifest \u001b[K\n"}
,{"stream_name":"stderr","time":64.40261004,"data":"pulling a3de86cd1c13:  88% ▕███████████████   ▏ 4.6 GB/5.2 GB                  \u001b[K\u001b[?25h\u001b[?2026l\u001b[?2026h\u001b[?25l\u001b[A\u001b[1Gpulling manifest \u001b[K\n"}
,{"stream_name":"stderr","time":64.402615893,"data":"pulling a3de86cd1c13:  88% ▕███████████████   ▏ 4.6 GB/5.2 GB                  \u001b[K\u001b[?25h\u001b[?2026l\u001b[?2026h\u001b[?25l\u001b[A\u001b[1Gpulling manifest \u001b[K\n"}
,{"stream_name":"stderr","time":64.402621289,"data":"pulling a3de86cd1c13:  88% ▕███████████████   ▏ 4.6 GB/5.2 GB                  \u001b[K\u001b[?25h\u001b[?2026l\u001b[?2026h\u001b[?25l\u001b[A\u001b[1Gpulling manifest \u001b[K\n"}
,{"stream_name":"stderr","time":64.402626592,"data":"pulling a3de86cd1c13:  88% ▕███████████████   ▏ 4.6 GB/5.2 GB                  \u001b[K\u001b[?25h\u001b[?2026l\u001b[?2026h\u001b[?25l\u001b[A\u001b[1Gpulling manifest \u001b[K\n"}
,{"stream_name":"stderr","time":64.40263216,"data":"pulling a3de86cd1c13:  88% ▕███████████████   ▏ 4.6 GB/5.2 GB                  \u001b[K\u001b[?25h\u001b[?2026l\u001b[?2026h\u001b[?25l\u001b[A\u001b[1Gpulling manifest \u001b[K\n"}
,{"stream_name":"stderr","time":64.402637658,"data":"pulling a3de86cd1c13:  88% ▕███████████████   ▏ 4.6 GB/5.2 GB                  \u001b[K\u001b[?25h\u001b[?2026l\u001b[?2026h\u001b[?25l\u001b[A\u001b[1Gpulling manifest \u001b[K\n"}
,{"stream_name":"stderr","time":64.402643299,"data":"pulling a3de86cd1c13:  88% ▕███████████████   ▏ 4.6 GB/5.2 GB                  \u001b[K\u001b[?25h\u001b[?2026l\u001b[?2026h\u001b[?25l\u001b[A\u001b[1Gpulling manifest \u001b[K\n"}
,{"stream_name":"stderr","time":64.402648836,"data":"pulling a3de86cd1c13:  88% ▕███████████████   ▏ 4.6 GB/5.2 GB                  \u001b[K\u001b[?25h\u001b[?2026l\u001b[?2026h\u001b[?25l\u001b[A\u001b[1Gpulling manifest \u001b[K\n"}
,{"stream_name":"stderr","time":64.402654775,"data":"pulling a3de86cd1c13:  88% ▕███████████████   ▏ 4.6 GB/5.2 GB                  \u001b[K\u001b[?25h\u001b[?2026l\u001b[?2026h\u001b[?25l\u001b[A\u001b[1Gpulling manifest \u001b[K\n"}
,{"stream_name":"stderr","time":64.402660593,"data":"pulling a3de86cd1c13:  88% ▕███████████████   ▏ 4.6 GB/5.2 GB                  \u001b[K\u001b[?25h\u001b[?2026l\u001b[?2026h\u001b[?25l\u001b[A\u001b[1Gpulling manifest \u001b[K\n"}
,{"stream_name":"stderr","time":64.402684643,"data":"pulling a3de86cd1c13:  88% ▕███████████████   ▏ 4.6 GB/5.2 GB                  \u001b[K\u001b[?25h\u001b[?2026l\u001b[?2026h\u001b[?25l\u001b[A\u001b[1Gpulling manifest \u001b[K\n"}
,{"stream_name":"stderr","time":64.402697586,"data":"pulling a3de86cd1c13:  88% ▕███████████████   ▏ 4.6 GB/5.2 GB                  \u001b[K\u001b[?25h\u001b[?2026l\u001b[?2026h\u001b[?25l\u001b[A\u001b[1Gpulling manifest \u001b[K\n"}
,{"stream_name":"stderr","time":64.40270356,"data":"pulling a3de86cd1c13:  88% ▕███████████████   ▏ 4.6 GB/5.2 GB                  \u001b[K\u001b[?25h\u001b[?2026l\u001b[?2026h\u001b[?25l\u001b[A\u001b[1Gpulling manifest \u001b[K\n"}
,{"stream_name":"stderr","time":64.402709175,"data":"pulling a3de86cd1c13:  88% ▕███████████████   ▏ 4.6 GB/5.2 GB                  \u001b[K\u001b[?25h\u001b[?2026l\u001b[?2026h\u001b[?25l\u001b[A\u001b[1Gpulling manifest \u001b[K\n"}
,{"stream_name":"stderr","time":64.402714252,"data":"pulling a3de86cd1c13:  88% ▕███████████████   ▏ 4.6 GB/5.2 GB                  \u001b[K\u001b[?25h\u001b[?2026l\u001b[?2026h\u001b[?25l\u001b[A\u001b[1Gpulling manifest \u001b[K\n"}
,{"stream_name":"stderr","time":64.402719842,"data":"pulling a3de86cd1c13:  88% ▕███████████████   ▏ 4.6 GB/5.2 GB                  \u001b[K\u001b[?25h\u001b[?2026l\u001b[?2026h\u001b[?25l\u001b[A\u001b[1Gpulling manifest \u001b[K\n"}
,{"stream_name":"stderr","time":64.40272574,"data":"pulling a3de86cd1c13:  88% ▕███████████████   ▏ 4.6 GB/5.2 GB                  \u001b[K\u001b[?25h\u001b[?2026l\u001b[?2026h\u001b[?25l\u001b[A\u001b[1Gpulling manifest \u001b[K\n"}
,{"stream_name":"stderr","time":64.402731882,"data":"pulling a3de86cd1c13:  88% ▕███████████████   ▏ 4.6 GB/5.2 GB                  \u001b[K\u001b[?25h\u001b[?2026l\u001b[?2026h\u001b[?25l\u001b[A\u001b[1Gpulling manifest \u001b[K\n"}
,{"stream_name":"stderr","time":64.402737487,"data":"pulling a3de86cd1c13:  88% ▕███████████████   ▏ 4.6 GB/5.2 GB                  \u001b[K\u001b[?25h\u001b[?2026l\u001b[?2026h\u001b[?25l\u001b[A\u001b[1Gpulling manifest \u001b[K\n"}
,{"stream_name":"stderr","time":64.402742918,"data":"pulling a3de86cd1c13:  88% ▕███████████████   ▏ 4.6 GB/5.2 GB                  \u001b[K\u001b[?25h\u001b[?2026l\u001b[?2026h\u001b[?25l\u001b[A\u001b[1Gpulling manifest \u001b[K\n"}
,{"stream_name":"stderr","time":64.402748323,"data":"pulling a3de86cd1c13:  88% ▕███████████████   ▏ 4.6 GB/5.2 GB                  \u001b[K\u001b[?25h\u001b[?2026l\u001b[?2026h\u001b[?25l\u001b[A\u001b[1Gpulling manifest \u001b[K\n"}
,{"stream_name":"stderr","time":64.402753637,"data":"pulling a3de86cd1c13:  88% ▕███████████████   ▏ 4.6 GB/5.2 GB                  \u001b[K\u001b[?25h\u001b[?2026l\u001b[?2026h\u001b[?25l\u001b[A\u001b[1Gpulling manifest \u001b[K\n"}
,{"stream_name":"stderr","time":64.423793901,"data":"pulling a3de86cd1c13:  88% ▕███████████████   ▏ 4.6 GB/5.2 GB                  \u001b[K\u001b[?25h\u001b[?2026l\u001b[?2026h\u001b[?25l\u001b[A\u001b[1Gpulling manifest \u001b[K\n"}
,{"stream_name":"stderr","time":64.519139494,"data":"pulling a3de86cd1c13:  88% ▕███████████████   ▏ 4.6 GB/5.2 GB                  \u001b[K\u001b[?25h\u001b[?2026l\u001b[?2026h\u001b[?25l\u001b[A\u001b[1Gpulling manifest \u001b[K\n"}
,{"stream_name":"stderr","time":64.620759419,"data":"pulling a3de86cd1c13:  88% ▕███████████████   ▏ 4.6 GB/5.2 GB                  \u001b[K\u001b[?25h\u001b[?2026l\u001b[?2026h\u001b[?25l\u001b[A\u001b[1Gpulling manifest \u001b[K\n"}
,{"stream_name":"stderr","time":64.72399652,"data":"pulling a3de86cd1c13:  88% ▕███████████████   ▏ 4.6 GB/5.2 GB                  \u001b[K\u001b[?25h\u001b[?2026l\u001b[?2026h\u001b[?25l\u001b[A\u001b[1Gpulling manifest \u001b[K\n"}
,{"stream_name":"stderr","time":64.819356679,"data":"pulling a3de86cd1c13:  88% ▕███████████████   ▏ 4.6 GB/5.2 GB                  \u001b[K\u001b[?25h\u001b[?2026l\u001b[?2026h\u001b[?25l\u001b[A\u001b[1Gpulling manifest \u001b[K\n"}
,{"stream_name":"stderr","time":64.92039478,"data":"pulling a3de86cd1c13:  89% ▕███████████████   ▏ 4.6 GB/5.2 GB  5.2 MB/s   1m54s\u001b[K\u001b[?25h\u001b[?2026l\u001b[?2026h\u001b[?25l\u001b[A\u001b[1Gpulling manifest \u001b[K\n"}
,{"stream_name":"stderr","time":65.018505197,"data":"pulling a3de86cd1c13:  89% ▕████████████████  ▏ 4.6 GB/5.2 GB  5.2 MB/s   1m51s\u001b[K\u001b[?25h\u001b[?2026l\u001b[?2026h\u001b[?25l\u001b[A\u001b[1Gpulling manifest \u001b[K\n"}
,{"stream_name":"stderr","time":65.117119819,"data":"pulling a3de86cd1c13:  89% ▕████████████████  ▏ 4.7 GB/5.2 GB  5.2 MB/s   1m47s\u001b[K\u001b[?25h\u001b[?2026l\u001b[?2026h\u001b[?25l\u001b[A\u001b[1Gpulling manifest \u001b[K\n"}
,{"stream_name":"stderr","time":65.217520107,"data":"pulling a3de86cd1c13:  90% ▕████████████████  ▏ 4.7 GB/5.2 GB  5.2 MB/s   1m43s\u001b[K\u001b[?25h\u001b[?2026l\u001b[?2026h\u001b[?25l\u001b[A\u001b[1Gpulling manifest \u001b[K\n"}
,{"stream_name":"stderr","time":65.318198107,"data":"pulling a3de86cd1c13:  90% ▕████████████████  ▏ 4.7 GB/5.2 GB  5.2 MB/s   1m40s\u001b[K\u001b[?25h\u001b[?2026l\u001b[?2026h\u001b[?25l\u001b[A\u001b[1Gpulling manifest \u001b[K\n"}
,{"stream_name":"stderr","time":65.418790128,"data":"pulling a3de86cd1c13:  91% ▕████████████████  ▏ 4.7 GB/5.2 GB  5.2 MB/s   1m35s\u001b[K\u001b[?25h\u001b[?2026l\u001b[?2026h\u001b[?25l\u001b[A\u001b[1Gpulling manifest \u001b[K\n"}
,{"stream_name":"stderr","time":65.518234917,"data":"pulling a3de86cd1c13:  91% ▕████████████████  ▏ 4.8 GB/5.2 GB  5.2 MB/s   1m31s\u001b[K\u001b[?25h\u001b[?2026l\u001b[?2026h\u001b[?25l\u001b[A\u001b[1Gpulling manifest \u001b[K\n"}
,{"stream_name":"stderr","time":65.617608325,"data":"pulling a3de86cd1c13:  91% ▕████████████████  ▏ 4.8 GB/5.2 GB  5.2 MB/s   1m29s\u001b[K\u001b[?25h\u001b[?2026l\u001b[?2026h\u001b[?25l\u001b[A\u001b[1Gpulling manifest \u001b[K\n"}
,{"stream_name":"stderr","time":65.717348402,"data":"pulling a3de86cd1c13:  92% ▕████████████████  ▏ 4.8 GB/5.2 GB  5.2 MB/s   1m24s\u001b[K\u001b[?25h\u001b[?2026l\u001b[?2026h\u001b[?25l\u001b[A\u001b[1Gpulling manifest \u001b[K\n"}
,{"stream_name":"stderr","time":65.81747899,"data":"pulling a3de86cd1c13:  92% ▕████████████████  ▏ 4.8 GB/5.2 GB  5.2 MB/s   1m19s\u001b[K\u001b[?25h\u001b[?2026l\u001b[?2026h\u001b[?25l\u001b[A\u001b[1Gpulling manifest \u001b[K\n"}
,{"stream_name":"stderr","time":65.91701717,"data":"pulling a3de86cd1c13:  92% ▕████████████████  ▏ 4.8 GB/5.2 GB  5.2 MB/s   1m17s\u001b[K\u001b[?25h\u001b[?2026l\u001b[?2026h\u001b[?25l\u001b[A\u001b[1Gpulling manifest \u001b[K\n"}
,{"stream_name":"stderr","time":66.017462874,"data":"pulling a3de86cd1c13:  93% ▕████████████████  ▏ 4.9 GB/5.2 GB   27 MB/s     13s\u001b[K\u001b[?25h\u001b[?2026l\u001b[?2026h\u001b[?25l\u001b[A\u001b[1Gpulling manifest \u001b[K\n"}
,{"stream_name":"stderr","time":66.119592044,"data":"pulling a3de86cd1c13:  93% ▕████████████████  ▏ 4.9 GB/5.2 GB   27 MB/s     12s\u001b[K\u001b[?25h\u001b[?2026l\u001b[?2026h\u001b[?25l\u001b[A\u001b[1Gpulling manifest \u001b[K\n"}
,{"stream_name":"stderr","time":66.219120368,"data":"pulling a3de86cd1c13:  94% ▕████████████████  ▏ 4.9 GB/5.2 GB   27 MB/s     11s\u001b[K\u001b[?25h\u001b[?2026l\u001b[?2026h\u001b[?25l\u001b[A\u001b[1Gpulling manifest \u001b[K\n"}
,{"stream_name":"stderr","time":66.318654549,"data":"pulling a3de86cd1c13:  94% ▕████████████████  ▏ 4.9 GB/5.2 GB   27 MB/s     10s\u001b[K\u001b[?25h\u001b[?2026l\u001b[?2026h\u001b[?25l\u001b[A\u001b[1Gpulling manifest \u001b[K\n"}
,{"stream_name":"stderr","time":66.41824448,"data":"pulling a3de86cd1c13:  95% ▕█████████████████ ▏ 5.0 GB/5.2 GB   27 MB/s      9s\u001b[K\u001b[?25h\u001b[?2026l\u001b[?2026h\u001b[?25l\u001b[A\u001b[1Gpulling manifest \u001b[K\n"}
,{"stream_name":"stderr","time":66.518995295,"data":"pulling a3de86cd1c13:  95% ▕█████████████████ ▏ 5.0 GB/5.2 GB   27 MB/s      8s\u001b[K\u001b[?25h\u001b[?2026l\u001b[?2026h\u001b[?25l\u001b[A\u001b[1Gpulling manifest \u001b[K\n"}
,{"stream_name":"stderr","time":66.617199992,"data":"pulling a3de86cd1c13:  96% ▕█████████████████ ▏ 5.0 GB/5.2 GB   27 MB/s      7s\u001b[K\u001b[?25h\u001b[?2026l\u001b[?2026h\u001b[?25l\u001b[A\u001b[1Gpulling manifest \u001b[K\n"}
,{"stream_name":"stderr","time":66.717543288,"data":"pulling a3de86cd1c13:  97% ▕█████████████████ ▏ 5.1 GB/5.2 GB   27 MB/s      6s\u001b[K\u001b[?25h\u001b[?2026l\u001b[?2026h\u001b[?25l\u001b[A\u001b[1Gpulling manifest \u001b[K\n"}
,{"stream_name":"stderr","time":66.81776083,"data":"pulling a3de86cd1c13:  97% ▕█████████████████ ▏ 5.1 GB/5.2 GB   27 MB/s      5s\u001b[K\u001b[?25h\u001b[?2026l\u001b[?2026h\u001b[?25l\u001b[A\u001b[1Gpulling manifest \u001b[K\n"}
,{"stream_name":"stderr","time":66.917908606,"data":"pulling a3de86cd1c13:  98% ▕█████████████████ ▏ 5.1 GB/5.2 GB   27 MB/s      4s\u001b[K\u001b[?25h\u001b[?2026l\u001b[?2026h\u001b[?25l\u001b[A\u001b[1Gpulling manifest \u001b[K\n"}
,{"stream_name":"stderr","time":67.017566123,"data":"pulling a3de86cd1c13:  98% ▕█████████████████ ▏ 5.1 GB/5.2 GB   57 MB/s      1s\u001b[K\u001b[?25h\u001b[?2026l\u001b[?2026h\u001b[?25l\u001b[A\u001b[1Gpulling manifest \u001b[K\n"}
,{"stream_name":"stderr","time":67.11793099,"data":"pulling a3de86cd1c13:  98% ▕█████████████████ ▏ 5.1 GB/5.2 GB   57 MB/s      1s\u001b[K\u001b[?25h\u001b[?2026l\u001b[?2026h\u001b[?25l\u001b[A\u001b[1Gpulling manifest \u001b[K\n"}
,{"stream_name":"stderr","time":67.217345735,"data":"pulling a3de86cd1c13:  99% ▕█████████████████ ▏ 5.2 GB/5.2 GB   57 MB/s      1s\u001b[K\u001b[?25h\u001b[?2026l\u001b[?2026h\u001b[?25l\u001b[A\u001b[1Gpulling manifest \u001b[K\n"}
,{"stream_name":"stderr","time":67.317743145,"data":"pulling a3de86cd1c13:  99% ▕█████████████████ ▏ 5.2 GB/5.2 GB   57 MB/s      0s\u001b[K\u001b[?25h\u001b[?2026l\u001b[?2026h\u001b[?25l\u001b[A\u001b[1Gpulling manifest \u001b[K\n"}
,{"stream_name":"stderr","time":67.417605391,"data":"pulling a3de86cd1c13:  99% ▕█████████████████ ▏ 5.2 GB/5.2 GB   57 MB/s      0s\u001b[K\u001b[?25h\u001b[?2026l\u001b[?2026h\u001b[?25l\u001b[A\u001b[1Gpulling manifest \u001b[K\n"}
,{"stream_name":"stderr","time":67.517872781,"data":"pulling a3de86cd1c13: 100% ▕█████████████████ ▏ 5.2 GB/5.2 GB   57 MB/s      0s\u001b[K\u001b[?25h\u001b[?2026l\u001b[?2026h\u001b[?25l\u001b[A\u001b[1Gpulling manifest \u001b[K\n"}
,{"stream_name":"stderr","time":67.617293614,"data":"pulling a3de86cd1c13: 100% ▕██████████████████▏ 5.2 GB                         \u001b[K\u001b[?25h\u001b[?2026l\u001b[?2026h\u001b[?25l\u001b[A\u001b[1Gpulling manifest \u001b[K\n"}
,{"stream_name":"stderr","time":67.717818672,"data":"pulling a3de86cd1c13: 100% ▕██████████████████▏ 5.2 GB                         \u001b[K\u001b[?25h\u001b[?2026l\u001b[?2026h\u001b[?25l\u001b[A\u001b[1Gpulling manifest \u001b[K\n"}
,{"stream_name":"stderr","time":67.817431647,"data":"pulling a3de86cd1c13: 100% ▕██████████████████▏ 5.2 GB                         \u001b[K\u001b[?25h\u001b[?2026l\u001b[?2026h\u001b[?25l\u001b[A\u001b[1Gpulling manifest \u001b[K\n"}
,{"stream_name":"stderr","time":67.917898072,"data":"pulling a3de86cd1c13: 100% ▕██████████████████▏ 5.2 GB                         \u001b[K\u001b[?25h\u001b[?2026l\u001b[?2026h\u001b[?25l\u001b[A\u001b[1Gpulling manifest \u001b[K\n"}
,{"stream_name":"stderr","time":68.017414011,"data":"pulling a3de86cd1c13: 100% ▕██████████████████▏ 5.2 GB                         \u001b[K\u001b[?25h\u001b[?2026l\u001b[?2026h\u001b[?25l\u001b[A\u001b[1Gpulling manifest \u001b[K\n"}
,{"stream_name":"stderr","time":68.117857797,"data":"pulling a3de86cd1c13: 100% ▕██████████████████▏ 5.2 GB                         \u001b[K\u001b[?25h\u001b[?2026l\u001b[?2026h\u001b[?25l\u001b[A\u001b[1Gpulling manifest \u001b[K\n"}
,{"stream_name":"stderr","time":68.2173789,"data":"pulling a3de86cd1c13: 100% ▕██████████████████▏ 5.2 GB                         \u001b[K\u001b[?25h\u001b[?2026l\u001b[?2026h\u001b[?25l\u001b[A\u001b[1Gpulling manifest \u001b[K\n"}
,{"stream_name":"stderr","time":68.317170771,"data":"pulling a3de86cd1c13: 100% ▕██████████████████▏ 5.2 GB                         \u001b[K\u001b[?25h\u001b[?2026l\u001b[?2026h\u001b[?25l\u001b[A\u001b[1Gpulling manifest \u001b[K\n"}
,{"stream_name":"stderr","time":68.417973835,"data":"pulling a3de86cd1c13: 100% ▕██████████████████▏ 5.2 GB                         \u001b[K\u001b[?25h\u001b[?2026l\u001b[?2026h\u001b[?25l\u001b[A\u001b[1Gpulling manifest \u001b[K\n"}
,{"stream_name":"stderr","time":68.517208836,"data":"pulling a3de86cd1c13: 100% ▕██████████████████▏ 5.2 GB                         \u001b[K\u001b[?25h\u001b[?2026l\u001b[?2026h\u001b[?25l\u001b[A\u001b[1Gpulling manifest \u001b[K\n"}
,{"stream_name":"stderr","time":68.617829209,"data":"pulling a3de86cd1c13: 100% ▕██████████████████▏ 5.2 GB                         \u001b[K\u001b[?25h\u001b[?2026l\u001b[?2026h\u001b[?25l\u001b[A\u001b[1Gpulling manifest \u001b[K\n"}
,{"stream_name":"stderr","time":68.717506696,"data":"pulling a3de86cd1c13: 100% ▕██████████████████▏ 5.2 GB                         \u001b[K\u001b[?25h\u001b[?2026l\u001b[?2026h\u001b[?25l\u001b[A\u001b[1Gpulling manifest \u001b[K\n"}
,{"stream_name":"stderr","time":68.817838478,"data":"pulling a3de86cd1c13: 100% ▕██████████████████▏ 5.2 GB                         \u001b[K\u001b[?25h\u001b[?2026l\u001b[?2026h\u001b[?25l\u001b[A\u001b[1Gpulling manifest \u001b[K\n"}
,{"stream_name":"stderr","time":68.917449915,"data":"pulling a3de86cd1c13: 100% ▕██████████████████▏ 5.2 GB                         \u001b[K\u001b[?25h\u001b[?2026l\u001b[?2026h\u001b[?25l\u001b[A\u001b[1Gpulling manifest \u001b[K\n"}
,{"stream_name":"stderr","time":69.017047159,"data":"pulling a3de86cd1c13: 100% ▕██████████████████▏ 5.2 GB                         \u001b[K\u001b[?25h\u001b[?2026l\u001b[?2026h\u001b[?25l\u001b[A\u001b[1Gpulling manifest \u001b[K\n"}
,{"stream_name":"stderr","time":69.117622196,"data":"pulling a3de86cd1c13: 100% ▕██████████████████▏ 5.2 GB                         \u001b[K\u001b[?25h\u001b[?2026l\u001b[?2026h\u001b[?25l\u001b[A\u001b[1Gpulling manifest \u001b[K\n"}
,{"stream_name":"stderr","time":69.217069215,"data":"pulling a3de86cd1c13: 100% ▕██████████████████▏ 5.2 GB                         \u001b[K\u001b[?25h\u001b[?2026l\u001b[?2026h\u001b[?25l\u001b[A\u001b[1Gpulling manifest \u001b[K\n"}
,{"stream_name":"stderr","time":69.317851367,"data":"pulling a3de86cd1c13: 100% ▕██████████████████▏ 5.2 GB                         \u001b[K\u001b[?25h\u001b[?2026l\u001b[?2026h\u001b[?25l\u001b[A\u001b[1Gpulling manifest \u001b[K\n"}
,{"stream_name":"stderr","time":69.41709341399999,"data":"pulling a3de86cd1c13: 100% ▕██████████████████▏ 5.2 GB                         \u001b[K\u001b[?25h\u001b[?2026l\u001b[?2026h\u001b[?25l\u001b[A\u001b[1Gpulling manifest \u001b[K\n"}
,{"stream_name":"stderr","time":69.517771504,"data":"pulling a3de86cd1c13: 100% ▕██████████████████▏ 5.2 GB                         \u001b[K\u001b[?25h\u001b[?2026l\u001b[?2026h\u001b[?25l\u001b[A\u001b[1Gpulling manifest \u001b[K\n"}
,{"stream_name":"stderr","time":69.617476997,"data":"pulling a3de86cd1c13: 100% ▕██████████████████▏ 5.2 GB                         \u001b[K\u001b[?25h\u001b[?2026l\u001b[?2026h\u001b[?25l\u001b[A\u001b[1Gpulling manifest \u001b[K\n"}
,{"stream_name":"stderr","time":69.717795879,"data":"pulling a3de86cd1c13: 100% ▕██████████████████▏ 5.2 GB                         \u001b[K\u001b[?25h\u001b[?2026l\u001b[?2026h\u001b[?25l\u001b[A\u001b[1Gpulling manifest \u001b[K\n"}
,{"stream_name":"stderr","time":69.817340065,"data":"pulling a3de86cd1c13: 100% ▕██████████████████▏ 5.2 GB                         \u001b[K\u001b[?25h\u001b[?2026l\u001b[?2026h\u001b[?25l\u001b[A\u001b[1Gpulling manifest \u001b[K\n"}
,{"stream_name":"stderr","time":69.918093966,"data":"pulling a3de86cd1c13: 100% ▕██████████████████▏ 5.2 GB                         \u001b[K\u001b[?25h\u001b[?2026l\u001b[?2026h\u001b[?25l\u001b[A\u001b[1Gpulling manifest \u001b[K\n"}
,{"stream_name":"stderr","time":70.017340236,"data":"pulling a3de86cd1c13: 100% ▕██████████████████▏ 5.2 GB                         \u001b[K\u001b[?25h\u001b[?2026l\u001b[?2026h\u001b[?25l\u001b[A\u001b[1Gpulling manifest \u001b[K\n"}
,{"stream_name":"stderr","time":70.117815873,"data":"pulling a3de86cd1c13: 100% ▕██████████████████▏ 5.2 GB                         \u001b[K\u001b[?25h\u001b[?2026l\u001b[?2026h\u001b[?25l\u001b[A\u001b[1Gpulling manifest \u001b[K\n"}
,{"stream_name":"stderr","time":70.217504144,"data":"pulling a3de86cd1c13: 100% ▕██████████████████▏ 5.2 GB                         \u001b[K\u001b[?25h\u001b[?2026l\u001b[?2026h\u001b[?25l\u001b[A\u001b[1Gpulling manifest \u001b[K\n"}
,{"stream_name":"stderr","time":70.317839337,"data":"pulling a3de86cd1c13: 100% ▕██████████████████▏ 5.2 GB                         \u001b[K\u001b[?25h\u001b[?2026l\u001b[?2026h\u001b[?25l\u001b[A\u001b[1Gpulling manifest \u001b[K\n"}
,{"stream_name":"stderr","time":70.417428686,"data":"pulling a3de86cd1c13: 100% ▕██████████████████▏ 5.2 GB                         \u001b[K\u001b[?25h\u001b[?2026l\u001b[?2026h\u001b[?25l\u001b[A\u001b[1Gpulling manifest \u001b[K\n"}
,{"stream_name":"stderr","time":70.517069916,"data":"pulling a3de86cd1c13: 100% ▕██████████████████▏ 5.2 GB                         \u001b[K\u001b[?25h\u001b[?2026l\u001b[?2026h\u001b[?25l\u001b[A\u001b[1Gpulling manifest \u001b[K\n"}
,{"stream_name":"stderr","time":70.617416367,"data":"pulling a3de86cd1c13: 100% ▕██████████████████▏ 5.2 GB                         \u001b[K\u001b[?25h\u001b[?2026l\u001b[?2026h\u001b[?25l\u001b[A\u001b[1Gpulling manifest \u001b[K\n"}
,{"stream_name":"stderr","time":70.716986202,"data":"pulling a3de86cd1c13: 100% ▕██████████████████▏ 5.2 GB                         \u001b[K\u001b[?25h\u001b[?2026l\u001b[?2026h\u001b[?25l\u001b[A\u001b[1Gpulling manifest \u001b[K\n"}
,{"stream_name":"stderr","time":70.817866239,"data":"pulling a3de86cd1c13: 100% ▕██████████████████▏ 5.2 GB                         \u001b[K\u001b[?25h\u001b[?2026l\u001b[?2026h\u001b[?25l\u001b[A\u001b[1Gpulling manifest \u001b[K\n"}
,{"stream_name":"stderr","time":70.917078058,"data":"pulling a3de86cd1c13: 100% ▕██████████████████▏ 5.2 GB                         \u001b[K\u001b[?25h\u001b[?2026l\u001b[?2026h\u001b[?25l\u001b[A\u001b[1Gpulling manifest \u001b[K\n"}
,{"stream_name":"stderr","time":71.017540602,"data":"pulling a3de86cd1c13: 100% ▕██████████████████▏ 5.2 GB                         \u001b[K\u001b[?25h\u001b[?2026l\u001b[?2026h\u001b[?25l\u001b[A\u001b[1Gpulling manifest \u001b[K\n"}
,{"stream_name":"stderr","time":71.117970029,"data":"pulling a3de86cd1c13: 100% ▕██████████████████▏ 5.2 GB                         \u001b[K\u001b[?25h\u001b[?2026l\u001b[?2026h\u001b[?25l\u001b[A\u001b[1Gpulling manifest \u001b[K\n"}
,{"stream_name":"stderr","time":71.217368752,"data":"pulling a3de86cd1c13: 100% ▕██████████████████▏ 5.2 GB                         \u001b[K\u001b[?25h\u001b[?2026l\u001b[?2026h\u001b[?25l\u001b[A\u001b[1Gpulling manifest \u001b[K\n"}
,{"stream_name":"stderr","time":71.317654807,"data":"pulling a3de86cd1c13: 100% ▕██████████████████▏ 5.2 GB                         \u001b[K\u001b[?25h\u001b[?2026l\u001b[?2026h\u001b[?25l\u001b[A\u001b[1Gpulling manifest \u001b[K\n"}
,{"stream_name":"stderr","time":71.416977548,"data":"pulling a3de86cd1c13: 100% ▕██████████████████▏ 5.2 GB                         \u001b[K\u001b[?25h\u001b[?2026l\u001b[?2026h\u001b[?25l\u001b[A\u001b[1Gpulling manifest \u001b[K\n"}
,{"stream_name":"stderr","time":71.517714805,"data":"pulling a3de86cd1c13: 100% ▕██████████████████▏ 5.2 GB                         \u001b[K\u001b[?25h\u001b[?2026l\u001b[?2026h\u001b[?25l\u001b[A\u001b[1Gpulling manifest \u001b[K\n"}
,{"stream_name":"stderr","time":71.617233018,"data":"pulling a3de86cd1c13: 100% ▕██████████████████▏ 5.2 GB                         \u001b[K\u001b[?25h\u001b[?2026l\u001b[?2026h\u001b[?25l\u001b[A\u001b[1Gpulling manifest \u001b[K\n"}
,{"stream_name":"stderr","time":71.717394985,"data":"pulling a3de86cd1c13: 100% ▕██████████████████▏ 5.2 GB                         \u001b[K\u001b[?25h\u001b[?2026l\u001b[?2026h\u001b[?25l\u001b[A\u001b[1Gpulling manifest \u001b[K\n"}
,{"stream_name":"stderr","time":71.817942259,"data":"pulling a3de86cd1c13: 100% ▕██████████████████▏ 5.2 GB                         \u001b[K\u001b[?25h\u001b[?2026l\u001b[?2026h\u001b[?25l\u001b[A\u001b[1Gpulling manifest \u001b[K\n"}
,{"stream_name":"stderr","time":71.917945748,"data":"pulling a3de86cd1c13: 100% ▕██████████████████▏ 5.2 GB                         \u001b[K\u001b[?25h\u001b[?2026l\u001b[?2026h\u001b[?25l\u001b[A\u001b[1Gpulling manifest \u001b[K\n"}
,{"stream_name":"stderr","time":72.017750062,"data":"pulling a3de86cd1c13: 100% ▕██████████████████▏ 5.2 GB                         \u001b[K\u001b[?25h\u001b[?2026l\u001b[?2026h\u001b[?25l\u001b[A\u001b[1Gpulling manifest \u001b[K\n"}
,{"stream_name":"stderr","time":72.117406762,"data":"pulling a3de86cd1c13: 100% ▕██████████████████▏ 5.2 GB                         \u001b[K\u001b[?25h\u001b[?2026l\u001b[?2026h\u001b[?25l\u001b[A\u001b[1Gpulling manifest \u001b[K\n"}
,{"stream_name":"stderr","time":72.11744721,"data":"pulling a3de86cd1c13: 100% ▕██████████████████▏ 5.2 GB                         \u001b[K\n"}
,{"stream_name":"stderr","time":72.217795883,"data":"verifying sha256 digest ⠋ \u001b[K\u001b[?25h\u001b[?2026l\u001b[?2026h\u001b[?25l\u001b[A\u001b[A\u001b[1Gpulling manifest \u001b[K\n"}
,{"stream_name":"stderr","time":72.217835147,"data":"pulling a3de86cd1c13: 100% ▕██████████████████▏ 5.2 GB                         \u001b[K\n"}
,{"stream_name":"stderr","time":72.317280774,"data":"verifying sha256 digest ⠙ \u001b[K\u001b[?25h\u001b[?2026l\u001b[?2026h\u001b[?25l\u001b[A\u001b[A\u001b[1Gpulling manifest \u001b[K\n"}
,{"stream_name":"stderr","time":72.317319213,"data":"pulling a3de86cd1c13: 100% ▕██████████████████▏ 5.2 GB                         \u001b[K\n"}
,{"stream_name":"stderr","time":72.41794032,"data":"verifying sha256 digest ⠹ \u001b[K\u001b[?25h\u001b[?2026l\u001b[?2026h\u001b[?25l\u001b[A\u001b[A\u001b[1Gpulling manifest \u001b[K\n"}
,{"stream_name":"stderr","time":72.417984311,"data":"pulling a3de86cd1c13: 100% ▕██████████████████▏ 5.2 GB                         \u001b[K\n"}
,{"stream_name":"stderr","time":72.51761553,"data":"verifying sha256 digest ⠸ \u001b[K\u001b[?25h\u001b[?2026l\u001b[?2026h\u001b[?25l\u001b[A\u001b[A\u001b[1Gpulling manifest \u001b[K\n"}
,{"stream_name":"stderr","time":72.517656645,"data":"pulling a3de86cd1c13: 100% ▕██████████████████▏ 5.2 GB                         \u001b[K\n"}
,{"stream_name":"stderr","time":72.617038718,"data":"verifying sha256 digest ⠼ \u001b[K\u001b[?25h\u001b[?2026l\u001b[?2026h\u001b[?25l\u001b[A\u001b[A\u001b[1Gpulling manifest \u001b[K\n"}
,{"stream_name":"stderr","time":72.617081555,"data":"pulling a3de86cd1c13: 100% ▕██████████████████▏ 5.2 GB                         \u001b[K\n"}
,{"stream_name":"stderr","time":72.717561173,"data":"verifying sha256 digest ⠴ \u001b[K\u001b[?25h\u001b[?2026l\u001b[?2026h\u001b[?25l\u001b[A\u001b[A\u001b[1Gpulling manifest \u001b[K\n"}
,{"stream_name":"stderr","time":72.717609524,"data":"pulling a3de86cd1c13: 100% ▕██████████████████▏ 5.2 GB                         \u001b[K\n"}
,{"stream_name":"stderr","time":72.817058419,"data":"verifying sha256 digest ⠦ \u001b[K\u001b[?25h\u001b[?2026l\u001b[?2026h\u001b[?25l\u001b[A\u001b[A\u001b[1Gpulling manifest \u001b[K\n"}
,{"stream_name":"stderr","time":72.817097091,"data":"pulling a3de86cd1c13: 100% ▕██████████████████▏ 5.2 GB                         \u001b[K\n"}
,{"stream_name":"stderr","time":72.917414559,"data":"verifying sha256 digest ⠧ \u001b[K\u001b[?25h\u001b[?2026l\u001b[?2026h\u001b[?25l\u001b[A\u001b[A\u001b[1Gpulling manifest \u001b[K\n"}
,{"stream_name":"stderr","time":72.917491342,"data":"pulling a3de86cd1c13: 100% ▕██████████████████▏ 5.2 GB                         \u001b[K\n"}
,{"stream_name":"stderr","time":73.01791166,"data":"verifying sha256 digest ⠇ \u001b[K\u001b[?25h\u001b[?2026l\u001b[?2026h\u001b[?25l\u001b[A\u001b[A\u001b[1Gpulling manifest \u001b[K\n"}
,{"stream_name":"stderr","time":73.017951657,"data":"pulling a3de86cd1c13: 100% ▕██████████████████▏ 5.2 GB                         \u001b[K\n"}
,{"stream_name":"stderr","time":73.117383763,"data":"verifying sha256 digest ⠏ \u001b[K\u001b[?25h\u001b[?2026l\u001b[?2026h\u001b[?25l\u001b[A\u001b[A\u001b[1Gpulling manifest \u001b[K\n"}
,{"stream_name":"stderr","time":73.117457677,"data":"pulling a3de86cd1c13: 100% ▕██████████████████▏ 5.2 GB                         \u001b[K\n"}
,{"stream_name":"stderr","time":73.217916441,"data":"verifying sha256 digest ⠋ \u001b[K\u001b[?25h\u001b[?2026l\u001b[?2026h\u001b[?25l\u001b[A\u001b[A\u001b[1Gpulling manifest \u001b[K\n"}
,{"stream_name":"stderr","time":73.217953293,"data":"pulling a3de86cd1c13: 100% ▕██████████████████▏ 5.2 GB                         \u001b[K\n"}
,{"stream_name":"stderr","time":73.31743371,"data":"verifying sha256 digest ⠙ \u001b[K\u001b[?25h\u001b[?2026l\u001b[?2026h\u001b[?25l\u001b[A\u001b[A\u001b[1Gpulling manifest \u001b[K\n"}
,{"stream_name":"stderr","time":73.317474891,"data":"pulling a3de86cd1c13: 100% ▕██████████████████▏ 5.2 GB                         \u001b[K\n"}
,{"stream_name":"stderr","time":73.416940573,"data":"verifying sha256 digest ⠹ \u001b[K\u001b[?25h\u001b[?2026l\u001b[?2026h\u001b[?25l\u001b[A\u001b[A\u001b[1Gpulling manifest \u001b[K\n"}
,{"stream_name":"stderr","time":73.416976871,"data":"pulling a3de86cd1c13: 100% ▕██████████████████▏ 5.2 GB                         \u001b[K\n"}
,{"stream_name":"stderr","time":73.517424558,"data":"verifying sha256 digest ⠸ \u001b[K\u001b[?25h\u001b[?2026l\u001b[?2026h\u001b[?25l\u001b[A\u001b[A\u001b[1Gpulling manifest \u001b[K\n"}
,{"stream_name":"stderr","time":73.51746426,"data":"pulling a3de86cd1c13: 100% ▕██████████████████▏ 5.2 GB                         \u001b[K\n"}
,{"stream_name":"stderr","time":73.616964981,"data":"verifying sha256 digest ⠼ \u001b[K\u001b[?25h\u001b[?2026l\u001b[?2026h\u001b[?25l\u001b[A\u001b[A\u001b[1Gpulling manifest \u001b[K\n"}
,{"stream_name":"stderr","time":73.61700439,"data":"pulling a3de86cd1c13: 100% ▕██████████████████▏ 5.2 GB                         \u001b[K\n"}
,{"stream_name":"stderr","time":73.717426035,"data":"verifying sha256 digest ⠴ \u001b[K\u001b[?25h\u001b[?2026l\u001b[?2026h\u001b[?25l\u001b[A\u001b[A\u001b[1Gpulling manifest \u001b[K\n"}
,{"stream_name":"stderr","time":73.717462084,"data":"pulling a3de86cd1c13: 100% ▕██████████████████▏ 5.2 GB                         \u001b[K\n"}
,{"stream_name":"stderr","time":73.817962828,"data":"verifying sha256 digest ⠦ \u001b[K\u001b[?25h\u001b[?2026l\u001b[?2026h\u001b[?25l\u001b[A\u001b[A\u001b[1Gpulling manifest \u001b[K\n"}
,{"stream_name":"stderr","time":73.818003068,"data":"pulling a3de86cd1c13: 100% ▕██████████████████▏ 5.2 GB                         \u001b[K\n"}
,{"stream_name":"stderr","time":73.917468467,"data":"verifying sha256 digest ⠧ \u001b[K\u001b[?25h\u001b[?2026l\u001b[?2026h\u001b[?25l\u001b[A\u001b[A\u001b[1Gpulling manifest \u001b[K\n"}
,{"stream_name":"stderr","time":73.917558355,"data":"pulling a3de86cd1c13: 100% ▕██████████████████▏ 5.2 GB                         \u001b[K\n"}
,{"stream_name":"stderr","time":74.01794424,"data":"verifying sha256 digest ⠇ \u001b[K\u001b[?25h\u001b[?2026l\u001b[?2026h\u001b[?25l\u001b[A\u001b[A\u001b[1Gpulling manifest \u001b[K\n"}
,{"stream_name":"stderr","time":74.017980892,"data":"pulling a3de86cd1c13: 100% ▕██████████████████▏ 5.2 GB                         \u001b[K\n"}
,{"stream_name":"stderr","time":74.117895207,"data":"verifying sha256 digest ⠏ \u001b[K\u001b[?25h\u001b[?2026l\u001b[?2026h\u001b[?25l\u001b[A\u001b[A\u001b[1Gpulling manifest \u001b[K\n"}
,{"stream_name":"stderr","time":74.117932049,"data":"pulling a3de86cd1c13: 100% ▕██████████████████▏ 5.2 GB                         \u001b[K\n"}
,{"stream_name":"stderr","time":74.217293136,"data":"verifying sha256 digest ⠋ \u001b[K\u001b[?25h\u001b[?2026l\u001b[?2026h\u001b[?25l\u001b[A\u001b[A\u001b[1Gpulling manifest \u001b[K\n"}
,{"stream_name":"stderr","time":74.217332101,"data":"pulling a3de86cd1c13: 100% ▕██████████████████▏ 5.2 GB                         \u001b[K\n"}
,{"stream_name":"stderr","time":74.31793776,"data":"verifying sha256 digest ⠙ \u001b[K\u001b[?25h\u001b[?2026l\u001b[?2026h\u001b[?25l\u001b[A\u001b[A\u001b[1Gpulling manifest \u001b[K\n"}
,{"stream_name":"stderr","time":74.317976319,"data":"pulling a3de86cd1c13: 100% ▕██████████████████▏ 5.2 GB                         \u001b[K\n"}
,{"stream_name":"stderr","time":74.417453602,"data":"verifying sha256 digest ⠹ \u001b[K\u001b[?25h\u001b[?2026l\u001b[?2026h\u001b[?25l\u001b[A\u001b[A\u001b[1Gpulling manifest \u001b[K\n"}
,{"stream_name":"stderr","time":74.41749556,"data":"pulling a3de86cd1c13: 100% ▕██████████████████▏ 5.2 GB                         \u001b[K\n"}
,{"stream_name":"stderr","time":74.517928502,"data":"verifying sha256 digest ⠸ \u001b[K\u001b[?25h\u001b[?2026l\u001b[?2026h\u001b[?25l\u001b[A\u001b[A\u001b[1Gpulling manifest \u001b[K\n"}
,{"stream_name":"stderr","time":74.517966204,"data":"pulling a3de86cd1c13: 100% ▕██████████████████▏ 5.2 GB                         \u001b[K\n"}
,{"stream_name":"stderr","time":74.617551957,"data":"verifying sha256 digest ⠼ \u001b[K\u001b[?25h\u001b[?2026l\u001b[?2026h\u001b[?25l\u001b[A\u001b[A\u001b[1Gpulling manifest \u001b[K\n"}
,{"stream_name":"stderr","time":74.617590281,"data":"pulling a3de86cd1c13: 100% ▕██████████████████▏ 5.2 GB                         \u001b[K\n"}
,{"stream_name":"stderr","time":74.717102616,"data":"verifying sha256 digest ⠴ \u001b[K\u001b[?25h\u001b[?2026l\u001b[?2026h\u001b[?25l\u001b[A\u001b[A\u001b[1Gpulling manifest \u001b[K\n"}
,{"stream_name":"stderr","time":74.717143994,"data":"pulling a3de86cd1c13: 100% ▕██████████████████▏ 5.2 GB                         \u001b[K\n"}
,{"stream_name":"stderr","time":74.817583737,"data":"verifying sha256 digest ⠦ \u001b[K\u001b[?25h\u001b[?2026l\u001b[?2026h\u001b[?25l\u001b[A\u001b[A\u001b[1Gpulling manifest \u001b[K\n"}
,{"stream_name":"stderr","time":74.817622418,"data":"pulling a3de86cd1c13: 100% ▕██████████████████▏ 5.2 GB                         \u001b[K\n"}
,{"stream_name":"stderr","time":74.916990225,"data":"verifying sha256 digest ⠧ \u001b[K\u001b[?25h\u001b[?2026l\u001b[?2026h\u001b[?25l\u001b[A\u001b[A\u001b[1Gpulling manifest \u001b[K\n"}
,{"stream_name":"stderr","time":74.91703319,"data":"pulling a3de86cd1c13: 100% ▕██████████████████▏ 5.2 GB                         \u001b[K\n"}
,{"stream_name":"stderr","time":75.01760269,"data":"verifying sha256 digest ⠇ \u001b[K\u001b[?25h\u001b[?2026l\u001b[?2026h\u001b[?25l\u001b[A\u001b[A\u001b[1Gpulling manifest \u001b[K\n"}
,{"stream_name":"stderr","time":75.017643197,"data":"pulling a3de86cd1c13: 100% ▕██████████████████▏ 5.2 GB                         \u001b[K\n"}
,{"stream_name":"stderr","time":75.116971266,"data":"verifying sha256 digest ⠏ \u001b[K\u001b[?25h\u001b[?2026l\u001b[?2026h\u001b[?25l\u001b[A\u001b[A\u001b[1Gpulling manifest \u001b[K\n"}
,{"stream_name":"stderr","time":75.11700971,"data":"pulling a3de86cd1c13: 100% ▕██████████████████▏ 5.2 GB                         \u001b[K\n"}
,{"stream_name":"stderr","time":75.2172522,"data":"verifying sha256 digest ⠋ \u001b[K\u001b[?25h\u001b[?2026l\u001b[?2026h\u001b[?25l\u001b[A\u001b[A\u001b[1Gpulling manifest \u001b[K\n"}
,{"stream_name":"stderr","time":75.217313267,"data":"pulling a3de86cd1c13: 100% ▕██████████████████▏ 5.2 GB                         \u001b[K\n"}
,{"stream_name":"stderr","time":75.317726409,"data":"verifying sha256 digest ⠙ \u001b[K\u001b[?25h\u001b[?2026l\u001b[?2026h\u001b[?25l\u001b[A\u001b[A\u001b[1Gpulling manifest \u001b[K\n"}
,{"stream_name":"stderr","time":75.317759465,"data":"pulling a3de86cd1c13: 100% ▕██████████████████▏ 5.2 GB                         \u001b[K\n"}
,{"stream_name":"stderr","time":75.417176805,"data":"verifying sha256 digest ⠹ \u001b[K\u001b[?25h\u001b[?2026l\u001b[?2026h\u001b[?25l\u001b[A\u001b[A\u001b[1Gpulling manifest \u001b[K\n"}
,{"stream_name":"stderr","time":75.417206266,"data":"pulling a3de86cd1c13: 100% ▕██████████████████▏ 5.2 GB                         \u001b[K\n"}
,{"stream_name":"stderr","time":75.517487488,"data":"verifying sha256 digest ⠸ \u001b[K\u001b[?25h\u001b[?2026l\u001b[?2026h\u001b[?25l\u001b[A\u001b[A\u001b[1Gpulling manifest \u001b[K\n"}
,{"stream_name":"stderr","time":75.517521113,"data":"pulling a3de86cd1c13: 100% ▕██████████████████▏ 5.2 GB                         \u001b[K\n"}
,{"stream_name":"stderr","time":75.617062035,"data":"verifying sha256 digest ⠼ \u001b[K\u001b[?25h\u001b[?2026l\u001b[?2026h\u001b[?25l\u001b[A\u001b[A\u001b[1Gpulling manifest \u001b[K\n"}
,{"stream_name":"stderr","time":75.617096307,"data":"pulling a3de86cd1c13: 100% ▕██████████████████▏ 5.2 GB                         \u001b[K\n"}
,{"stream_name":"stderr","time":75.717447666,"data":"verifying sha256 digest ⠴ \u001b[K\u001b[?25h\u001b[?2026l\u001b[?2026h\u001b[?25l\u001b[A\u001b[A\u001b[1Gpulling manifest \u001b[K\n"}
,{"stream_name":"stderr","time":75.717482538,"data":"pulling a3de86cd1c13: 100% ▕██████████████████▏ 5.2 GB                         \u001b[K\n"}
,{"stream_name":"stderr","time":75.817971565,"data":"verifying sha256 digest ⠦ \u001b[K\u001b[?25h\u001b[?2026l\u001b[?2026h\u001b[?25l\u001b[A\u001b[A\u001b[1Gpulling manifest \u001b[K\n"}
,{"stream_name":"stderr","time":75.818005885,"data":"pulling a3de86cd1c13: 100% ▕██████████████████▏ 5.2 GB                         \u001b[K\n"}
,{"stream_name":"stderr","time":75.917490461,"data":"verifying sha256 digest ⠧ \u001b[K\u001b[?25h\u001b[?2026l\u001b[?2026h\u001b[?25l\u001b[A\u001b[A\u001b[1Gpulling manifest \u001b[K\n"}
,{"stream_name":"stderr","time":75.917525757,"data":"pulling a3de86cd1c13: 100% ▕██████████████████▏ 5.2 GB                         \u001b[K\n"}
,{"stream_name":"stderr","time":76.018529557,"data":"verifying sha256 digest ⠇ \u001b[K\u001b[?25h\u001b[?2026l\u001b[?2026h\u001b[?25l\u001b[A\u001b[A\u001b[1Gpulling manifest \u001b[K\n"}
,{"stream_name":"stderr","time":76.018565814,"data":"pulling a3de86cd1c13: 100% ▕██████████████████▏ 5.2 GB                         \u001b[K\n"}
,{"stream_name":"stderr","time":76.117421717,"data":"verifying sha256 digest ⠏ \u001b[K\u001b[?25h\u001b[?2026l\u001b[?2026h\u001b[?25l\u001b[A\u001b[A\u001b[1Gpulling manifest \u001b[K\n"}
,{"stream_name":"stderr","time":76.117461954,"data":"pulling a3de86cd1c13: 100% ▕██████████████████▏ 5.2 GB                         \u001b[K\n"}
,{"stream_name":"stderr","time":76.217924382,"data":"verifying sha256 digest ⠋ \u001b[K\u001b[?25h\u001b[?2026l\u001b[?2026h\u001b[?25l\u001b[A\u001b[A\u001b[1Gpulling manifest \u001b[K\n"}
,{"stream_name":"stderr","time":76.217963291,"data":"pulling a3de86cd1c13: 100% ▕██████████████████▏ 5.2 GB                         \u001b[K\n"}
,{"stream_name":"stderr","time":76.317444615,"data":"verifying sha256 digest ⠙ \u001b[K\u001b[?25h\u001b[?2026l\u001b[?2026h\u001b[?25l\u001b[A\u001b[A\u001b[1Gpulling manifest \u001b[K\n"}
,{"stream_name":"stderr","time":76.31748046,"data":"pulling a3de86cd1c13: 100% ▕██████████████████▏ 5.2 GB                         \u001b[K\n"}
,{"stream_name":"stderr","time":76.41804023,"data":"verifying sha256 digest ⠹ \u001b[K\u001b[?25h\u001b[?2026l\u001b[?2026h\u001b[?25l\u001b[A\u001b[A\u001b[1Gpulling manifest \u001b[K\n"}
,{"stream_name":"stderr","time":76.418075142,"data":"pulling a3de86cd1c13: 100% ▕██████████████████▏ 5.2 GB                         \u001b[K\n"}
,{"stream_name":"stderr","time":76.517597992,"data":"verifying sha256 digest ⠸ \u001b[K\u001b[?25h\u001b[?2026l\u001b[?2026h\u001b[?25l\u001b[A\u001b[A\u001b[1Gpulling manifest \u001b[K\n"}
,{"stream_name":"stderr","time":76.517636724,"data":"pulling a3de86cd1c13: 100% ▕██████████████████▏ 5.2 GB                         \u001b[K\n"}
,{"stream_name":"stderr","time":76.61720383,"data":"verifying sha256 digest ⠼ \u001b[K\u001b[?25h\u001b[?2026l\u001b[?2026h\u001b[?25l\u001b[A\u001b[A\u001b[1Gpulling manifest \u001b[K\n"}
,{"stream_name":"stderr","time":76.617242039,"data":"pulling a3de86cd1c13: 100% ▕██████████████████▏ 5.2 GB                         \u001b[K\n"}
,{"stream_name":"stderr","time":76.717732596,"data":"verifying sha256 digest ⠴ \u001b[K\u001b[?25h\u001b[?2026l\u001b[?2026h\u001b[?25l\u001b[A\u001b[A\u001b[1Gpulling manifest \u001b[K\n"}
,{"stream_name":"stderr","time":76.717766411,"data":"pulling a3de86cd1c13: 100% ▕██████████████████▏ 5.2 GB                         \u001b[K\n"}
,{"stream_name":"stderr","time":76.817291762,"data":"verifying sha256 digest ⠦ \u001b[K\u001b[?25h\u001b[?2026l\u001b[?2026h\u001b[?25l\u001b[A\u001b[A\u001b[1Gpulling manifest \u001b[K\n"}
,{"stream_name":"stderr","time":76.817354503,"data":"pulling a3de86cd1c13: 100% ▕██████████████████▏ 5.2 GB                         \u001b[K\n"}
,{"stream_name":"stderr","time":76.91793581,"data":"verifying sha256 digest ⠧ \u001b[K\u001b[?25h\u001b[?2026l\u001b[?2026h\u001b[?25l\u001b[A\u001b[A\u001b[1Gpulling manifest \u001b[K\n"}
,{"stream_name":"stderr","time":76.917971079,"data":"pulling a3de86cd1c13: 100% ▕██████████████████▏ 5.2 GB                         \u001b[K\n"}
,{"stream_name":"stderr","time":77.017473216,"data":"verifying sha256 digest ⠇ \u001b[K\u001b[?25h\u001b[?2026l\u001b[?2026h\u001b[?25l\u001b[A\u001b[A\u001b[1Gpulling manifest \u001b[K\n"}
,{"stream_name":"stderr","time":77.017505788,"data":"pulling a3de86cd1c13: 100% ▕██████████████████▏ 5.2 GB                         \u001b[K\n"}
,{"stream_name":"stderr","time":77.117996322,"data":"verifying sha256 digest ⠏ \u001b[K\u001b[?25h\u001b[?2026l\u001b[?2026h\u001b[?25l\u001b[A\u001b[A\u001b[1Gpulling manifest \u001b[K\n"}
,{"stream_name":"stderr","time":77.118035125,"data":"pulling a3de86cd1c13: 100% ▕██████████████████▏ 5.2 GB                         \u001b[K\n"}
,{"stream_name":"stderr","time":77.217585748,"data":"verifying sha256 digest ⠋ \u001b[K\u001b[?25h\u001b[?2026l\u001b[?2026h\u001b[?25l\u001b[A\u001b[A\u001b[1Gpulling manifest \u001b[K\n"}
,{"stream_name":"stderr","time":77.217620011,"data":"pulling a3de86cd1c13: 100% ▕██████████████████▏ 5.2 GB                         \u001b[K\n"}
,{"stream_name":"stderr","time":77.317326034,"data":"verifying sha256 digest ⠙ \u001b[K\u001b[?25h\u001b[?2026l\u001b[?2026h\u001b[?25l\u001b[A\u001b[A\u001b[1Gpulling manifest \u001b[K\n"}
,{"stream_name":"stderr","time":77.317382837,"data":"pulling a3de86cd1c13: 100% ▕██████████████████▏ 5.2 GB                         \u001b[K\n"}
,{"stream_name":"stderr","time":77.417942635,"data":"verifying sha256 digest ⠹ \u001b[K\u001b[?25h\u001b[?2026l\u001b[?2026h\u001b[?25l\u001b[A\u001b[A\u001b[1Gpulling manifest \u001b[K\n"}
,{"stream_name":"stderr","time":77.417988481,"data":"pulling a3de86cd1c13: 100% ▕██████████████████▏ 5.2 GB                         \u001b[K\n"}
,{"stream_name":"stderr","time":77.51739584,"data":"verifying sha256 digest ⠸ \u001b[K\u001b[?25h\u001b[?2026l\u001b[?2026h\u001b[?25l\u001b[A\u001b[A\u001b[1Gpulling manifest \u001b[K\n"}
,{"stream_name":"stderr","time":77.517442018,"data":"pulling a3de86cd1c13: 100% ▕██████████████████▏ 5.2 GB                         \u001b[K\n"}
,{"stream_name":"stderr","time":77.617955552,"data":"verifying sha256 digest ⠼ \u001b[K\u001b[?25h\u001b[?2026l\u001b[?2026h\u001b[?25l\u001b[A\u001b[A\u001b[1Gpulling manifest \u001b[K\n"}
,{"stream_name":"stderr","time":77.6179955,"data":"pulling a3de86cd1c13: 100% ▕██████████████████▏ 5.2 GB                         \u001b[K\n"}
,{"stream_name":"stderr","time":77.717523138,"data":"verifying sha256 digest ⠴ \u001b[K\u001b[?25h\u001b[?2026l\u001b[?2026h\u001b[?25l\u001b[A\u001b[A\u001b[1Gpulling manifest \u001b[K\n"}
,{"stream_name":"stderr","time":77.717558557,"data":"pulling a3de86cd1c13: 100% ▕██████████████████▏ 5.2 GB                         \u001b[K\n"}
,{"stream_name":"stderr","time":77.817016001,"data":"verifying sha256 digest ⠦ \u001b[K\u001b[?25h\u001b[?2026l\u001b[?2026h\u001b[?25l\u001b[A\u001b[A\u001b[1Gpulling manifest \u001b[K\n"}
,{"stream_name":"stderr","time":77.817055478,"data":"pulling a3de86cd1c13: 100% ▕██████████████████▏ 5.2 GB                         \u001b[K\n"}
,{"stream_name":"stderr","time":77.917547339,"data":"verifying sha256 digest ⠧ \u001b[K\u001b[?25h\u001b[?2026l\u001b[?2026h\u001b[?25l\u001b[A\u001b[A\u001b[1Gpulling manifest \u001b[K\n"}
,{"stream_name":"stderr","time":77.917584455,"data":"pulling a3de86cd1c13: 100% ▕██████████████████▏ 5.2 GB                         \u001b[K\n"}
,{"stream_name":"stderr","time":78.0170015,"data":"verifying sha256 digest ⠇ \u001b[K\u001b[?25h\u001b[?2026l\u001b[?2026h\u001b[?25l\u001b[A\u001b[A\u001b[1Gpulling manifest \u001b[K\n"}
,{"stream_name":"stderr","time":78.017060729,"data":"pulling a3de86cd1c13: 100% ▕██████████████████▏ 5.2 GB                         \u001b[K\n"}
,{"stream_name":"stderr","time":78.117572874,"data":"verifying sha256 digest ⠏ \u001b[K\u001b[?25h\u001b[?2026l\u001b[?2026h\u001b[?25l\u001b[A\u001b[A\u001b[1Gpulling manifest \u001b[K\n"}
,{"stream_name":"stderr","time":78.117609171,"data":"pulling a3de86cd1c13: 100% ▕██████████████████▏ 5.2 GB                         \u001b[K\n"}
,{"stream_name":"stderr","time":78.217365595,"data":"verifying sha256 digest ⠋ \u001b[K\u001b[?25h\u001b[?2026l\u001b[?2026h\u001b[?25l\u001b[A\u001b[A\u001b[1Gpulling manifest \u001b[K\n"}
,{"stream_name":"stderr","time":78.217406868,"data":"pulling a3de86cd1c13: 100% ▕██████████████████▏ 5.2 GB                         \u001b[K\n"}
,{"stream_name":"stderr","time":78.317917577,"data":"verifying sha256 digest ⠙ \u001b[K\u001b[?25h\u001b[?2026l\u001b[?2026h\u001b[?25l\u001b[A\u001b[A\u001b[1Gpulling manifest \u001b[K\n"}
,{"stream_name":"stderr","time":78.317967385,"data":"pulling a3de86cd1c13: 100% ▕██████████████████▏ 5.2 GB                         \u001b[K\n"}
,{"stream_name":"stderr","time":78.417309088,"data":"verifying sha256 digest ⠹ \u001b[K\u001b[?25h\u001b[?2026l\u001b[?2026h\u001b[?25l\u001b[A\u001b[A\u001b[1Gpulling manifest \u001b[K\n"}
,{"stream_name":"stderr","time":78.417352116,"data":"pulling a3de86cd1c13: 100% ▕██████████████████▏ 5.2 GB                         \u001b[K\n"}
,{"stream_name":"stderr","time":78.517847461,"data":"verifying sha256 digest ⠸ \u001b[K\u001b[?25h\u001b[?2026l\u001b[?2026h\u001b[?25l\u001b[A\u001b[A\u001b[1Gpulling manifest \u001b[K\n"}
,{"stream_name":"stderr","time":78.517917933,"data":"pulling a3de86cd1c13: 100% ▕██████████████████▏ 5.2 GB                         \u001b[K\n"}
,{"stream_name":"stderr","time":78.617321993,"data":"verifying sha256 digest ⠼ \u001b[K\u001b[?25h\u001b[?2026l\u001b[?2026h\u001b[?25l\u001b[A\u001b[A\u001b[1Gpulling manifest \u001b[K\n"}
,{"stream_name":"stderr","time":78.61736331,"data":"pulling a3de86cd1c13: 100% ▕██████████████████▏ 5.2 GB                         \u001b[K\n"}
,{"stream_name":"stderr","time":78.717856434,"data":"verifying sha256 digest ⠴ \u001b[K\u001b[?25h\u001b[?2026l\u001b[?2026h\u001b[?25l\u001b[A\u001b[A\u001b[1Gpulling manifest \u001b[K\n"}
,{"stream_name":"stderr","time":78.717896088,"data":"pulling a3de86cd1c13: 100% ▕██████████████████▏ 5.2 GB                         \u001b[K\n"}
,{"stream_name":"stderr","time":78.817456261,"data":"verifying sha256 digest ⠦ \u001b[K\u001b[?25h\u001b[?2026l\u001b[?2026h\u001b[?25l\u001b[A\u001b[A\u001b[1Gpulling manifest \u001b[K\n"}
,{"stream_name":"stderr","time":78.817495984,"data":"pulling a3de86cd1c13: 100% ▕██████████████████▏ 5.2 GB                         \u001b[K\n"}
,{"stream_name":"stderr","time":78.917917548,"data":"verifying sha256 digest ⠧ \u001b[K\u001b[?25h\u001b[?2026l\u001b[?2026h\u001b[?25l\u001b[A\u001b[A\u001b[1Gpulling manifest \u001b[K\n"}
,{"stream_name":"stderr","time":78.917951811,"data":"pulling a3de86cd1c13: 100% ▕██████████████████▏ 5.2 GB                         \u001b[K\n"}
,{"stream_name":"stderr","time":79.017427317,"data":"verifying sha256 digest ⠇ \u001b[K\u001b[?25h\u001b[?2026l\u001b[?2026h\u001b[?25l\u001b[A\u001b[A\u001b[1Gpulling manifest \u001b[K\n"}
,{"stream_name":"stderr","time":79.017516757,"data":"pulling a3de86cd1c13: 100% ▕██████████████████▏ 5.2 GB                         \u001b[K\n"}
,{"stream_name":"stderr","time":79.118024121,"data":"verifying sha256 digest ⠏ \u001b[K\u001b[?25h\u001b[?2026l\u001b[?2026h\u001b[?25l\u001b[A\u001b[A\u001b[1Gpulling manifest \u001b[K\n"}
,{"stream_name":"stderr","time":79.118059109,"data":"pulling a3de86cd1c13: 100% ▕██████████████████▏ 5.2 GB                         \u001b[K\n"}
,{"stream_name":"stderr","time":79.217450665,"data":"verifying sha256 digest ⠋ \u001b[K\u001b[?25h\u001b[?2026l\u001b[?2026h\u001b[?25l\u001b[A\u001b[A\u001b[1Gpulling manifest \u001b[K\n"}
,{"stream_name":"stderr","time":79.217497669,"data":"pulling a3de86cd1c13: 100% ▕██████████████████▏ 5.2 GB                         \u001b[K\n"}
,{"stream_name":"stderr","time":79.316952454,"data":"verifying sha256 digest ⠙ \u001b[K\u001b[?25h\u001b[?2026l\u001b[?2026h\u001b[?25l\u001b[A\u001b[A\u001b[1Gpulling manifest \u001b[K\n"}
,{"stream_name":"stderr","time":79.317002364,"data":"pulling a3de86cd1c13: 100% ▕██████████████████▏ 5.2 GB                         \u001b[K\n"}
,{"stream_name":"stderr","time":79.417474083,"data":"verifying sha256 digest ⠹ \u001b[K\u001b[?25h\u001b[?2026l\u001b[?2026h\u001b[?25l\u001b[A\u001b[A\u001b[1Gpulling manifest \u001b[K\n"}
,{"stream_name":"stderr","time":79.417513798,"data":"pulling a3de86cd1c13: 100% ▕██████████████████▏ 5.2 GB                         \u001b[K\n"}
,{"stream_name":"stderr","time":79.516952649,"data":"verifying sha256 digest ⠸ \u001b[K\u001b[?25h\u001b[?2026l\u001b[?2026h\u001b[?25l\u001b[A\u001b[A\u001b[1Gpulling manifest \u001b[K\n"}
,{"stream_name":"stderr","time":79.516996071,"data":"pulling a3de86cd1c13: 100% ▕██████████████████▏ 5.2 GB                         \u001b[K\n"}
,{"stream_name":"stderr","time":79.617412235,"data":"verifying sha256 digest ⠼ \u001b[K\u001b[?25h\u001b[?2026l\u001b[?2026h\u001b[?25l\u001b[A\u001b[A\u001b[1Gpulling manifest \u001b[K\n"}
,{"stream_name":"stderr","time":79.617454515,"data":"pulling a3de86cd1c13: 100% ▕██████████████████▏ 5.2 GB                         \u001b[K\n"}
,{"stream_name":"stderr","time":79.717972625,"data":"verifying sha256 digest ⠴ \u001b[K\u001b[?25h\u001b[?2026l\u001b[?2026h\u001b[?25l\u001b[A\u001b[A\u001b[1Gpulling manifest \u001b[K\n"}
,{"stream_name":"stderr","time":79.718011943,"data":"pulling a3de86cd1c13: 100% ▕██████████████████▏ 5.2 GB                         \u001b[K\n"}
,{"stream_name":"stderr","time":79.817383777,"data":"verifying sha256 digest ⠦ \u001b[K\u001b[?25h\u001b[?2026l\u001b[?2026h\u001b[?25l\u001b[A\u001b[A\u001b[1Gpulling manifest \u001b[K\n"}
,{"stream_name":"stderr","time":79.817423094,"data":"pulling a3de86cd1c13: 100% ▕██████████████████▏ 5.2 GB                         \u001b[K\n"}
,{"stream_name":"stderr","time":79.917915638,"data":"verifying sha256 digest ⠧ \u001b[K\u001b[?25h\u001b[?2026l\u001b[?2026h\u001b[?25l\u001b[A\u001b[A\u001b[1Gpulling manifest \u001b[K\n"}
,{"stream_name":"stderr","time":79.917959464,"data":"pulling a3de86cd1c13: 100% ▕██████████████████▏ 5.2 GB                         \u001b[K\n"}
,{"stream_name":"stderr","time":80.017404883,"data":"verifying sha256 digest ⠇ \u001b[K\u001b[?25h\u001b[?2026l\u001b[?2026h\u001b[?25l\u001b[A\u001b[A\u001b[1Gpulling manifest \u001b[K\n"}
,{"stream_name":"stderr","time":80.017470545,"data":"pulling a3de86cd1c13: 100% ▕██████████████████▏ 5.2 GB                         \u001b[K\n"}
,{"stream_name":"stderr","time":80.117950578,"data":"verifying sha256 digest ⠏ \u001b[K\u001b[?25h\u001b[?2026l\u001b[?2026h\u001b[?25l\u001b[A\u001b[A\u001b[1Gpulling manifest \u001b[K\n"}
,{"stream_name":"stderr","time":80.117993566,"data":"pulling a3de86cd1c13: 100% ▕██████████████████▏ 5.2 GB                         \u001b[K\n"}
,{"stream_name":"stderr","time":80.217424877,"data":"verifying sha256 digest ⠋ \u001b[K\u001b[?25h\u001b[?2026l\u001b[?2026h\u001b[?25l\u001b[A\u001b[A\u001b[1Gpulling manifest \u001b[K\n"}
,{"stream_name":"stderr","time":80.217463897,"data":"pulling a3de86cd1c13: 100% ▕██████████████████▏ 5.2 GB                         \u001b[K\n"}
,{"stream_name":"stderr","time":80.317986983,"data":"verifying sha256 digest ⠙ \u001b[K\u001b[?25h\u001b[?2026l\u001b[?2026h\u001b[?25l\u001b[A\u001b[A\u001b[1Gpulling manifest \u001b[K\n"}
,{"stream_name":"stderr","time":80.318027261,"data":"pulling a3de86cd1c13: 100% ▕██████████████████▏ 5.2 GB                         \u001b[K\n"}
,{"stream_name":"stderr","time":80.417505851,"data":"verifying sha256 digest ⠹ \u001b[K\u001b[?25h\u001b[?2026l\u001b[?2026h\u001b[?25l\u001b[A\u001b[A\u001b[1Gpulling manifest \u001b[K\n"}
,{"stream_name":"stderr","time":80.417544482,"data":"pulling a3de86cd1c13: 100% ▕██████████████████▏ 5.2 GB                         \u001b[K\n"}
,{"stream_name":"stderr","time":80.517018527,"data":"verifying sha256 digest ⠸ \u001b[K\u001b[?25h\u001b[?2026l\u001b[?2026h\u001b[?25l\u001b[A\u001b[A\u001b[1Gpulling manifest \u001b[K\n"}
,{"stream_name":"stderr","time":80.517057022,"data":"pulling a3de86cd1c13: 100% ▕██████████████████▏ 5.2 GB                         \u001b[K\n"}
,{"stream_name":"stderr","time":80.617640585,"data":"verifying sha256 digest ⠼ \u001b[K\u001b[?25h\u001b[?2026l\u001b[?2026h\u001b[?25l\u001b[A\u001b[A\u001b[1Gpulling manifest \u001b[K\n"}
,{"stream_name":"stderr","time":80.617695409,"data":"pulling a3de86cd1c13: 100% ▕██████████████████▏ 5.2 GB                         \u001b[K\n"}
,{"stream_name":"stderr","time":80.717143577,"data":"verifying sha256 digest ⠴ \u001b[K\u001b[?25h\u001b[?2026l\u001b[?2026h\u001b[?25l\u001b[A\u001b[A\u001b[1Gpulling manifest \u001b[K\n"}
,{"stream_name":"stderr","time":80.717178412,"data":"pulling a3de86cd1c13: 100% ▕██████████████████▏ 5.2 GB                         \u001b[K\n"}
,{"stream_name":"stderr","time":80.817557355,"data":"verifying sha256 digest ⠦ \u001b[K\u001b[?25h\u001b[?2026l\u001b[?2026h\u001b[?25l\u001b[A\u001b[A\u001b[1Gpulling manifest \u001b[K\n"}
,{"stream_name":"stderr","time":80.817600328,"data":"pulling a3de86cd1c13: 100% ▕██████████████████▏ 5.2 GB                         \u001b[K\n"}
,{"stream_name":"stderr","time":80.917062039,"data":"verifying sha256 digest ⠧ \u001b[K\u001b[?25h\u001b[?2026l\u001b[?2026h\u001b[?25l\u001b[A\u001b[A\u001b[1Gpulling manifest \u001b[K\n"}
,{"stream_name":"stderr","time":80.91710178,"data":"pulling a3de86cd1c13: 100% ▕██████████████████▏ 5.2 GB                         \u001b[K\n"}
,{"stream_name":"stderr","time":81.017456995,"data":"verifying sha256 digest ⠇ \u001b[K\u001b[?25h\u001b[?2026l\u001b[?2026h\u001b[?25l\u001b[A\u001b[A\u001b[1Gpulling manifest \u001b[K\n"}
,{"stream_name":"stderr","time":81.017501185,"data":"pulling a3de86cd1c13: 100% ▕██████████████████▏ 5.2 GB                         \u001b[K\n"}
,{"stream_name":"stderr","time":81.117908257,"data":"verifying sha256 digest ⠏ \u001b[K\u001b[?25h\u001b[?2026l\u001b[?2026h\u001b[?25l\u001b[A\u001b[A\u001b[1Gpulling manifest \u001b[K\n"}
,{"stream_name":"stderr","time":81.117956633,"data":"pulling a3de86cd1c13: 100% ▕██████████████████▏ 5.2 GB                         \u001b[K\n"}
,{"stream_name":"stderr","time":81.217471729,"data":"verifying sha256 digest ⠋ \u001b[K\u001b[?25h\u001b[?2026l\u001b[?2026h\u001b[?25l\u001b[A\u001b[A\u001b[1Gpulling manifest \u001b[K\n"}
,{"stream_name":"stderr","time":81.217512494,"data":"pulling a3de86cd1c13: 100% ▕██████████████████▏ 5.2 GB                         \u001b[K\n"}
,{"stream_name":"stderr","time":81.317932471,"data":"verifying sha256 digest ⠙ \u001b[K\u001b[?25h\u001b[?2026l\u001b[?2026h\u001b[?25l\u001b[A\u001b[A\u001b[1Gpulling manifest \u001b[K\n"}
,{"stream_name":"stderr","time":81.317969101,"data":"pulling a3de86cd1c13: 100% ▕██████████████████▏ 5.2 GB                         \u001b[K\n"}
,{"stream_name":"stderr","time":81.417500831,"data":"verifying sha256 digest ⠹ \u001b[K\u001b[?25h\u001b[?2026l\u001b[?2026h\u001b[?25l\u001b[A\u001b[A\u001b[1Gpulling manifest \u001b[K\n"}
,{"stream_name":"stderr","time":81.417543981,"data":"pulling a3de86cd1c13: 100% ▕██████████████████▏ 5.2 GB                         \u001b[K\n"}
,{"stream_name":"stderr","time":81.51793701,"data":"verifying sha256 digest ⠸ \u001b[K\u001b[?25h\u001b[?2026l\u001b[?2026h\u001b[?25l\u001b[A\u001b[A\u001b[1Gpulling manifest \u001b[K\n"}
,{"stream_name":"stderr","time":81.517975527,"data":"pulling a3de86cd1c13: 100% ▕██████████████████▏ 5.2 GB                         \u001b[K\n"}
,{"stream_name":"stderr","time":81.617429189,"data":"verifying sha256 digest ⠼ \u001b[K\u001b[?25h\u001b[?2026l\u001b[?2026h\u001b[?25l\u001b[A\u001b[A\u001b[1Gpulling manifest \u001b[K\n"}
,{"stream_name":"stderr","time":81.617466751,"data":"pulling a3de86cd1c13: 100% ▕██████████████████▏ 5.2 GB                         \u001b[K\n"}
,{"stream_name":"stderr","time":81.716989057,"data":"verifying sha256 digest ⠴ \u001b[K\u001b[?25h\u001b[?2026l\u001b[?2026h\u001b[?25l\u001b[A\u001b[A\u001b[1Gpulling manifest \u001b[K\n"}
,{"stream_name":"stderr","time":81.717082603,"data":"pulling a3de86cd1c13: 100% ▕██████████████████▏ 5.2 GB                         \u001b[K\n"}
,{"stream_name":"stderr","time":81.817438345,"data":"verifying sha256 digest ⠦ \u001b[K\u001b[?25h\u001b[?2026l\u001b[?2026h\u001b[?25l\u001b[A\u001b[A\u001b[1Gpulling manifest \u001b[K\n"}
,{"stream_name":"stderr","time":81.817477471,"data":"pulling a3de86cd1c13: 100% ▕██████████████████▏ 5.2 GB                         \u001b[K\n"}
,{"stream_name":"stderr","time":81.916954811,"data":"verifying sha256 digest ⠧ \u001b[K\u001b[?25h\u001b[?2026l\u001b[?2026h\u001b[?25l\u001b[A\u001b[A\u001b[1Gpulling manifest \u001b[K\n"}
,{"stream_name":"stderr","time":81.91700952,"data":"pulling a3de86cd1c13: 100% ▕██████████████████▏ 5.2 GB                         \u001b[K\n"}
,{"stream_name":"stderr","time":82.017542826,"data":"verifying sha256 digest ⠇ \u001b[K\u001b[?25h\u001b[?2026l\u001b[?2026h\u001b[?25l\u001b[A\u001b[A\u001b[1Gpulling manifest \u001b[K\n"}
,{"stream_name":"stderr","time":82.017582552,"data":"pulling a3de86cd1c13: 100% ▕██████████████████▏ 5.2 GB                         \u001b[K\n"}
,{"stream_name":"stderr","time":82.116937565,"data":"verifying sha256 digest ⠏ \u001b[K\u001b[?25h\u001b[?2026l\u001b[?2026h\u001b[?25l\u001b[A\u001b[A\u001b[1Gpulling manifest \u001b[K\n"}
,{"stream_name":"stderr","time":82.116975732,"data":"pulling a3de86cd1c13: 100% ▕██████████████████▏ 5.2 GB                         \u001b[K\n"}
,{"stream_name":"stderr","time":82.217410589,"data":"verifying sha256 digest ⠋ \u001b[K\u001b[?25h\u001b[?2026l\u001b[?2026h\u001b[?25l\u001b[A\u001b[A\u001b[1Gpulling manifest \u001b[K\n"}
,{"stream_name":"stderr","time":82.21744999,"data":"pulling a3de86cd1c13: 100% ▕██████████████████▏ 5.2 GB                         \u001b[K\n"}
,{"stream_name":"stderr","time":82.317960608,"data":"verifying sha256 digest ⠙ \u001b[K\u001b[?25h\u001b[?2026l\u001b[?2026h\u001b[?25l\u001b[A\u001b[A\u001b[1Gpulling manifest \u001b[K\n"}
,{"stream_name":"stderr","time":82.318,"data":"pulling a3de86cd1c13: 100% ▕██████████████████▏ 5.2 GB                         \u001b[K\n"}
,{"stream_name":"stderr","time":82.417546583,"data":"verifying sha256 digest ⠹ \u001b[K\u001b[?25h\u001b[?2026l\u001b[?2026h\u001b[?25l\u001b[A\u001b[A\u001b[1Gpulling manifest \u001b[K\n"}
,{"stream_name":"stderr","time":82.417588263,"data":"pulling a3de86cd1c13: 100% ▕██████████████████▏ 5.2 GB                         \u001b[K\n"}
,{"stream_name":"stderr","time":82.516893055,"data":"verifying sha256 digest ⠸ \u001b[K\u001b[?25h\u001b[?2026l\u001b[?2026h\u001b[?25l\u001b[A\u001b[A\u001b[1Gpulling manifest \u001b[K\n"}
,{"stream_name":"stderr","time":82.516931421,"data":"pulling a3de86cd1c13: 100% ▕██████████████████▏ 5.2 GB                         \u001b[K\n"}
,{"stream_name":"stderr","time":82.617433051,"data":"verifying sha256 digest ⠼ \u001b[K\u001b[?25h\u001b[?2026l\u001b[?2026h\u001b[?25l\u001b[A\u001b[A\u001b[1Gpulling manifest \u001b[K\n"}
,{"stream_name":"stderr","time":82.617473647,"data":"pulling a3de86cd1c13: 100% ▕██████████████████▏ 5.2 GB                         \u001b[K\n"}
,{"stream_name":"stderr","time":82.717942553,"data":"verifying sha256 digest ⠴ \u001b[K\u001b[?25h\u001b[?2026l\u001b[?2026h\u001b[?25l\u001b[A\u001b[A\u001b[1Gpulling manifest \u001b[K\n"}
,{"stream_name":"stderr","time":82.717973999,"data":"pulling a3de86cd1c13: 100% ▕██████████████████▏ 5.2 GB                         \u001b[K\n"}
,{"stream_name":"stderr","time":82.817481497,"data":"verifying sha256 digest ⠦ \u001b[K\u001b[?25h\u001b[?2026l\u001b[?2026h\u001b[?25l\u001b[A\u001b[A\u001b[1Gpulling manifest \u001b[K\n"}
,{"stream_name":"stderr","time":82.817520895,"data":"pulling a3de86cd1c13: 100% ▕██████████████████▏ 5.2 GB                         \u001b[K\n"}
,{"stream_name":"stderr","time":82.91695185,"data":"verifying sha256 digest ⠧ \u001b[K\u001b[?25h\u001b[?2026l\u001b[?2026h\u001b[?25l\u001b[A\u001b[A\u001b[1Gpulling manifest \u001b[K\n"}
,{"stream_name":"stderr","time":82.916989355,"data":"pulling a3de86cd1c13: 100% ▕██████████████████▏ 5.2 GB                         \u001b[K\n"}
,{"stream_name":"stderr","time":83.017579568,"data":"verifying sha256 digest ⠇ \u001b[K\u001b[?25h\u001b[?2026l\u001b[?2026h\u001b[?25l\u001b[A\u001b[A\u001b[1Gpulling manifest \u001b[K\n"}
,{"stream_name":"stderr","time":83.017624352,"data":"pulling a3de86cd1c13: 100% ▕██████████████████▏ 5.2 GB                         \u001b[K\n"}
,{"stream_name":"stderr","time":83.117154979,"data":"verifying sha256 digest ⠏ \u001b[K\u001b[?25h\u001b[?2026l\u001b[?2026h\u001b[?25l\u001b[A\u001b[A\u001b[1Gpulling manifest \u001b[K\n"}
,{"stream_name":"stderr","time":83.117193211,"data":"pulling a3de86cd1c13: 100% ▕██████████████████▏ 5.2 GB                         \u001b[K\n"}
,{"stream_name":"stderr","time":83.217778083,"data":"verifying sha256 digest ⠋ \u001b[K\u001b[?25h\u001b[?2026l\u001b[?2026h\u001b[?25l\u001b[A\u001b[A\u001b[1Gpulling manifest \u001b[K\n"}
,{"stream_name":"stderr","time":83.217814244,"data":"pulling a3de86cd1c13: 100% ▕██████████████████▏ 5.2 GB                         \u001b[K\n"}
,{"stream_name":"stderr","time":83.317284263,"data":"verifying sha256 digest ⠙ \u001b[K\u001b[?25h\u001b[?2026l\u001b[?2026h\u001b[?25l\u001b[A\u001b[A\u001b[1Gpulling manifest \u001b[K\n"}
,{"stream_name":"stderr","time":83.317334907,"data":"pulling a3de86cd1c13: 100% ▕██████████████████▏ 5.2 GB                         \u001b[K\n"}
,{"stream_name":"stderr","time":83.417837335,"data":"verifying sha256 digest ⠹ \u001b[K\u001b[?25h\u001b[?2026l\u001b[?2026h\u001b[?25l\u001b[A\u001b[A\u001b[1Gpulling manifest \u001b[K\n"}
,{"stream_name":"stderr","time":83.417877232,"data":"pulling a3de86cd1c13: 100% ▕██████████████████▏ 5.2 GB                         \u001b[K\n"}
,{"stream_name":"stderr","time":83.517326006,"data":"verifying sha256 digest ⠸ \u001b[K\u001b[?25h\u001b[?2026l\u001b[?2026h\u001b[?25l\u001b[A\u001b[A\u001b[1Gpulling manifest \u001b[K\n"}
,{"stream_name":"stderr","time":83.517362509,"data":"pulling a3de86cd1c13: 100% ▕██████████████████▏ 5.2 GB                         \u001b[K\n"}
,{"stream_name":"stderr","time":83.617903314,"data":"verifying sha256 digest ⠼ \u001b[K\u001b[?25h\u001b[?2026l\u001b[?2026h\u001b[?25l\u001b[A\u001b[A\u001b[1Gpulling manifest \u001b[K\n"}
,{"stream_name":"stderr","time":83.617943105,"data":"pulling a3de86cd1c13: 100% ▕██████████████████▏ 5.2 GB                         \u001b[K\n"}
,{"stream_name":"stderr","time":83.717424802,"data":"verifying sha256 digest ⠴ \u001b[K\u001b[?25h\u001b[?2026l\u001b[?2026h\u001b[?25l\u001b[A\u001b[A\u001b[1Gpulling manifest \u001b[K\n"}
,{"stream_name":"stderr","time":83.7174649,"data":"pulling a3de86cd1c13: 100% ▕██████████████████▏ 5.2 GB                         \u001b[K\n"}
,{"stream_name":"stderr","time":83.817970985,"data":"verifying sha256 digest ⠦ \u001b[K\u001b[?25h\u001b[?2026l\u001b[?2026h\u001b[?25l\u001b[A\u001b[A\u001b[1Gpulling manifest \u001b[K\n"}
,{"stream_name":"stderr","time":83.818016523,"data":"pulling a3de86cd1c13: 100% ▕██████████████████▏ 5.2 GB                         \u001b[K\n"}
,{"stream_name":"stderr","time":83.91760196,"data":"verifying sha256 digest ⠧ \u001b[K\u001b[?25h\u001b[?2026l\u001b[?2026h\u001b[?25l\u001b[A\u001b[A\u001b[1Gpulling manifest \u001b[K\n"}
,{"stream_name":"stderr","time":83.917640396,"data":"pulling a3de86cd1c13: 100% ▕██████████████████▏ 5.2 GB                         \u001b[K\n"}
,{"stream_name":"stderr","time":84.017370316,"data":"verifying sha256 digest ⠇ \u001b[K\u001b[?25h\u001b[?2026l\u001b[?2026h\u001b[?25l\u001b[A\u001b[A\u001b[1Gpulling manifest \u001b[K\n"}
,{"stream_name":"stderr","time":84.017416336,"data":"pulling a3de86cd1c13: 100% ▕██████████████████▏ 5.2 GB                         \u001b[K\n"}
,{"stream_name":"stderr","time":84.117936247,"data":"verifying sha256 digest ⠏ \u001b[K\u001b[?25h\u001b[?2026l\u001b[?2026h\u001b[?25l\u001b[A\u001b[A\u001b[1Gpulling manifest \u001b[K\n"}
,{"stream_name":"stderr","time":84.117997496,"data":"pulling a3de86cd1c13: 100% ▕██████████████████▏ 5.2 GB                         \u001b[K\n"}
,{"stream_name":"stderr","time":84.217552899,"data":"verifying sha256 digest ⠋ \u001b[K\u001b[?25h\u001b[?2026l\u001b[?2026h\u001b[?25l\u001b[A\u001b[A\u001b[1Gpulling manifest \u001b[K\n"}
,{"stream_name":"stderr","time":84.217598607,"data":"pulling a3de86cd1c13: 100% ▕██████████████████▏ 5.2 GB                         \u001b[K\n"}
,{"stream_name":"stderr","time":84.316976353,"data":"verifying sha256 digest ⠙ \u001b[K\u001b[?25h\u001b[?2026l\u001b[?2026h\u001b[?25l\u001b[A\u001b[A\u001b[1Gpulling manifest \u001b[K\n"}
,{"stream_name":"stderr","time":84.317022994,"data":"pulling a3de86cd1c13: 100% ▕██████████████████▏ 5.2 GB                         \u001b[K\n"}
,{"stream_name":"stderr","time":84.41744529,"data":"verifying sha256 digest ⠹ \u001b[K\u001b[?25h\u001b[?2026l\u001b[?2026h\u001b[?25l\u001b[A\u001b[A\u001b[1Gpulling manifest \u001b[K\n"}
,{"stream_name":"stderr","time":84.41748698,"data":"pulling a3de86cd1c13: 100% ▕██████████████████▏ 5.2 GB                         \u001b[K\n"}
,{"stream_name":"stderr","time":84.518048869,"data":"verifying sha256 digest ⠸ \u001b[K\u001b[?25h\u001b[?2026l\u001b[?2026h\u001b[?25l\u001b[A\u001b[A\u001b[1Gpulling manifest \u001b[K\n"}
,{"stream_name":"stderr","time":84.51808712,"data":"pulling a3de86cd1c13: 100% ▕██████████████████▏ 5.2 GB                         \u001b[K\n"}
,{"stream_name":"stderr","time":84.617599472,"data":"verifying sha256 digest ⠼ \u001b[K\u001b[?25h\u001b[?2026l\u001b[?2026h\u001b[?25l\u001b[A\u001b[A\u001b[1Gpulling manifest \u001b[K\n"}
,{"stream_name":"stderr","time":84.617638304,"data":"pulling a3de86cd1c13: 100% ▕██████████████████▏ 5.2 GB                         \u001b[K\n"}
,{"stream_name":"stderr","time":84.717173731,"data":"verifying sha256 digest ⠴ \u001b[K\u001b[?25h\u001b[?2026l\u001b[?2026h\u001b[?25l\u001b[A\u001b[A\u001b[1Gpulling manifest \u001b[K\n"}
,{"stream_name":"stderr","time":84.717210743,"data":"pulling a3de86cd1c13: 100% ▕██████████████████▏ 5.2 GB                         \u001b[K\n"}
,{"stream_name":"stderr","time":84.817628939,"data":"verifying sha256 digest ⠦ \u001b[K\u001b[?25h\u001b[?2026l\u001b[?2026h\u001b[?25l\u001b[A\u001b[A\u001b[1Gpulling manifest \u001b[K\n"}
,{"stream_name":"stderr","time":84.817694749,"data":"pulling a3de86cd1c13: 100% ▕██████████████████▏ 5.2 GB                         \u001b[K\n"}
,{"stream_name":"stderr","time":84.917184851,"data":"verifying sha256 digest ⠧ \u001b[K\u001b[?25h\u001b[?2026l\u001b[?2026h\u001b[?25l\u001b[A\u001b[A\u001b[1Gpulling manifest \u001b[K\n"}
,{"stream_name":"stderr","time":84.917222767,"data":"pulling a3de86cd1c13: 100% ▕██████████████████▏ 5.2 GB                         \u001b[K\n"}
,{"stream_name":"stderr","time":85.017627587,"data":"verifying sha256 digest ⠇ \u001b[K\u001b[?25h\u001b[?2026l\u001b[?2026h\u001b[?25l\u001b[A\u001b[A\u001b[1Gpulling manifest \u001b[K\n"}
,{"stream_name":"stderr","time":85.017684944,"data":"pulling a3de86cd1c13: 100% ▕██████████████████▏ 5.2 GB                         \u001b[K\n"}
,{"stream_name":"stderr","time":85.117127002,"data":"verifying sha256 digest ⠏ \u001b[K\u001b[?25h\u001b[?2026l\u001b[?2026h\u001b[?25l\u001b[A\u001b[A\u001b[1Gpulling manifest \u001b[K\n"}
,{"stream_name":"stderr","time":85.117184809,"data":"pulling a3de86cd1c13: 100% ▕██████████████████▏ 5.2 GB                         \u001b[K\n"}
,{"stream_name":"stderr","time":85.217656573,"data":"verifying sha256 digest ⠋ \u001b[K\u001b[?25h\u001b[?2026l\u001b[?2026h\u001b[?25l\u001b[A\u001b[A\u001b[1Gpulling manifest \u001b[K\n"}
,{"stream_name":"stderr","time":85.217716812,"data":"pulling a3de86cd1c13: 100% ▕██████████████████▏ 5.2 GB                         \u001b[K\n"}
,{"stream_name":"stderr","time":85.317193503,"data":"verifying sha256 digest ⠙ \u001b[K\u001b[?25h\u001b[?2026l\u001b[?2026h\u001b[?25l\u001b[A\u001b[A\u001b[1Gpulling manifest \u001b[K\n"}
,{"stream_name":"stderr","time":85.317231793,"data":"pulling a3de86cd1c13: 100% ▕██████████████████▏ 5.2 GB                         \u001b[K\n"}
,{"stream_name":"stderr","time":85.417689515,"data":"verifying sha256 digest ⠹ \u001b[K\u001b[?25h\u001b[?2026l\u001b[?2026h\u001b[?25l\u001b[A\u001b[A\u001b[1Gpulling manifest \u001b[K\n"}
,{"stream_name":"stderr","time":85.417728894,"data":"pulling a3de86cd1c13: 100% ▕██████████████████▏ 5.2 GB                         \u001b[K\n"}
,{"stream_name":"stderr","time":85.517218273,"data":"verifying sha256 digest ⠸ \u001b[K\u001b[?25h\u001b[?2026l\u001b[?2026h\u001b[?25l\u001b[A\u001b[A\u001b[1Gpulling manifest \u001b[K\n"}
,{"stream_name":"stderr","time":85.517257089,"data":"pulling a3de86cd1c13: 100% ▕██████████████████▏ 5.2 GB                         \u001b[K\n"}
,{"stream_name":"stderr","time":85.617800719,"data":"verifying sha256 digest ⠼ \u001b[K\u001b[?25h\u001b[?2026l\u001b[?2026h\u001b[?25l\u001b[A\u001b[A\u001b[1Gpulling manifest \u001b[K\n"}
,{"stream_name":"stderr","time":85.617837646,"data":"pulling a3de86cd1c13: 100% ▕██████████████████▏ 5.2 GB                         \u001b[K\n"}
,{"stream_name":"stderr","time":85.717387005,"data":"verifying sha256 digest ⠴ \u001b[K\u001b[?25h\u001b[?2026l\u001b[?2026h\u001b[?25l\u001b[A\u001b[A\u001b[1Gpulling manifest \u001b[K\n"}
,{"stream_name":"stderr","time":85.717425776,"data":"pulling a3de86cd1c13: 100% ▕██████████████████▏ 5.2 GB                         \u001b[K\n"}
,{"stream_name":"stderr","time":85.817949119,"data":"verifying sha256 digest ⠦ \u001b[K\u001b[?25h\u001b[?2026l\u001b[?2026h\u001b[?25l\u001b[A\u001b[A\u001b[1Gpulling manifest \u001b[K\n"}
,{"stream_name":"stderr","time":85.817991506,"data":"pulling a3de86cd1c13: 100% ▕██████████████████▏ 5.2 GB                         \u001b[K\n"}
,{"stream_name":"stderr","time":85.917445476,"data":"verifying sha256 digest ⠧ \u001b[K\u001b[?25h\u001b[?2026l\u001b[?2026h\u001b[?25l\u001b[A\u001b[A\u001b[1Gpulling manifest \u001b[K\n"}
,{"stream_name":"stderr","time":85.917485565,"data":"pulling a3de86cd1c13: 100% ▕██████████████████▏ 5.2 GB                         \u001b[K\n"}
,{"stream_name":"stderr","time":86.016957809,"data":"verifying sha256 digest ⠇ \u001b[K\u001b[?25h\u001b[?2026l\u001b[?2026h\u001b[?25l\u001b[A\u001b[A\u001b[1Gpulling manifest \u001b[K\n"}
,{"stream_name":"stderr","time":86.0170039,"data":"pulling a3de86cd1c13: 100% ▕██████████████████▏ 5.2 GB                         \u001b[K\n"}
,{"stream_name":"stderr","time":86.11764104,"data":"verifying sha256 digest ⠏ \u001b[K\u001b[?25h\u001b[?2026l\u001b[?2026h\u001b[?25l\u001b[A\u001b[A\u001b[1Gpulling manifest \u001b[K\n"}
,{"stream_name":"stderr","time":86.117721083,"data":"pulling a3de86cd1c13: 100% ▕██████████████████▏ 5.2 GB                         \u001b[K\n"}
,{"stream_name":"stderr","time":86.217158191,"data":"verifying sha256 digest ⠋ \u001b[K\u001b[?25h\u001b[?2026l\u001b[?2026h\u001b[?25l\u001b[A\u001b[A\u001b[1Gpulling manifest \u001b[K\n"}
,{"stream_name":"stderr","time":86.217208344,"data":"pulling a3de86cd1c13: 100% ▕██████████████████▏ 5.2 GB                         \u001b[K\n"}
,{"stream_name":"stderr","time":86.317606544,"data":"verifying sha256 digest ⠙ \u001b[K\u001b[?25h\u001b[?2026l\u001b[?2026h\u001b[?25l\u001b[A\u001b[A\u001b[1Gpulling manifest \u001b[K\n"}
,{"stream_name":"stderr","time":86.317644777,"data":"pulling a3de86cd1c13: 100% ▕██████████████████▏ 5.2 GB                         \u001b[K\n"}
,{"stream_name":"stderr","time":86.417179314,"data":"verifying sha256 digest ⠹ \u001b[K\u001b[?25h\u001b[?2026l\u001b[?2026h\u001b[?25l\u001b[A\u001b[A\u001b[1Gpulling manifest \u001b[K\n"}
,{"stream_name":"stderr","time":86.417217493,"data":"pulling a3de86cd1c13: 100% ▕██████████████████▏ 5.2 GB                         \u001b[K\n"}
,{"stream_name":"stderr","time":86.51769839,"data":"verifying sha256 digest ⠸ \u001b[K\u001b[?25h\u001b[?2026l\u001b[?2026h\u001b[?25l\u001b[A\u001b[A\u001b[1Gpulling manifest \u001b[K\n"}
,{"stream_name":"stderr","time":86.517735905,"data":"pulling a3de86cd1c13: 100% ▕██████████████████▏ 5.2 GB                         \u001b[K\n"}
,{"stream_name":"stderr","time":86.61718181,"data":"verifying sha256 digest ⠼ \u001b[K\u001b[?25h\u001b[?2026l\u001b[?2026h\u001b[?25l\u001b[A\u001b[A\u001b[1Gpulling manifest \u001b[K\n"}
,{"stream_name":"stderr","time":86.617222839,"data":"pulling a3de86cd1c13: 100% ▕██████████████████▏ 5.2 GB                         \u001b[K\n"}
,{"stream_name":"stderr","time":86.717726721,"data":"verifying sha256 digest ⠴ \u001b[K\u001b[?25h\u001b[?2026l\u001b[?2026h\u001b[?25l\u001b[A\u001b[A\u001b[1Gpulling manifest \u001b[K\n"}
,{"stream_name":"stderr","time":86.717768431,"data":"pulling a3de86cd1c13: 100% ▕██████████████████▏ 5.2 GB                         \u001b[K\n"}
,{"stream_name":"stderr","time":86.817172159,"data":"verifying sha256 digest ⠦ \u001b[K\u001b[?25h\u001b[?2026l\u001b[?2026h\u001b[?25l\u001b[A\u001b[A\u001b[1Gpulling manifest \u001b[K\n"}
,{"stream_name":"stderr","time":86.817210387,"data":"pulling a3de86cd1c13: 100% ▕██████████████████▏ 5.2 GB                         \u001b[K\n"}
,{"stream_name":"stderr","time":86.917659575,"data":"verifying sha256 digest ⠧ \u001b[K\u001b[?25h\u001b[?2026l\u001b[?2026h\u001b[?25l\u001b[A\u001b[A\u001b[1Gpulling manifest \u001b[K\n"}
,{"stream_name":"stderr","time":86.917718276,"data":"pulling a3de86cd1c13: 100% ▕██████████████████▏ 5.2 GB                         \u001b[K\n"}
,{"stream_name":"stderr","time":87.017339446,"data":"verifying sha256 digest ⠇ \u001b[K\u001b[?25h\u001b[?2026l\u001b[?2026h\u001b[?25l\u001b[A\u001b[A\u001b[1Gpulling manifest \u001b[K\n"}
,{"stream_name":"stderr","time":87.017389217,"data":"pulling a3de86cd1c13: 100% ▕██████████████████▏ 5.2 GB                         \u001b[K\n"}
,{"stream_name":"stderr","time":87.11775985,"data":"verifying sha256 digest ⠏ \u001b[K\u001b[?25h\u001b[?2026l\u001b[?2026h\u001b[?25l\u001b[A\u001b[A\u001b[1Gpulling manifest \u001b[K\n"}
,{"stream_name":"stderr","time":87.117834367,"data":"pulling a3de86cd1c13: 100% ▕██████████████████▏ 5.2 GB                         \u001b[K\n"}
,{"stream_name":"stderr","time":87.217135646,"data":"verifying sha256 digest ⠋ \u001b[K\u001b[?25h\u001b[?2026l\u001b[?2026h\u001b[?25l\u001b[A\u001b[A\u001b[1Gpulling manifest \u001b[K\n"}
,{"stream_name":"stderr","time":87.217174568,"data":"pulling a3de86cd1c13: 100% ▕██████████████████▏ 5.2 GB                         \u001b[K\n"}
,{"stream_name":"stderr","time":87.317585336,"data":"verifying sha256 digest ⠙ \u001b[K\u001b[?25h\u001b[?2026l\u001b[?2026h\u001b[?25l\u001b[A\u001b[A\u001b[1Gpulling manifest \u001b[K\n"}
,{"stream_name":"stderr","time":87.317627315,"data":"pulling a3de86cd1c13: 100% ▕██████████████████▏ 5.2 GB                         \u001b[K\n"}
,{"stream_name":"stderr","time":87.417397585,"data":"verifying sha256 digest ⠹ \u001b[K\u001b[?25h\u001b[?2026l\u001b[?2026h\u001b[?25l\u001b[A\u001b[A\u001b[1Gpulling manifest \u001b[K\n"}
,{"stream_name":"stderr","time":87.41744138,"data":"pulling a3de86cd1c13: 100% ▕██████████████████▏ 5.2 GB                         \u001b[K\n"}
,{"stream_name":"stderr","time":87.517984635,"data":"verifying sha256 digest ⠸ \u001b[K\u001b[?25h\u001b[?2026l\u001b[?2026h\u001b[?25l\u001b[A\u001b[A\u001b[1Gpulling manifest \u001b[K\n"}
,{"stream_name":"stderr","time":87.518027358,"data":"pulling a3de86cd1c13: 100% ▕██████████████████▏ 5.2 GB                         \u001b[K\n"}
,{"stream_name":"stderr","time":87.617581023,"data":"verifying sha256 digest ⠼ \u001b[K\u001b[?25h\u001b[?2026l\u001b[?2026h\u001b[?25l\u001b[A\u001b[A\u001b[1Gpulling manifest \u001b[K\n"}
,{"stream_name":"stderr","time":87.617620476,"data":"pulling a3de86cd1c13: 100% ▕██████████████████▏ 5.2 GB                         \u001b[K\n"}
,{"stream_name":"stderr","time":87.717145815,"data":"verifying sha256 digest ⠴ \u001b[K\u001b[?25h\u001b[?2026l\u001b[?2026h\u001b[?25l\u001b[A\u001b[A\u001b[1Gpulling manifest \u001b[K\n"}
,{"stream_name":"stderr","time":87.717184889,"data":"pulling a3de86cd1c13: 100% ▕██████████████████▏ 5.2 GB                         \u001b[K\n"}
,{"stream_name":"stderr","time":87.817588936,"data":"verifying sha256 digest ⠦ \u001b[K\u001b[?25h\u001b[?2026l\u001b[?2026h\u001b[?25l\u001b[A\u001b[A\u001b[1Gpulling manifest \u001b[K\n"}
,{"stream_name":"stderr","time":87.817630876,"data":"pulling a3de86cd1c13: 100% ▕██████████████████▏ 5.2 GB                         \u001b[K\n"}
,{"stream_name":"stderr","time":87.917194953,"data":"verifying sha256 digest ⠧ \u001b[K\u001b[?25h\u001b[?2026l\u001b[?2026h\u001b[?25l\u001b[A\u001b[A\u001b[1Gpulling manifest \u001b[K\n"}
,{"stream_name":"stderr","time":87.917236011,"data":"pulling a3de86cd1c13: 100% ▕██████████████████▏ 5.2 GB                         \u001b[K\n"}
,{"stream_name":"stderr","time":88.017552335,"data":"verifying sha256 digest ⠇ \u001b[K\u001b[?25h\u001b[?2026l\u001b[?2026h\u001b[?25l\u001b[A\u001b[A\u001b[1Gpulling manifest \u001b[K\n"}
,{"stream_name":"stderr","time":88.017589424,"data":"pulling a3de86cd1c13: 100% ▕██████████████████▏ 5.2 GB                         \u001b[K\n"}
,{"stream_name":"stderr","time":88.117119709,"data":"verifying sha256 digest ⠏ \u001b[K\u001b[?25h\u001b[?2026l\u001b[?2026h\u001b[?25l\u001b[A\u001b[A\u001b[1Gpulling manifest \u001b[K\n"}
,{"stream_name":"stderr","time":88.117158956,"data":"pulling a3de86cd1c13: 100% ▕██████████████████▏ 5.2 GB                         \u001b[K\n"}
,{"stream_name":"stderr","time":88.217579394,"data":"verifying sha256 digest ⠋ \u001b[K\u001b[?25h\u001b[?2026l\u001b[?2026h\u001b[?25l\u001b[A\u001b[A\u001b[1Gpulling manifest \u001b[K\n"}
,{"stream_name":"stderr","time":88.217618374,"data":"pulling a3de86cd1c13: 100% ▕██████████████████▏ 5.2 GB                         \u001b[K\n"}
,{"stream_name":"stderr","time":88.317146617,"data":"verifying sha256 digest ⠙ \u001b[K\u001b[?25h\u001b[?2026l\u001b[?2026h\u001b[?25l\u001b[A\u001b[A\u001b[1Gpulling manifest \u001b[K\n"}
,{"stream_name":"stderr","time":88.317181537,"data":"pulling a3de86cd1c13: 100% ▕██████████████████▏ 5.2 GB                         \u001b[K\n"}
,{"stream_name":"stderr","time":88.417583152,"data":"verifying sha256 digest ⠹ \u001b[K\u001b[?25h\u001b[?2026l\u001b[?2026h\u001b[?25l\u001b[A\u001b[A\u001b[1Gpulling manifest \u001b[K\n"}
,{"stream_name":"stderr","time":88.417620274,"data":"pulling a3de86cd1c13: 100% ▕██████████████████▏ 5.2 GB                         \u001b[K\n"}
,{"stream_name":"stderr","time":88.517206218,"data":"verifying sha256 digest ⠸ \u001b[K\u001b[?25h\u001b[?2026l\u001b[?2026h\u001b[?25l\u001b[A\u001b[A\u001b[1Gpulling manifest \u001b[K\n"}
,{"stream_name":"stderr","time":88.517242844,"data":"pulling a3de86cd1c13: 100% ▕██████████████████▏ 5.2 GB                         \u001b[K\n"}
,{"stream_name":"stderr","time":88.617866575,"data":"verifying sha256 digest ⠼ \u001b[K\u001b[?25h\u001b[?2026l\u001b[?2026h\u001b[?25l\u001b[A\u001b[A\u001b[1Gpulling manifest \u001b[K\n"}
,{"stream_name":"stderr","time":88.617908131,"data":"pulling a3de86cd1c13: 100% ▕██████████████████▏ 5.2 GB                         \u001b[K\n"}
,{"stream_name":"stderr","time":88.717354392,"data":"verifying sha256 digest ⠴ \u001b[K\u001b[?25h\u001b[?2026l\u001b[?2026h\u001b[?25l\u001b[A\u001b[A\u001b[1Gpulling manifest \u001b[K\n"}
,{"stream_name":"stderr","time":88.717390114,"data":"pulling a3de86cd1c13: 100% ▕██████████████████▏ 5.2 GB                         \u001b[K\n"}
,{"stream_name":"stderr","time":88.817968545,"data":"verifying sha256 digest ⠦ \u001b[K\u001b[?25h\u001b[?2026l\u001b[?2026h\u001b[?25l\u001b[A\u001b[A\u001b[1Gpulling manifest \u001b[K\n"}
,{"stream_name":"stderr","time":88.818010561,"data":"pulling a3de86cd1c13: 100% ▕██████████████████▏ 5.2 GB                         \u001b[K\n"}
,{"stream_name":"stderr","time":88.917530716,"data":"verifying sha256 digest ⠧ \u001b[K\u001b[?25h\u001b[?2026l\u001b[?2026h\u001b[?25l\u001b[A\u001b[A\u001b[1Gpulling manifest \u001b[K\n"}
,{"stream_name":"stderr","time":88.91757705,"data":"pulling a3de86cd1c13: 100% ▕██████████████████▏ 5.2 GB                         \u001b[K\n"}
,{"stream_name":"stderr","time":89.016975923,"data":"verifying sha256 digest ⠇ \u001b[K\u001b[?25h\u001b[?2026l\u001b[?2026h\u001b[?25l\u001b[A\u001b[A\u001b[1Gpulling manifest \u001b[K\n"}
,{"stream_name":"stderr","time":89.01702552,"data":"pulling a3de86cd1c13: 100% ▕██████████████████▏ 5.2 GB                         \u001b[K\n"}
,{"stream_name":"stderr","time":89.11757715,"data":"verifying sha256 digest ⠏ \u001b[K\u001b[?25h\u001b[?2026l\u001b[?2026h\u001b[?25l\u001b[A\u001b[A\u001b[1Gpulling manifest \u001b[K\n"}
,{"stream_name":"stderr","time":89.117616616,"data":"pulling a3de86cd1c13: 100% ▕██████████████████▏ 5.2 GB                         \u001b[K\n"}
,{"stream_name":"stderr","time":89.217226857,"data":"verifying sha256 digest ⠋ \u001b[K\u001b[?25h\u001b[?2026l\u001b[?2026h\u001b[?25l\u001b[A\u001b[A\u001b[1Gpulling manifest \u001b[K\n"}
,{"stream_name":"stderr","time":89.21727103,"data":"pulling a3de86cd1c13: 100% ▕██████████████████▏ 5.2 GB                         \u001b[K\n"}
,{"stream_name":"stderr","time":89.318240552,"data":"verifying sha256 digest ⠙ \u001b[K\u001b[?25h\u001b[?2026l\u001b[?2026h\u001b[?25l\u001b[A\u001b[A\u001b[1Gpulling manifest \u001b[K\n"}
,{"stream_name":"stderr","time":89.318283624,"data":"pulling a3de86cd1c13: 100% ▕██████████████████▏ 5.2 GB                         \u001b[K\n"}
,{"stream_name":"stderr","time":89.417604896,"data":"verifying sha256 digest ⠹ \u001b[K\u001b[?25h\u001b[?2026l\u001b[?2026h\u001b[?25l\u001b[A\u001b[A\u001b[1Gpulling manifest \u001b[K\n"}
,{"stream_name":"stderr","time":89.417650122,"data":"pulling a3de86cd1c13: 100% ▕██████████████████▏ 5.2 GB                         \u001b[K\n"}
,{"stream_name":"stderr","time":89.517258738,"data":"verifying sha256 digest ⠸ \u001b[K\u001b[?25h\u001b[?2026l\u001b[?2026h\u001b[?25l\u001b[A\u001b[A\u001b[1Gpulling manifest \u001b[K\n"}
,{"stream_name":"stderr","time":89.517297817,"data":"pulling a3de86cd1c13: 100% ▕██████████████████▏ 5.2 GB                         \u001b[K\n"}
,{"stream_name":"stderr","time":89.617689775,"data":"verifying sha256 digest ⠼ \u001b[K\u001b[?25h\u001b[?2026l\u001b[?2026h\u001b[?25l\u001b[A\u001b[A\u001b[1Gpulling manifest \u001b[K\n"}
,{"stream_name":"stderr","time":89.617729627,"data":"pulling a3de86cd1c13: 100% ▕██████████████████▏ 5.2 GB                         \u001b[K\n"}
,{"stream_name":"stderr","time":89.717154022,"data":"verifying sha256 digest ⠴ \u001b[K\u001b[?25h\u001b[?2026l\u001b[?2026h\u001b[?25l\u001b[A\u001b[A\u001b[1Gpulling manifest \u001b[K\n"}
,{"stream_name":"stderr","time":89.717195156,"data":"pulling a3de86cd1c13: 100% ▕██████████████████▏ 5.2 GB                         \u001b[K\n"}
,{"stream_name":"stderr","time":89.817683242,"data":"verifying sha256 digest ⠦ \u001b[K\u001b[?25h\u001b[?2026l\u001b[?2026h\u001b[?25l\u001b[A\u001b[A\u001b[1Gpulling manifest \u001b[K\n"}
,{"stream_name":"stderr","time":89.817732404,"data":"pulling a3de86cd1c13: 100% ▕██████████████████▏ 5.2 GB                         \u001b[K\n"}
,{"stream_name":"stderr","time":89.917203861,"data":"verifying sha256 digest ⠧ \u001b[K\u001b[?25h\u001b[?2026l\u001b[?2026h\u001b[?25l\u001b[A\u001b[A\u001b[1Gpulling manifest \u001b[K\n"}
,{"stream_name":"stderr","time":89.917243232,"data":"pulling a3de86cd1c13: 100% ▕██████████████████▏ 5.2 GB                         \u001b[K\n"}
,{"stream_name":"stderr","time":90.018312809,"data":"verifying sha256 digest ⠇ \u001b[K\u001b[?25h\u001b[?2026l\u001b[?2026h\u001b[?25l\u001b[A\u001b[A\u001b[1Gpulling manifest \u001b[K\n"}
,{"stream_name":"stderr","time":90.0183571,"data":"pulling a3de86cd1c13: 100% ▕██████████████████▏ 5.2 GB                         \u001b[K\n"}
,{"stream_name":"stderr","time":90.117569841,"data":"verifying sha256 digest ⠏ \u001b[K\u001b[?25h\u001b[?2026l\u001b[?2026h\u001b[?25l\u001b[A\u001b[A\u001b[1Gpulling manifest \u001b[K\n"}
,{"stream_name":"stderr","time":90.11763156,"data":"pulling a3de86cd1c13: 100% ▕██████████████████▏ 5.2 GB                         \u001b[K\n"}
,{"stream_name":"stderr","time":90.217946235,"data":"verifying sha256 digest ⠋ \u001b[K\u001b[?25h\u001b[?2026l\u001b[?2026h\u001b[?25l\u001b[A\u001b[A\u001b[1Gpulling manifest \u001b[K\n"}
,{"stream_name":"stderr","time":90.218009211,"data":"pulling a3de86cd1c13: 100% ▕██████████████████▏ 5.2 GB                         \u001b[K\n"}
,{"stream_name":"stderr","time":90.317555629,"data":"verifying sha256 digest ⠙ \u001b[K\u001b[?25h\u001b[?2026l\u001b[?2026h\u001b[?25l\u001b[A\u001b[A\u001b[1Gpulling manifest \u001b[K\n"}
,{"stream_name":"stderr","time":90.317595466,"data":"pulling a3de86cd1c13: 100% ▕██████████████████▏ 5.2 GB                         \u001b[K\n"}
,{"stream_name":"stderr","time":90.416974108,"data":"verifying sha256 digest ⠹ \u001b[K\u001b[?25h\u001b[?2026l\u001b[?2026h\u001b[?25l\u001b[A\u001b[A\u001b[1Gpulling manifest \u001b[K\n"}
,{"stream_name":"stderr","time":90.417013625,"data":"pulling a3de86cd1c13: 100% ▕██████████████████▏ 5.2 GB                         \u001b[K\n"}
,{"stream_name":"stderr","time":90.517489484,"data":"verifying sha256 digest ⠸ \u001b[K\u001b[?25h\u001b[?2026l\u001b[?2026h\u001b[?25l\u001b[A\u001b[A\u001b[1Gpulling manifest \u001b[K\n"}
,{"stream_name":"stderr","time":90.517524727,"data":"pulling a3de86cd1c13: 100% ▕██████████████████▏ 5.2 GB                         \u001b[K\n"}
,{"stream_name":"stderr","time":90.617018861,"data":"verifying sha256 digest ⠼ \u001b[K\u001b[?25h\u001b[?2026l\u001b[?2026h\u001b[?25l\u001b[A\u001b[A\u001b[1Gpulling manifest \u001b[K\n"}
,{"stream_name":"stderr","time":90.617061177,"data":"pulling a3de86cd1c13: 100% ▕██████████████████▏ 5.2 GB                         \u001b[K\n"}
,{"stream_name":"stderr","time":90.717506679,"data":"verifying sha256 digest ⠴ \u001b[K\u001b[?25h\u001b[?2026l\u001b[?2026h\u001b[?25l\u001b[A\u001b[A\u001b[1Gpulling manifest \u001b[K\n"}
,{"stream_name":"stderr","time":90.717545617,"data":"pulling a3de86cd1c13: 100% ▕██████████████████▏ 5.2 GB                         \u001b[K\n"}
,{"stream_name":"stderr","time":90.816964735,"data":"verifying sha256 digest ⠦ \u001b[K\u001b[?25h\u001b[?2026l\u001b[?2026h\u001b[?25l\u001b[A\u001b[A\u001b[1Gpulling manifest \u001b[K\n"}
,{"stream_name":"stderr","time":90.817004405,"data":"pulling a3de86cd1c13: 100% ▕██████████████████▏ 5.2 GB                         \u001b[K\n"}
,{"stream_name":"stderr","time":90.917542032,"data":"verifying sha256 digest ⠧ \u001b[K\u001b[?25h\u001b[?2026l\u001b[?2026h\u001b[?25l\u001b[A\u001b[A\u001b[1Gpulling manifest \u001b[K\n"}
,{"stream_name":"stderr","time":90.91757679,"data":"pulling a3de86cd1c13: 100% ▕██████████████████▏ 5.2 GB                         \u001b[K\n"}
,{"stream_name":"stderr","time":91.01702936,"data":"verifying sha256 digest ⠇ \u001b[K\u001b[?25h\u001b[?2026l\u001b[?2026h\u001b[?25l\u001b[A\u001b[A\u001b[1Gpulling manifest \u001b[K\n"}
,{"stream_name":"stderr","time":91.017080023,"data":"pulling a3de86cd1c13: 100% ▕██████████████████▏ 5.2 GB                         \u001b[K\n"}
,{"stream_name":"stderr","time":91.117604647,"data":"verifying sha256 digest ⠏ \u001b[K\u001b[?25h\u001b[?2026l\u001b[?2026h\u001b[?25l\u001b[A\u001b[A\u001b[1Gpulling manifest \u001b[K\n"}
,{"stream_name":"stderr","time":91.117646432,"data":"pulling a3de86cd1c13: 100% ▕██████████████████▏ 5.2 GB                         \u001b[K\n"}
,{"stream_name":"stderr","time":91.217192149,"data":"verifying sha256 digest ⠋ \u001b[K\u001b[?25h\u001b[?2026l\u001b[?2026h\u001b[?25l\u001b[A\u001b[A\u001b[1Gpulling manifest \u001b[K\n"}
,{"stream_name":"stderr","time":91.217251181,"data":"pulling a3de86cd1c13: 100% ▕██████████████████▏ 5.2 GB                         \u001b[K\n"}
,{"stream_name":"stderr","time":91.317690498,"data":"verifying sha256 digest ⠙ \u001b[K\u001b[?25h\u001b[?2026l\u001b[?2026h\u001b[?25l\u001b[A\u001b[A\u001b[1Gpulling manifest \u001b[K\n"}
,{"stream_name":"stderr","time":91.317735166,"data":"pulling a3de86cd1c13: 100% ▕██████████████████▏ 5.2 GB                         \u001b[K\n"}
,{"stream_name":"stderr","time":91.417192576,"data":"verifying sha256 digest ⠹ \u001b[K\u001b[?25h\u001b[?2026l\u001b[?2026h\u001b[?25l\u001b[A\u001b[A\u001b[1Gpulling manifest \u001b[K\n"}
,{"stream_name":"stderr","time":91.417269287,"data":"pulling a3de86cd1c13: 100% ▕██████████████████▏ 5.2 GB                         \u001b[K\n"}
,{"stream_name":"stderr","time":91.517762282,"data":"verifying sha256 digest ⠸ \u001b[K\u001b[?25h\u001b[?2026l\u001b[?2026h\u001b[?25l\u001b[A\u001b[A\u001b[1Gpulling manifest \u001b[K\n"}
,{"stream_name":"stderr","time":91.517803367,"data":"pulling a3de86cd1c13: 100% ▕██████████████████▏ 5.2 GB                         \u001b[K\n"}
,{"stream_name":"stderr","time":91.617114451,"data":"verifying sha256 digest ⠼ \u001b[K\u001b[?25h\u001b[?2026l\u001b[?2026h\u001b[?25l\u001b[A\u001b[A\u001b[1Gpulling manifest \u001b[K\n"}
,{"stream_name":"stderr","time":91.617153069,"data":"pulling a3de86cd1c13: 100% ▕██████████████████▏ 5.2 GB                         \u001b[K\n"}
,{"stream_name":"stderr","time":91.717706159,"data":"verifying sha256 digest ⠴ \u001b[K\u001b[?25h\u001b[?2026l\u001b[?2026h\u001b[?25l\u001b[A\u001b[A\u001b[1Gpulling manifest \u001b[K\n"}
,{"stream_name":"stderr","time":91.717749094,"data":"pulling a3de86cd1c13: 100% ▕██████████████████▏ 5.2 GB                         \u001b[K\n"}
,{"stream_name":"stderr","time":91.817128034,"data":"verifying sha256 digest ⠦ \u001b[K\u001b[?25h\u001b[?2026l\u001b[?2026h\u001b[?25l\u001b[A\u001b[A\u001b[1Gpulling manifest \u001b[K\n"}
,{"stream_name":"stderr","time":91.817167203,"data":"pulling a3de86cd1c13: 100% ▕██████████████████▏ 5.2 GB                         \u001b[K\n"}
,{"stream_name":"stderr","time":91.917620948,"data":"verifying sha256 digest ⠧ \u001b[K\u001b[?25h\u001b[?2026l\u001b[?2026h\u001b[?25l\u001b[A\u001b[A\u001b[1Gpulling manifest \u001b[K\n"}
,{"stream_name":"stderr","time":91.917684158,"data":"pulling a3de86cd1c13: 100% ▕██████████████████▏ 5.2 GB                         \u001b[K\n"}
,{"stream_name":"stderr","time":92.017174838,"data":"verifying sha256 digest ⠇ \u001b[K\u001b[?25h\u001b[?2026l\u001b[?2026h\u001b[?25l\u001b[A\u001b[A\u001b[1Gpulling manifest \u001b[K\n"}
,{"stream_name":"stderr","time":92.017212136,"data":"pulling a3de86cd1c13: 100% ▕██████████████████▏ 5.2 GB                         \u001b[K\n"}
,{"stream_name":"stderr","time":92.117623788,"data":"verifying sha256 digest ⠏ \u001b[K\u001b[?25h\u001b[?2026l\u001b[?2026h\u001b[?25l\u001b[A\u001b[A\u001b[1Gpulling manifest \u001b[K\n"}
,{"stream_name":"stderr","time":92.117663459,"data":"pulling a3de86cd1c13: 100% ▕██████████████████▏ 5.2 GB                         \u001b[K\n"}
,{"stream_name":"stderr","time":92.217026307,"data":"verifying sha256 digest ⠋ \u001b[K\u001b[?25h\u001b[?2026l\u001b[?2026h\u001b[?25l\u001b[A\u001b[A\u001b[1Gpulling manifest \u001b[K\n"}
,{"stream_name":"stderr","time":92.217083094,"data":"pulling a3de86cd1c13: 100% ▕██████████████████▏ 5.2 GB                         \u001b[K\n"}
,{"stream_name":"stderr","time":92.317546169,"data":"verifying sha256 digest ⠙ \u001b[K\u001b[?25h\u001b[?2026l\u001b[?2026h\u001b[?25l\u001b[A\u001b[A\u001b[1Gpulling manifest \u001b[K\n"}
,{"stream_name":"stderr","time":92.317590597,"data":"pulling a3de86cd1c13: 100% ▕██████████████████▏ 5.2 GB                         \u001b[K\n"}
,{"stream_name":"stderr","time":92.416962784,"data":"verifying sha256 digest ⠹ \u001b[K\u001b[?25h\u001b[?2026l\u001b[?2026h\u001b[?25l\u001b[A\u001b[A\u001b[1Gpulling manifest \u001b[K\n"}
,{"stream_name":"stderr","time":92.417003362,"data":"pulling a3de86cd1c13: 100% ▕██████████████████▏ 5.2 GB                         \u001b[K\n"}
,{"stream_name":"stderr","time":92.517583868,"data":"verifying sha256 digest ⠸ \u001b[K\u001b[?25h\u001b[?2026l\u001b[?2026h\u001b[?25l\u001b[A\u001b[A\u001b[1Gpulling manifest \u001b[K\n"}
,{"stream_name":"stderr","time":92.517623839,"data":"pulling a3de86cd1c13: 100% ▕██████████████████▏ 5.2 GB                         \u001b[K\n"}
,{"stream_name":"stderr","time":92.617184345,"data":"verifying sha256 digest ⠼ \u001b[K\u001b[?25h\u001b[?2026l\u001b[?2026h\u001b[?25l\u001b[A\u001b[A\u001b[1Gpulling manifest \u001b[K\n"}
,{"stream_name":"stderr","time":92.617223504,"data":"pulling a3de86cd1c13: 100% ▕██████████████████▏ 5.2 GB                         \u001b[K\n"}
,{"stream_name":"stderr","time":92.717702967,"data":"verifying sha256 digest ⠴ \u001b[K\u001b[?25h\u001b[?2026l\u001b[?2026h\u001b[?25l\u001b[A\u001b[A\u001b[1Gpulling manifest \u001b[K\n"}
,{"stream_name":"stderr","time":92.717747869,"data":"pulling a3de86cd1c13: 100% ▕██████████████████▏ 5.2 GB                         \u001b[K\n"}
,{"stream_name":"stderr","time":92.817300218,"data":"verifying sha256 digest ⠦ \u001b[K\u001b[?25h\u001b[?2026l\u001b[?2026h\u001b[?25l\u001b[A\u001b[A\u001b[1Gpulling manifest \u001b[K\n"}
,{"stream_name":"stderr","time":92.817344677,"data":"pulling a3de86cd1c13: 100% ▕██████████████████▏ 5.2 GB                         \u001b[K\n"}
,{"stream_name":"stderr","time":92.918208439,"data":"verifying sha256 digest ⠧ \u001b[K\u001b[?25h\u001b[?2026l\u001b[?2026h\u001b[?25l\u001b[A\u001b[A\u001b[1Gpulling manifest \u001b[K\n"}
,{"stream_name":"stderr","time":92.918249533,"data":"pulling a3de86cd1c13: 100% ▕██████████████████▏ 5.2 GB                         \u001b[K\n"}
,{"stream_name":"stderr","time":93.017647416,"data":"verifying sha256 digest ⠇ \u001b[K\u001b[?25h\u001b[?2026l\u001b[?2026h\u001b[?25l\u001b[A\u001b[A\u001b[1Gpulling manifest \u001b[K\n"}
,{"stream_name":"stderr","time":93.017709412,"data":"pulling a3de86cd1c13: 100% ▕██████████████████▏ 5.2 GB                         \u001b[K\n"}
,{"stream_name":"stderr","time":93.117186639,"data":"verifying sha256 digest ⠏ \u001b[K\u001b[?25h\u001b[?2026l\u001b[?2026h\u001b[?25l\u001b[A\u001b[A\u001b[1Gpulling manifest \u001b[K\n"}
,{"stream_name":"stderr","time":93.117224329,"data":"pulling a3de86cd1c13: 100% ▕██████████████████▏ 5.2 GB                         \u001b[K\n"}
,{"stream_name":"stderr","time":93.21764441,"data":"verifying sha256 digest ⠋ \u001b[K\u001b[?25h\u001b[?2026l\u001b[?2026h\u001b[?25l\u001b[A\u001b[A\u001b[1Gpulling manifest \u001b[K\n"}
,{"stream_name":"stderr","time":93.217697131,"data":"pulling a3de86cd1c13: 100% ▕██████████████████▏ 5.2 GB                         \u001b[K\n"}
,{"stream_name":"stderr","time":93.317227403,"data":"verifying sha256 digest ⠙ \u001b[K\u001b[?25h\u001b[?2026l\u001b[?2026h\u001b[?25l\u001b[A\u001b[A\u001b[1Gpulling manifest \u001b[K\n"}
,{"stream_name":"stderr","time":93.317282369,"data":"pulling a3de86cd1c13: 100% ▕██████████████████▏ 5.2 GB                         \u001b[K\n"}
,{"stream_name":"stderr","time":93.417917758,"data":"verifying sha256 digest ⠹ \u001b[K\u001b[?25h\u001b[?2026l\u001b[?2026h\u001b[?25l\u001b[A\u001b[A\u001b[1Gpulling manifest \u001b[K\n"}
,{"stream_name":"stderr","time":93.417967163,"data":"pulling a3de86cd1c13: 100% ▕██████████████████▏ 5.2 GB                         \u001b[K\n"}
,{"stream_name":"stderr","time":93.517346424,"data":"verifying sha256 digest ⠸ \u001b[K\u001b[?25h\u001b[?2026l\u001b[?2026h\u001b[?25l\u001b[A\u001b[A\u001b[1Gpulling manifest \u001b[K\n"}
,{"stream_name":"stderr","time":93.517389892,"data":"pulling a3de86cd1c13: 100% ▕██████████████████▏ 5.2 GB                         \u001b[K\n"}
,{"stream_name":"stderr","time":93.617997024,"data":"verifying sha256 digest ⠼ \u001b[K\u001b[?25h\u001b[?2026l\u001b[?2026h\u001b[?25l\u001b[A\u001b[A\u001b[1Gpulling manifest \u001b[K\n"}
,{"stream_name":"stderr","time":93.618120415,"data":"pulling a3de86cd1c13: 100% ▕██████████████████▏ 5.2 GB                         \u001b[K\n"}
,{"stream_name":"stderr","time":93.717462634,"data":"verifying sha256 digest ⠴ \u001b[K\u001b[?25h\u001b[?2026l\u001b[?2026h\u001b[?25l\u001b[A\u001b[A\u001b[1Gpulling manifest \u001b[K\n"}
,{"stream_name":"stderr","time":93.717500122,"data":"pulling a3de86cd1c13: 100% ▕██████████████████▏ 5.2 GB                         \u001b[K\n"}
,{"stream_name":"stderr","time":93.816929744,"data":"verifying sha256 digest ⠦ \u001b[K\u001b[?25h\u001b[?2026l\u001b[?2026h\u001b[?25l\u001b[A\u001b[A\u001b[1Gpulling manifest \u001b[K\n"}
,{"stream_name":"stderr","time":93.816968748,"data":"pulling a3de86cd1c13: 100% ▕██████████████████▏ 5.2 GB                         \u001b[K\n"}
,{"stream_name":"stderr","time":93.917501625,"data":"verifying sha256 digest ⠧ \u001b[K\u001b[?25h\u001b[?2026l\u001b[?2026h\u001b[?25l\u001b[A\u001b[A\u001b[1Gpulling manifest \u001b[K\n"}
,{"stream_name":"stderr","time":93.917545546,"data":"pulling a3de86cd1c13: 100% ▕██████████████████▏ 5.2 GB                         \u001b[K\n"}
,{"stream_name":"stderr","time":94.016962172,"data":"verifying sha256 digest ⠇ \u001b[K\u001b[?25h\u001b[?2026l\u001b[?2026h\u001b[?25l\u001b[A\u001b[A\u001b[1Gpulling manifest \u001b[K\n"}
,{"stream_name":"stderr","time":94.017005912,"data":"pulling a3de86cd1c13: 100% ▕██████████████████▏ 5.2 GB                         \u001b[K\n"}
,{"stream_name":"stderr","time":94.117534285,"data":"verifying sha256 digest ⠏ \u001b[K\u001b[?25h\u001b[?2026l\u001b[?2026h\u001b[?25l\u001b[A\u001b[A\u001b[1Gpulling manifest \u001b[K\n"}
,{"stream_name":"stderr","time":94.117574626,"data":"pulling a3de86cd1c13: 100% ▕██████████████████▏ 5.2 GB                         \u001b[K\n"}
,{"stream_name":"stderr","time":94.2170131,"data":"verifying sha256 digest ⠋ \u001b[K\u001b[?25h\u001b[?2026l\u001b[?2026h\u001b[?25l\u001b[A\u001b[A\u001b[1Gpulling manifest \u001b[K\n"}
,{"stream_name":"stderr","time":94.217053251,"data":"pulling a3de86cd1c13: 100% ▕██████████████████▏ 5.2 GB                         \u001b[K\n"}
,{"stream_name":"stderr","time":94.317489071,"data":"verifying sha256 digest ⠙ \u001b[K\u001b[?25h\u001b[?2026l\u001b[?2026h\u001b[?25l\u001b[A\u001b[A\u001b[1Gpulling manifest \u001b[K\n"}
,{"stream_name":"stderr","time":94.317532892,"data":"pulling a3de86cd1c13: 100% ▕██████████████████▏ 5.2 GB                         \u001b[K\n"}
,{"stream_name":"stderr","time":94.417087955,"data":"verifying sha256 digest ⠹ \u001b[K\u001b[?25h\u001b[?2026l\u001b[?2026h\u001b[?25l\u001b[A\u001b[A\u001b[1Gpulling manifest \u001b[K\n"}
,{"stream_name":"stderr","time":94.417130295,"data":"pulling a3de86cd1c13: 100% ▕██████████████████▏ 5.2 GB                         \u001b[K\n"}
,{"stream_name":"stderr","time":94.517707083,"data":"verifying sha256 digest ⠸ \u001b[K\u001b[?25h\u001b[?2026l\u001b[?2026h\u001b[?25l\u001b[A\u001b[A\u001b[1Gpulling manifest \u001b[K\n"}
,{"stream_name":"stderr","time":94.517749085,"data":"pulling a3de86cd1c13: 100% ▕██████████████████▏ 5.2 GB                         \u001b[K\n"}
,{"stream_name":"stderr","time":94.617236402,"data":"verifying sha256 digest ⠼ \u001b[K\u001b[?25h\u001b[?2026l\u001b[?2026h\u001b[?25l\u001b[A\u001b[A\u001b[1Gpulling manifest \u001b[K\n"}
,{"stream_name":"stderr","time":94.617276378,"data":"pulling a3de86cd1c13: 100% ▕██████████████████▏ 5.2 GB                         \u001b[K\n"}
,{"stream_name":"stderr","time":94.71770182,"data":"verifying sha256 digest ⠴ \u001b[K\u001b[?25h\u001b[?2026l\u001b[?2026h\u001b[?25l\u001b[A\u001b[A\u001b[1Gpulling manifest \u001b[K\n"}
,{"stream_name":"stderr","time":94.717744106,"data":"pulling a3de86cd1c13: 100% ▕██████████████████▏ 5.2 GB                         \u001b[K\n"}
,{"stream_name":"stderr","time":94.81732164,"data":"verifying sha256 digest ⠦ \u001b[K\u001b[?25h\u001b[?2026l\u001b[?2026h\u001b[?25l\u001b[A\u001b[A\u001b[1Gpulling manifest \u001b[K\n"}
,{"stream_name":"stderr","time":94.817361455,"data":"pulling a3de86cd1c13: 100% ▕██████████████████▏ 5.2 GB                         \u001b[K\n"}
,{"stream_name":"stderr","time":94.917981758,"data":"verifying sha256 digest ⠧ \u001b[K\u001b[?25h\u001b[?2026l\u001b[?2026h\u001b[?25l\u001b[A\u001b[A\u001b[1Gpulling manifest \u001b[K\n"}
,{"stream_name":"stderr","time":94.918022303,"data":"pulling a3de86cd1c13: 100% ▕██████████████████▏ 5.2 GB                         \u001b[K\n"}
,{"stream_name":"stderr","time":95.017591373,"data":"verifying sha256 digest ⠇ \u001b[K\u001b[?25h\u001b[?2026l\u001b[?2026h\u001b[?25l\u001b[A\u001b[A\u001b[1Gpulling manifest \u001b[K\n"}
,{"stream_name":"stderr","time":95.017634669,"data":"pulling a3de86cd1c13: 100% ▕██████████████████▏ 5.2 GB                         \u001b[K\n"}
,{"stream_name":"stderr","time":95.117204327,"data":"verifying sha256 digest ⠏ \u001b[K\u001b[?25h\u001b[?2026l\u001b[?2026h\u001b[?25l\u001b[A\u001b[A\u001b[1Gpulling manifest \u001b[K\n"}
,{"stream_name":"stderr","time":95.117241784,"data":"pulling a3de86cd1c13: 100% ▕██████████████████▏ 5.2 GB                         \u001b[K\n"}
,{"stream_name":"stderr","time":95.217589958,"data":"verifying sha256 digest ⠋ \u001b[K\u001b[?25h\u001b[?2026l\u001b[?2026h\u001b[?25l\u001b[A\u001b[A\u001b[1Gpulling manifest \u001b[K\n"}
,{"stream_name":"stderr","time":95.217628103,"data":"pulling a3de86cd1c13: 100% ▕██████████████████▏ 5.2 GB                         \u001b[K\n"}
,{"stream_name":"stderr","time":95.317417088,"data":"verifying sha256 digest ⠙ \u001b[K\u001b[?25h\u001b[?2026l\u001b[?2026h\u001b[?25l\u001b[A\u001b[A\u001b[1Gpulling manifest \u001b[K\n"}
,{"stream_name":"stderr","time":95.317459768,"data":"pulling a3de86cd1c13: 100% ▕██████████████████▏ 5.2 GB                         \u001b[K\n"}
,{"stream_name":"stderr","time":95.417753008,"data":"verifying sha256 digest ⠹ \u001b[K\u001b[?25h\u001b[?2026l\u001b[?2026h\u001b[?25l\u001b[A\u001b[A\u001b[1Gpulling manifest \u001b[K\n"}
,{"stream_name":"stderr","time":95.417792061,"data":"pulling a3de86cd1c13: 100% ▕██████████████████▏ 5.2 GB                         \u001b[K\n"}
,{"stream_name":"stderr","time":95.517316155,"data":"verifying sha256 digest ⠸ \u001b[K\u001b[?25h\u001b[?2026l\u001b[?2026h\u001b[?25l\u001b[A\u001b[A\u001b[1Gpulling manifest \u001b[K\n"}
,{"stream_name":"stderr","time":95.517357156,"data":"pulling a3de86cd1c13: 100% ▕██████████████████▏ 5.2 GB                         \u001b[K\n"}
,{"stream_name":"stderr","time":95.617880823,"data":"verifying sha256 digest ⠼ \u001b[K\u001b[?25h\u001b[?2026l\u001b[?2026h\u001b[?25l\u001b[A\u001b[A\u001b[1Gpulling manifest \u001b[K\n"}
,{"stream_name":"stderr","time":95.617923864,"data":"pulling a3de86cd1c13: 100% ▕██████████████████▏ 5.2 GB                         \u001b[K\n"}
,{"stream_name":"stderr","time":95.717506202,"data":"verifying sha256 digest ⠴ \u001b[K\u001b[?25h\u001b[?2026l\u001b[?2026h\u001b[?25l\u001b[A\u001b[A\u001b[1Gpulling manifest \u001b[K\n"}
,{"stream_name":"stderr","time":95.717548893,"data":"pulling a3de86cd1c13: 100% ▕██████████████████▏ 5.2 GB                         \u001b[K\n"}
,{"stream_name":"stderr","time":95.816979464,"data":"verifying sha256 digest ⠦ \u001b[K\u001b[?25h\u001b[?2026l\u001b[?2026h\u001b[?25l\u001b[A\u001b[A\u001b[1Gpulling manifest \u001b[K\n"}
,{"stream_name":"stderr","time":95.817017729,"data":"pulling a3de86cd1c13: 100% ▕██████████████████▏ 5.2 GB                         \u001b[K\n"}
,{"stream_name":"stderr","time":95.917534024,"data":"verifying sha256 digest ⠧ \u001b[K\u001b[?25h\u001b[?2026l\u001b[?2026h\u001b[?25l\u001b[A\u001b[A\u001b[1Gpulling manifest \u001b[K\n"}
,{"stream_name":"stderr","time":95.917577653,"data":"pulling a3de86cd1c13: 100% ▕██████████████████▏ 5.2 GB                         \u001b[K\n"}
,{"stream_name":"stderr","time":96.016979632,"data":"verifying sha256 digest ⠇ \u001b[K\u001b[?25h\u001b[?2026l\u001b[?2026h\u001b[?25l\u001b[A\u001b[A\u001b[1Gpulling manifest \u001b[K\n"}
,{"stream_name":"stderr","time":96.017020925,"data":"pulling a3de86cd1c13: 100% ▕██████████████████▏ 5.2 GB                         \u001b[K\n"}
,{"stream_name":"stderr","time":96.117573959,"data":"verifying sha256 digest ⠏ \u001b[K\u001b[?25h\u001b[?2026l\u001b[?2026h\u001b[?25l\u001b[A\u001b[A\u001b[1Gpulling manifest \u001b[K\n"}
,{"stream_name":"stderr","time":96.117630494,"data":"pulling a3de86cd1c13: 100% ▕██████████████████▏ 5.2 GB                         \u001b[K\n"}
,{"stream_name":"stderr","time":96.217007007,"data":"verifying sha256 digest ⠋ \u001b[K\u001b[?25h\u001b[?2026l\u001b[?2026h\u001b[?25l\u001b[A\u001b[A\u001b[1Gpulling manifest \u001b[K\n"}
,{"stream_name":"stderr","time":96.217046485,"data":"pulling a3de86cd1c13: 100% ▕██████████████████▏ 5.2 GB                         \u001b[K\n"}
,{"stream_name":"stderr","time":96.317588912,"data":"verifying sha256 digest ⠙ \u001b[K\u001b[?25h\u001b[?2026l\u001b[?2026h\u001b[?25l\u001b[A\u001b[A\u001b[1Gpulling manifest \u001b[K\n"}
,{"stream_name":"stderr","time":96.317685804,"data":"pulling a3de86cd1c13: 100% ▕██████████████████▏ 5.2 GB                         \u001b[K\n"}
,{"stream_name":"stderr","time":96.416977852,"data":"verifying sha256 digest ⠹ \u001b[K\u001b[?25h\u001b[?2026l\u001b[?2026h\u001b[?25l\u001b[A\u001b[A\u001b[1Gpulling manifest \u001b[K\n"}
,{"stream_name":"stderr","time":96.417031538,"data":"pulling a3de86cd1c13: 100% ▕██████████████████▏ 5.2 GB                         \u001b[K\n"}
,{"stream_name":"stderr","time":96.517534823,"data":"verifying sha256 digest ⠸ \u001b[K\u001b[?25h\u001b[?2026l\u001b[?2026h\u001b[?25l\u001b[A\u001b[A\u001b[1Gpulling manifest \u001b[K\n"}
,{"stream_name":"stderr","time":96.517576194,"data":"pulling a3de86cd1c13: 100% ▕██████████████████▏ 5.2 GB                         \u001b[K\n"}
,{"stream_name":"stderr","time":96.616945699,"data":"verifying sha256 digest ⠼ \u001b[K\u001b[?25h\u001b[?2026l\u001b[?2026h\u001b[?25l\u001b[A\u001b[A\u001b[1Gpulling manifest \u001b[K\n"}
,{"stream_name":"stderr","time":96.616985468,"data":"pulling a3de86cd1c13: 100% ▕██████████████████▏ 5.2 GB                         \u001b[K\n"}
,{"stream_name":"stderr","time":96.717507086,"data":"verifying sha256 digest ⠴ \u001b[K\u001b[?25h\u001b[?2026l\u001b[?2026h\u001b[?25l\u001b[A\u001b[A\u001b[1Gpulling manifest \u001b[K\n"}
,{"stream_name":"stderr","time":96.717546886,"data":"pulling a3de86cd1c13: 100% ▕██████████████████▏ 5.2 GB                         \u001b[K\n"}
,{"stream_name":"stderr","time":96.81705736,"data":"verifying sha256 digest ⠦ \u001b[K\u001b[?25h\u001b[?2026l\u001b[?2026h\u001b[?25l\u001b[A\u001b[A\u001b[1Gpulling manifest \u001b[K\n"}
,{"stream_name":"stderr","time":96.81709891,"data":"pulling a3de86cd1c13: 100% ▕██████████████████▏ 5.2 GB                         \u001b[K\n"}
,{"stream_name":"stderr","time":96.917508815,"data":"verifying sha256 digest ⠧ \u001b[K\u001b[?25h\u001b[?2026l\u001b[?2026h\u001b[?25l\u001b[A\u001b[A\u001b[1Gpulling manifest \u001b[K\n"}
,{"stream_name":"stderr","time":96.917542247,"data":"pulling a3de86cd1c13: 100% ▕██████████████████▏ 5.2 GB                         \u001b[K\n"}
,{"stream_name":"stderr","time":97.016997105,"data":"verifying sha256 digest ⠇ \u001b[K\u001b[?25h\u001b[?2026l\u001b[?2026h\u001b[?25l\u001b[A\u001b[A\u001b[1Gpulling manifest \u001b[K\n"}
,{"stream_name":"stderr","time":97.017036435,"data":"pulling a3de86cd1c13: 100% ▕██████████████████▏ 5.2 GB                         \u001b[K\n"}
,{"stream_name":"stderr","time":97.117503212,"data":"verifying sha256 digest ⠏ \u001b[K\u001b[?25h\u001b[?2026l\u001b[?2026h\u001b[?25l\u001b[A\u001b[A\u001b[1Gpulling manifest \u001b[K\n"}
,{"stream_name":"stderr","time":97.117539882,"data":"pulling a3de86cd1c13: 100% ▕██████████████████▏ 5.2 GB                         \u001b[K\n"}
,{"stream_name":"stderr","time":97.21697071,"data":"verifying sha256 digest ⠋ \u001b[K\u001b[?25h\u001b[?2026l\u001b[?2026h\u001b[?25l\u001b[A\u001b[A\u001b[1Gpulling manifest \u001b[K\n"}
,{"stream_name":"stderr","time":97.2170146,"data":"pulling a3de86cd1c13: 100% ▕██████████████████▏ 5.2 GB                         \u001b[K\n"}
,{"stream_name":"stderr","time":97.317560938,"data":"verifying sha256 digest ⠙ \u001b[K\u001b[?25h\u001b[?2026l\u001b[?2026h\u001b[?25l\u001b[A\u001b[A\u001b[1Gpulling manifest \u001b[K\n"}
,{"stream_name":"stderr","time":97.317661972,"data":"pulling a3de86cd1c13: 100% ▕██████████████████▏ 5.2 GB                         \u001b[K\n"}
,{"stream_name":"stderr","time":97.363542826,"data":"verifying sha256 digest ⠹ \u001b[K\u001b[?25h\u001b[?2026l\u001b[?2026h\u001b[?25l\u001b[A\u001b[A\u001b[1Gpulling manifest \u001b[K\n"}
,{"stream_name":"stderr","time":97.363572942,"data":"pulling a3de86cd1c13: 100% ▕██████████████████▏ 5.2 GB                         \u001b[K\n"}
,{"stream_name":"stderr","time":97.363579207,"data":"verifying sha256 digest \u001b[K\n"}
,{"stream_name":"stderr","time":97.363584,"data":"writing manifest \u001b[K\n"}
,{"stream_name":"stderr","time":97.363588903,"data":"success \u001b[K\u001b[?25h\u001b[?2026l\n"}
,{"stream_name":"stdout","time":97.367079244,"data":"$ cd /kaggle/working/repo/PPO_IBM/experiments/program_control \u0026\u0026 EVOLVE_RUNS_DIR=/kaggle/working/evolve EVOLVE_WORKERS=4 EVOLVE_DEADLINE_EPOCH=1790776119.0033505 PYTHONUNBUFFERED=1 python evolve.py auto --run qwen3_8b_v3r2 --model qwen3:8b --budget 16 2\u003e\u00261 | tee -a /kaggle/working/qwen3_8b_v3r2.log\n"}
,{"stream_name":"stdout","time":3271.901346845,"data":"  cand_008.py: fitness 629 | median 786 mg, p25 471 mg, crash 0%, errors 0 [80s]\n"}
,{"stream_name":"stdout","time":3271.901608326,"data":"    (writer qwen3:8b: 3094s, 1270 out / 9375 in tokens)\n"}
,{"stream_name":"stdout","time":6274.315827295,"data":"  cand_009.py: fitness -10000 | median 0 mg, p25 0 mg, crash 100%, errors 12 [0s]\n"}
,{"stream_name":"stdout","time":8291.090492533,"data":"  cand_009.py: fitness 10784 | median 11940 mg, p25 9628 mg, crash 0%, errors 0 [58s]\n"}
,{"stream_name":"stdout","time":8291.090852527,"data":"    (writer qwen3:8b: 3002s, 1333 out / 9455 in tokens)\n"}
,{"stream_name":"stdout","time":11207.554245919,"data":"  cand_010.py: fitness -10000 | median 0 mg, p25 0 mg, crash 100%, errors 12 [0s]\n"}
,{"stream_name":"stdout","time":13343.134088541,"data":"  cand_010.py: fitness -10000 | median 0 mg, p25 0 mg, crash 100%, errors 12 [0s]\n"}
,{"stream_name":"stdout","time":13343.134592578,"data":"    (writer qwen3:8b: 2916s, 1292 out / 9514 in tokens)\n"}
,{"stream_name":"stdout","time":15000.583009314,"data":"  cand_011.py: fitness 11054 | median 11911 mg, p25 10197 mg, crash 0%, errors 0 [59s]\n"}
,{"stream_name":"stdout","time":15000.583392888,"data":"    (writer qwen3:8b: 1599s, 1228 out / 9514 in tokens)\n"}
,{"stream_name":"stdout","time":18063.528825932,"data":"  cand_012.py: fitness 0 | median 0 mg, p25 0 mg, crash 0%, errors 0 [73s]\n"}
,{"stream_name":"stdout","time":18063.529345463,"data":"    (writer qwen3:8b: 2990s, 1325 out / 9557 in tokens)\n"}
,{"stream_name":"stdout","time":19791.413443079,"data":"  cand_013.py: fitness 0 | median 0 mg, p25 0 mg, crash 0%, errors 0 [78s]\n"}
,{"stream_name":"stdout","time":19791.414573139,"data":"    (writer qwen3:8b: 1650s, 1247 out / 9557 in tokens)\n"}
,{"stream_name":"stdout","time":21720.360749688,"data":"  cand_014.py: fitness 69 | median 82 mg, p25 56 mg, crash 0%, errors 0 [76s]\n"}
,{"stream_name":"stdout","time":21720.36213502,"data":"    (writer qwen3:8b: 1853s, 1376 out / 9557 in tokens)\n"}
,{"stream_name":"stdout","time":23484.421046051,"data":"  cand_015.py: fitness 11222 | median 12275 mg, p25 10170 mg, crash 0%, errors 0 [59s]\n"}
,{"stream_name":"stdout","time":23484.421501519,"data":"    (writer qwen3:8b: 1705s, 1268 out / 9557 in tokens)\n"}
,{"stream_name":"stdout","time":26844.662820019,"data":"  cand_016.py: fitness -10000 | median 0 mg, p25 0 mg, crash 100%, errors 12 [0s]\n"}
,{"stream_name":"stdout","time":29422.361975086,"data":"  cand_016.py: fitness -10000 | median 0 mg, p25 0 mg, crash 100%, errors 12 [0s]\n"}
,{"stream_name":"stdout","time":29422.362558594,"data":"    (writer qwen3:8b: 3360s, 1471 out / 9714 in tokens)\n"}
,{"stream_name":"stdout","time":29422.455509014,"data":"$ cd /kaggle/working/repo/PPO_IBM/experiments/program_control \u0026\u0026 python harness.py /kaggle/working/evolve/qwen3_8b_v3r2/cand_000.py --split test --workers 4 --out /kaggle/working/test/qwen3_8b_v3r2_D2.json 2\u003e\u00261 | tee -a /kaggle/working/qwen3_8b_v3r2.log\n"}
,{"stream_name":"stdout","time":29661.397770622,"data":"cand_000.py split=test D2 n=52: median 13132 mg, p25 10314 mg, crash 0%, time-avg od 1.04, errors 0, fitness 11723 [239s]\n"}
,{"stream_name":"stdout","time":29661.464495148,"data":"$ ollama rm qwen3:8b\n"}
,{"stream_name":"stdout","time":29663.029941508,"data":"deleted 'qwen3:8b'\n"}
,{"stream_name":"stdout","time":29663.122161927,"data":"[\n"}
,{"stream_name":"stdout","time":29663.122202349,"data":" {\n"}
,{"stream_name":"stdout","time":29663.122208239,"data":"  \"run\": \"qwen3_8b_v3r2\",\n"}
,{"stream_name":"stdout","time":29663.122213951,"data":"  \"model\": \"qwen3:8b\",\n"}
,{"stream_name":"stdout","time":29663.122219563,"data":"  \"candidates\": 16,\n"}
,{"stream_name":"stdout","time":29663.122224732,"data":"  \"complete\": true,\n"}
,{"stream_name":"stdout","time":29663.122229728,"data":"  \"best\": \"cand_000.py\",\n"}
,{"stream_name":"stdout","time":29663.122234938,"data":"  \"search_fitness\": 11305.039056799998,\n"}
,{"stream_name":"stdout","time":29663.122240236,"data":"  \"hours\": 8.23,\n"}
,{"stream_name":"stdout","time":29663.122244919,"data":"  \"vram_mib\": 0\n"}
,{"stream_name":"stdout","time":29663.122248301,"data":" }\n"}
,{"stream_name":"stdout","time":29663.122251476,"data":"]\n"}
,{"stream_name":"stdout","time":29663.122254564,"data":"done in 8.24 h\n"}
,{"stream_name":"stderr","time":29665.915002071,"data":"\u001b[?2026h\u001b[?25l\u001b[1G\u001b[K\u001b[?25h\u001b[?2026l\u001b[?25l\u001b[2K\u001b[1G\u001b[?25h/usr/local/lib/python3.12/dist-packages/mistune.py:435: SyntaxWarning: invalid escape sequence '\\|'\n"}
,{"stream_name":"stderr","time":29665.915065069,"data":"  cells[i][c] = re.sub('\\\\\\\\\\|', '|', cell)\n"}
,{"stream_name":"stderr","time":29666.370503435,"data":"/usr/local/lib/python3.12/dist-packages/nbconvert/filters/filter_links.py:36: SyntaxWarning: invalid escape sequence '\\_'\n"}
,{"stream_name":"stderr","time":29666.370538118,"data":"  text = re.sub(r'_', '\\_', text) # Escape underscores in display text\n"}
,{"stream_name":"stderr","time":29667.959641375,"data":"[NbConvertApp] Converting notebook __script__.ipynb to html\n"}
,{"stream_name":"stderr","time":29669.55574612,"data":"[NbConvertApp] Writing 274410 bytes to __results__.html\n"}
]